This file contains any messages produced by compilers while
running configure, to aid debugging if configure makes a mistake.

It was created by bash configure 5.3-release, which was
generated by GNU Autoconf 2.71.  Invocation command line was

  $ ./configure

## --------- ##
## Platform. ##
## --------- ##

hostname = b7112100b1bf
uname -m = x86_64
uname -r = 6.8.0-71-generic
uname -s = Linux
uname -v = #71-Ubuntu SMP PREEMPT_DYNAMIC Tue Jul 22 16:52:38 UTC 2025

/usr/bin/uname -p = x86_64
/bin/uname -X     = unknown

/bin/arch              = x86_64
/usr/bin/arch -k       = unknown
/usr/convex/getsysinfo = unknown
/usr/bin/hostinfo      = unknown
/bin/machine           = unknown
/usr/bin/oslevel       = unknown
/bin/universe          = unknown

PATH: /root/go/bin/
PATH: /root/.local/bin/
PATH: /root/.nvm/versions/node/v24.11.1/bin/
PATH: /root/.cargo/bin/
PATH: /usr/local/sbin/
PATH: /usr/local/bin/
PATH: /usr/sbin/
PATH: /usr/bin/
PATH: /sbin/
PATH: /bin/


## ----------- ##
## Core tests. ##
## ----------- ##

configure:3027: looking for aux files: config.rpath install-sh config.guess config.sub
configure:3040:  trying ././support/
configure:3069:   ././support/config.rpath found
configure:3051:   ././support/install-sh found
configure:3069:   ././support/config.guess found
configure:3069:   ././support/config.sub found
configure:3203: checking build system type
configure:3218: result: x86_64-pc-linux-gnu
configure:3238: checking host system type
configure:3252: result: x86_64-pc-linux-gnu
configure:3985: checking for gcc
configure:4006: found /usr/bin/gcc
configure:4017: result: gcc
configure:4370: checking for C compiler version
configure:4379: gcc --version >&5
gcc (Ubuntu 13.3.0-6ubuntu2~24.04) 13.3.0
Copyright (C) 2023 Free Software Foundation, Inc.
This is free software; see the source for copying conditions.  There is NO
warranty; not even for MERCHANTABILITY or FITNESS FOR A PARTICULAR PURPOSE.

configure:4390: $? = 0
configure:4379: gcc -v >&5
Using built-in specs.
COLLECT_GCC=gcc
COLLECT_LTO_WRAPPER=/usr/libexec/gcc/x86_64-linux-gnu/13/lto-wrapper
OFFLOAD_TARGET_NAMES=nvptx-none:amdgcn-amdhsa
OFFLOAD_TARGET_DEFAULT=1
Target: x86_64-linux-gnu
Configured with: ../src/configure -v --with-pkgversion='Ubuntu 13.3.0-6ubuntu2~24.04' --with-bugurl=file:///usr/share/doc/gcc-13/README.Bugs --enable-languages=c,ada,c++,go,d,fortran,objc,obj-c++,m2 --prefix=/usr --with-gcc-major-version-only --program-suffix=-13 --program-prefix=x86_64-linux-gnu- --enable-shared --enable-linker-build-id --libexecdir=/usr/libexec --without-included-gettext --enable-threads=posix --libdir=/usr/lib --enable-nls --enable-bootstrap --enable-clocale=gnu --enable-libstdcxx-debug --enable-libstdcxx-time=yes --with-default-libstdcxx-abi=new --enable-libstdcxx-backtrace --enable-gnu-unique-object --disable-vtable-verify --enable-plugin --enable-default-pie --with-system-zlib --enable-libphobos-checking=release --with-target-system-zlib=auto --enable-objc-gc=auto --enable-multiarch --disable-werror --enable-cet --with-arch-32=i686 --with-abi=m64 --with-multilib-list=m32,m64,mx32 --enable-multilib --with-tune=generic --enable-offload-targets=nvptx-none=/build/gcc-13-fG75Ri/gcc-13-13.3.0/debian/tmp-nvptx/usr,amdgcn-amdhsa=/build/gcc-13-fG75Ri/gcc-13-13.3.0/debian/tmp-gcn/usr --enable-offload-defaulted --without-cuda-driver --enable-checking=release --build=x86_64-linux-gnu --host=x86_64-linux-gnu --target=x86_64-linux-gnu --with-build-config=bootstrap-lto-lean --enable-link-serialization=2
Thread model: posix
Supported LTO compression algorithms: zlib zstd
gcc version 13.3.0 (Ubuntu 13.3.0-6ubuntu2~24.04) 
... rest of stderr output deleted ...
configure:4390: $? = 0
configure:4379: gcc -V >&5
gcc: error: unrecognized command-line option '-V'
gcc: fatal error: no input files
compilation terminated.
configure:4390: $? = 1
configure:4379: gcc -qversion >&5
gcc: error: unrecognized command-line option '-qversion'; did you mean '--version'?
gcc: fatal error: no input files
compilation terminated.
configure:4390: $? = 1
configure:4379: gcc -version >&5
gcc: error: unrecognized command-line option '-version'
gcc: fatal error: no input files
compilation terminated.
configure:4390: $? = 1
configure:4410: checking whether the C compiler works
configure:4432: gcc    conftest.c  >&5
configure:4436: $? = 0
configure:4486: result: yes
configure:4489: checking for C compiler default output file name
configure:4491: result: a.out
configure:4497: checking for suffix of executables
configure:4504: gcc -o conftest    conftest.c  >&5
configure:4508: $? = 0
configure:4531: result: 
configure:4553: checking whether we are cross compiling
configure:4561: gcc -o conftest    conftest.c  >&5
configure:4565: $? = 0
configure:4572: ./conftest
configure:4576: $? = 0
configure:4591: result: no
configure:4596: checking for suffix of object files
configure:4619: gcc -c   conftest.c >&5
configure:4623: $? = 0
configure:4645: result: o
configure:4649: checking whether the compiler supports GNU C
configure:4669: gcc -c   conftest.c >&5
configure:4669: $? = 0
configure:4679: result: yes
configure:4690: checking whether gcc accepts -g
configure:4711: gcc -c -g  conftest.c >&5
configure:4711: $? = 0
configure:4755: result: yes
configure:4775: checking for gcc option to enable C11 features
configure:4790: gcc  -c -g -O2  conftest.c >&5
configure:4790: $? = 0
configure:4808: result: none needed
configure:4933: checking for stdio.h
configure:4933: gcc -c -g -O2  conftest.c >&5
configure:4933: $? = 0
configure:4933: result: yes
configure:4933: checking for stdlib.h
configure:4933: gcc -c -g -O2  conftest.c >&5
configure:4933: $? = 0
configure:4933: result: yes
configure:4933: checking for string.h
configure:4933: gcc -c -g -O2  conftest.c >&5
configure:4933: $? = 0
configure:4933: result: yes
configure:4933: checking for inttypes.h
configure:4933: gcc -c -g -O2  conftest.c >&5
configure:4933: $? = 0
configure:4933: result: yes
configure:4933: checking for stdint.h
configure:4933: gcc -c -g -O2  conftest.c >&5
configure:4933: $? = 0
configure:4933: result: yes
configure:4933: checking for strings.h
configure:4933: gcc -c -g -O2  conftest.c >&5
configure:4933: $? = 0
configure:4933: result: yes
configure:4933: checking for sys/stat.h
configure:4933: gcc -c -g -O2  conftest.c >&5
configure:4933: $? = 0
configure:4933: result: yes
configure:4933: checking for sys/types.h
configure:4933: gcc -c -g -O2  conftest.c >&5
configure:4933: $? = 0
configure:4933: result: yes
configure:4933: checking for unistd.h
configure:4933: gcc -c -g -O2  conftest.c >&5
configure:4933: $? = 0
configure:4933: result: yes
configure:4933: checking for wchar.h
configure:4933: gcc -c -g -O2  conftest.c >&5
configure:4933: $? = 0
configure:4933: result: yes
configure:4933: checking for minix/config.h
configure:4933: gcc -c -g -O2  conftest.c >&5
conftest.c:75:10: fatal error: minix/config.h: No such file or directory
   75 | #include <minix/config.h>
      |          ^~~~~~~~~~~~~~~~
compilation terminated.
configure:4933: $? = 1
configure: failed program was:
| /* confdefs.h */
| #define PACKAGE_NAME "bash"
| #define PACKAGE_TARNAME "bash"
| #define PACKAGE_VERSION "5.3-release"
| #define PACKAGE_STRING "bash 5.3-release"
| #define PACKAGE_BUGREPORT "bug-bash@gnu.org"
| #define PACKAGE_URL ""
| #define USING_BASH_MALLOC 1
| #define ALIAS 1
| #define PUSHD_AND_POPD 1
| #define RESTRICTED_SHELL 1
| #define PROCESS_SUBSTITUTION 1
| #define PROMPT_STRING_DECODE 1
| #define SELECT_COMMAND 1
| #define HELP_BUILTIN 1
| #define ARRAY_VARS 1
| #define DPAREN_ARITHMETIC 1
| #define BRACE_EXPANSION 1
| #define COMMAND_TIMING 1
| #define EXTENDED_GLOB 1
| #define EXTGLOB_DEFAULT 0
| #define COND_COMMAND 1
| #define COND_REGEXP 1
| #define COPROCESS_SUPPORT 1
| #define ARITH_FOR_COMMAND 1
| #define NETWORK_REDIRECTIONS 1
| #define PROGRAMMABLE_COMPLETION 1
| #define DEBUGGER 1
| #define CASEMOD_ATTRS 1
| #define CASEMOD_EXPANSIONS 1
| #define GLOBASCII_DEFAULT 1
| #define FUNCTION_IMPORT 1
| #define TRANSLATABLE_STRINGS 1
| #define BASH_SOURCE_FULLPATH_DEFAULT 0
| #define MEMSCRAMBLE 1
| #define HAVE_STDIO_H 1
| #define HAVE_STDLIB_H 1
| #define HAVE_STRING_H 1
| #define HAVE_INTTYPES_H 1
| #define HAVE_STDINT_H 1
| #define HAVE_STRINGS_H 1
| #define HAVE_SYS_STAT_H 1
| #define HAVE_SYS_TYPES_H 1
| #define HAVE_UNISTD_H 1
| #define HAVE_WCHAR_H 1
| /* end confdefs.h.  */
| #include <stddef.h>
| #ifdef HAVE_STDIO_H
| # include <stdio.h>
| #endif
| #ifdef HAVE_STDLIB_H
| # include <stdlib.h>
| #endif
| #ifdef HAVE_STRING_H
| # include <string.h>
| #endif
| #ifdef HAVE_INTTYPES_H
| # include <inttypes.h>
| #endif
| #ifdef HAVE_STDINT_H
| # include <stdint.h>
| #endif
| #ifdef HAVE_STRINGS_H
| # include <strings.h>
| #endif
| #ifdef HAVE_SYS_TYPES_H
| # include <sys/types.h>
| #endif
| #ifdef HAVE_SYS_STAT_H
| # include <sys/stat.h>
| #endif
| #ifdef HAVE_UNISTD_H
| # include <unistd.h>
| #endif
| #include <minix/config.h>
configure:4933: result: no
configure:4933: checking for stdbool.h
configure:4933: gcc -c -g -O2  conftest.c >&5
configure:4933: $? = 0
configure:4933: result: yes
configure:4933: checking for sys/param.h
configure:4933: gcc -c -g -O2  conftest.c >&5
configure:4933: $? = 0
configure:4933: result: yes
configure:4933: checking for threads.h
configure:4933: gcc -c -g -O2  conftest.c >&5
configure:4933: $? = 0
configure:4933: result: yes
configure:4933: checking for xlocale.h
configure:4933: gcc -c -g -O2  conftest.c >&5
conftest.c:78:10: fatal error: xlocale.h: No such file or directory
   78 | #include <xlocale.h>
      |          ^~~~~~~~~~~
compilation terminated.
configure:4933: $? = 1
configure: failed program was:
| /* confdefs.h */
| #define PACKAGE_NAME "bash"
| #define PACKAGE_TARNAME "bash"
| #define PACKAGE_VERSION "5.3-release"
| #define PACKAGE_STRING "bash 5.3-release"
| #define PACKAGE_BUGREPORT "bug-bash@gnu.org"
| #define PACKAGE_URL ""
| #define USING_BASH_MALLOC 1
| #define ALIAS 1
| #define PUSHD_AND_POPD 1
| #define RESTRICTED_SHELL 1
| #define PROCESS_SUBSTITUTION 1
| #define PROMPT_STRING_DECODE 1
| #define SELECT_COMMAND 1
| #define HELP_BUILTIN 1
| #define ARRAY_VARS 1
| #define DPAREN_ARITHMETIC 1
| #define BRACE_EXPANSION 1
| #define COMMAND_TIMING 1
| #define EXTENDED_GLOB 1
| #define EXTGLOB_DEFAULT 0
| #define COND_COMMAND 1
| #define COND_REGEXP 1
| #define COPROCESS_SUPPORT 1
| #define ARITH_FOR_COMMAND 1
| #define NETWORK_REDIRECTIONS 1
| #define PROGRAMMABLE_COMPLETION 1
| #define DEBUGGER 1
| #define CASEMOD_ATTRS 1
| #define CASEMOD_EXPANSIONS 1
| #define GLOBASCII_DEFAULT 1
| #define FUNCTION_IMPORT 1
| #define TRANSLATABLE_STRINGS 1
| #define BASH_SOURCE_FULLPATH_DEFAULT 0
| #define MEMSCRAMBLE 1
| #define HAVE_STDIO_H 1
| #define HAVE_STDLIB_H 1
| #define HAVE_STRING_H 1
| #define HAVE_INTTYPES_H 1
| #define HAVE_STDINT_H 1
| #define HAVE_STRINGS_H 1
| #define HAVE_SYS_STAT_H 1
| #define HAVE_SYS_TYPES_H 1
| #define HAVE_UNISTD_H 1
| #define HAVE_WCHAR_H 1
| #define HAVE_STDBOOL_H 1
| #define HAVE_SYS_PARAM_H 1
| #define HAVE_THREADS_H 1
| /* end confdefs.h.  */
| #include <stddef.h>
| #ifdef HAVE_STDIO_H
| # include <stdio.h>
| #endif
| #ifdef HAVE_STDLIB_H
| # include <stdlib.h>
| #endif
| #ifdef HAVE_STRING_H
| # include <string.h>
| #endif
| #ifdef HAVE_INTTYPES_H
| # include <inttypes.h>
| #endif
| #ifdef HAVE_STDINT_H
| # include <stdint.h>
| #endif
| #ifdef HAVE_STRINGS_H
| # include <strings.h>
| #endif
| #ifdef HAVE_SYS_TYPES_H
| # include <sys/types.h>
| #endif
| #ifdef HAVE_SYS_STAT_H
| # include <sys/stat.h>
| #endif
| #ifdef HAVE_UNISTD_H
| # include <unistd.h>
| #endif
| #include <xlocale.h>
configure:4933: result: no
configure:4933: checking for sys/time.h
configure:4933: gcc -c -g -O2  conftest.c >&5
configure:4933: $? = 0
configure:4933: result: yes
configure:4964: checking whether it is safe to define __EXTENSIONS__
configure:4983: gcc -c -g -O2  conftest.c >&5
configure:4983: $? = 0
configure:4991: result: yes
configure:4994: checking whether _XOPEN_SOURCE should be defined
configure:5016: gcc -c -g -O2  conftest.c >&5
configure:5016: $? = 0
configure:5043: result: no
configure:5107: checking for special C compiler options needed for large files
configure:5155: result: no
configure:5161: checking for _FILE_OFFSET_BITS value needed for large files
configure:5187: gcc -c -g -O2  conftest.c >&5
configure:5187: $? = 0
configure:5221: result: no
configure:5943: checking for a BSD-compatible install
configure:6016: result: /usr/bin/install -c
configure:6075: checking for ar
configure:6096: found /usr/bin/ar
configure:6107: result: ar
configure:6178: checking for ranlib
configure:6199: found /usr/bin/ranlib
configure:6210: result: ranlib
configure:6236: checking for bison
configure:6271: result: no
configure:6236: checking for byacc
configure:6271: result: no
configure:6280: checking whether make sets $(MAKE)
configure:6303: result: yes
configure:6379: checking for strip
configure:6400: found /usr/bin/strip
configure:6411: result: strip
configure:6439: WARNING: bison not available; needed to process parse.y
configure:6959: checking for an ANSI C-conforming const
configure:7026: gcc -c -g -O2  conftest.c >&5
configure:7026: $? = 0
configure:7034: result: yes
configure:7042: checking for inline
configure:7059: gcc -c -g -O2  conftest.c >&5
configure:7059: $? = 0
configure:7068: result: inline
configure:7086: checking whether byte ordering is bigendian
configure:7102: gcc -c -g -O2  conftest.c >&5
conftest.c:72:16: error: unknown type name 'not'
   72 |                not a universal capable compiler
      |                ^~~
conftest.c:72:22: error: expected '=', ',', ';', 'asm' or '__attribute__' before 'universal'
   72 |                not a universal capable compiler
      |                      ^~~~~~~~~
conftest.c:72:22: error: unknown type name 'universal'
configure:7102: $? = 1
configure: failed program was:
| /* confdefs.h */
| #define PACKAGE_NAME "bash"
| #define PACKAGE_TARNAME "bash"
| #define PACKAGE_VERSION "5.3-release"
| #define PACKAGE_STRING "bash 5.3-release"
| #define PACKAGE_BUGREPORT "bug-bash@gnu.org"
| #define PACKAGE_URL ""
| #define USING_BASH_MALLOC 1
| #define ALIAS 1
| #define PUSHD_AND_POPD 1
| #define RESTRICTED_SHELL 1
| #define PROCESS_SUBSTITUTION 1
| #define PROMPT_STRING_DECODE 1
| #define SELECT_COMMAND 1
| #define HELP_BUILTIN 1
| #define ARRAY_VARS 1
| #define DPAREN_ARITHMETIC 1
| #define BRACE_EXPANSION 1
| #define COMMAND_TIMING 1
| #define EXTENDED_GLOB 1
| #define EXTGLOB_DEFAULT 0
| #define COND_COMMAND 1
| #define COND_REGEXP 1
| #define COPROCESS_SUPPORT 1
| #define ARITH_FOR_COMMAND 1
| #define NETWORK_REDIRECTIONS 1
| #define PROGRAMMABLE_COMPLETION 1
| #define DEBUGGER 1
| #define CASEMOD_ATTRS 1
| #define CASEMOD_EXPANSIONS 1
| #define GLOBASCII_DEFAULT 1
| #define FUNCTION_IMPORT 1
| #define TRANSLATABLE_STRINGS 1
| #define BASH_SOURCE_FULLPATH_DEFAULT 0
| #define MEMSCRAMBLE 1
| #define HAVE_STDIO_H 1
| #define HAVE_STDLIB_H 1
| #define HAVE_STRING_H 1
| #define HAVE_INTTYPES_H 1
| #define HAVE_STDINT_H 1
| #define HAVE_STRINGS_H 1
| #define HAVE_SYS_STAT_H 1
| #define HAVE_SYS_TYPES_H 1
| #define HAVE_UNISTD_H 1
| #define HAVE_WCHAR_H 1
| #define HAVE_STDBOOL_H 1
| #define HAVE_SYS_PARAM_H 1
| #define HAVE_THREADS_H 1
| #define HAVE_SYS_TIME_H 1
| #define STDC_HEADERS 1
| #define _ALL_SOURCE 1
| #define _DARWIN_C_SOURCE 1
| #define _GNU_SOURCE 1
| #define _HPUX_ALT_XOPEN_SOCKET_API 1
| #define _NETBSD_SOURCE 1
| #define _OPENBSD_SOURCE 1
| #define _POSIX_PTHREAD_SEMANTICS 1
| #define __STDC_WANT_IEC_60559_ATTRIBS_EXT__ 1
| #define __STDC_WANT_IEC_60559_BFP_EXT__ 1
| #define __STDC_WANT_IEC_60559_DFP_EXT__ 1
| #define __STDC_WANT_IEC_60559_FUNCS_EXT__ 1
| #define __STDC_WANT_IEC_60559_TYPES_EXT__ 1
| #define __STDC_WANT_LIB_EXT2__ 1
| #define __STDC_WANT_MATH_SPEC_FUNCS__ 1
| #define _TANDEM_SOURCE 1
| #define __EXTENSIONS__ 1
| #define READLINE 1
| #define HISTORY 1
| #define BANG_HISTORY 1
| /* end confdefs.h.  */
| #ifndef __APPLE_CC__
| 	       not a universal capable compiler
| 	     #endif
| 	     typedef int dummy;
| 
configure:7148: gcc -c -g -O2  conftest.c >&5
configure:7148: $? = 0
configure:7167: gcc -c -g -O2  conftest.c >&5
conftest.c: In function 'main':
conftest.c:78:18: error: unknown type name 'not'; did you mean 'ino_t'?
   78 |                  not big endian
      |                  ^~~
      |                  ino_t
conftest.c:78:26: error: expected '=', ',', ';', 'asm' or '__attribute__' before 'endian'
   78 |                  not big endian
      |                          ^~~~~~
configure:7167: $? = 1
configure: failed program was:
| /* confdefs.h */
| #define PACKAGE_NAME "bash"
| #define PACKAGE_TARNAME "bash"
| #define PACKAGE_VERSION "5.3-release"
| #define PACKAGE_STRING "bash 5.3-release"
| #define PACKAGE_BUGREPORT "bug-bash@gnu.org"
| #define PACKAGE_URL ""
| #define USING_BASH_MALLOC 1
| #define ALIAS 1
| #define PUSHD_AND_POPD 1
| #define RESTRICTED_SHELL 1
| #define PROCESS_SUBSTITUTION 1
| #define PROMPT_STRING_DECODE 1
| #define SELECT_COMMAND 1
| #define HELP_BUILTIN 1
| #define ARRAY_VARS 1
| #define DPAREN_ARITHMETIC 1
| #define BRACE_EXPANSION 1
| #define COMMAND_TIMING 1
| #define EXTENDED_GLOB 1
| #define EXTGLOB_DEFAULT 0
| #define COND_COMMAND 1
| #define COND_REGEXP 1
| #define COPROCESS_SUPPORT 1
| #define ARITH_FOR_COMMAND 1
| #define NETWORK_REDIRECTIONS 1
| #define PROGRAMMABLE_COMPLETION 1
| #define DEBUGGER 1
| #define CASEMOD_ATTRS 1
| #define CASEMOD_EXPANSIONS 1
| #define GLOBASCII_DEFAULT 1
| #define FUNCTION_IMPORT 1
| #define TRANSLATABLE_STRINGS 1
| #define BASH_SOURCE_FULLPATH_DEFAULT 0
| #define MEMSCRAMBLE 1
| #define HAVE_STDIO_H 1
| #define HAVE_STDLIB_H 1
| #define HAVE_STRING_H 1
| #define HAVE_INTTYPES_H 1
| #define HAVE_STDINT_H 1
| #define HAVE_STRINGS_H 1
| #define HAVE_SYS_STAT_H 1
| #define HAVE_SYS_TYPES_H 1
| #define HAVE_UNISTD_H 1
| #define HAVE_WCHAR_H 1
| #define HAVE_STDBOOL_H 1
| #define HAVE_SYS_PARAM_H 1
| #define HAVE_THREADS_H 1
| #define HAVE_SYS_TIME_H 1
| #define STDC_HEADERS 1
| #define _ALL_SOURCE 1
| #define _DARWIN_C_SOURCE 1
| #define _GNU_SOURCE 1
| #define _HPUX_ALT_XOPEN_SOCKET_API 1
| #define _NETBSD_SOURCE 1
| #define _OPENBSD_SOURCE 1
| #define _POSIX_PTHREAD_SEMANTICS 1
| #define __STDC_WANT_IEC_60559_ATTRIBS_EXT__ 1
| #define __STDC_WANT_IEC_60559_BFP_EXT__ 1
| #define __STDC_WANT_IEC_60559_DFP_EXT__ 1
| #define __STDC_WANT_IEC_60559_FUNCS_EXT__ 1
| #define __STDC_WANT_IEC_60559_TYPES_EXT__ 1
| #define __STDC_WANT_LIB_EXT2__ 1
| #define __STDC_WANT_MATH_SPEC_FUNCS__ 1
| #define _TANDEM_SOURCE 1
| #define __EXTENSIONS__ 1
| #define READLINE 1
| #define HISTORY 1
| #define BANG_HISTORY 1
| /* end confdefs.h.  */
| #include <sys/types.h>
| 		#include <sys/param.h>
| 
| int
| main (void)
| {
| #if BYTE_ORDER != BIG_ENDIAN
| 		 not big endian
| 		#endif
| 
|   ;
|   return 0;
| }
configure:7301: result: no
configure:7324: checking how to run the C preprocessor
configure:7350: gcc -E  conftest.c
configure:7350: $? = 0
configure:7365: gcc -E  conftest.c
conftest.c:71:10: fatal error: ac_nonexistent.h: No such file or directory
   71 | #include <ac_nonexistent.h>
      |          ^~~~~~~~~~~~~~~~~~
compilation terminated.
configure:7365: $? = 1
configure: failed program was:
| /* confdefs.h */
| #define PACKAGE_NAME "bash"
| #define PACKAGE_TARNAME "bash"
| #define PACKAGE_VERSION "5.3-release"
| #define PACKAGE_STRING "bash 5.3-release"
| #define PACKAGE_BUGREPORT "bug-bash@gnu.org"
| #define PACKAGE_URL ""
| #define USING_BASH_MALLOC 1
| #define ALIAS 1
| #define PUSHD_AND_POPD 1
| #define RESTRICTED_SHELL 1
| #define PROCESS_SUBSTITUTION 1
| #define PROMPT_STRING_DECODE 1
| #define SELECT_COMMAND 1
| #define HELP_BUILTIN 1
| #define ARRAY_VARS 1
| #define DPAREN_ARITHMETIC 1
| #define BRACE_EXPANSION 1
| #define COMMAND_TIMING 1
| #define EXTENDED_GLOB 1
| #define EXTGLOB_DEFAULT 0
| #define COND_COMMAND 1
| #define COND_REGEXP 1
| #define COPROCESS_SUPPORT 1
| #define ARITH_FOR_COMMAND 1
| #define NETWORK_REDIRECTIONS 1
| #define PROGRAMMABLE_COMPLETION 1
| #define DEBUGGER 1
| #define CASEMOD_ATTRS 1
| #define CASEMOD_EXPANSIONS 1
| #define GLOBASCII_DEFAULT 1
| #define FUNCTION_IMPORT 1
| #define TRANSLATABLE_STRINGS 1
| #define BASH_SOURCE_FULLPATH_DEFAULT 0
| #define MEMSCRAMBLE 1
| #define HAVE_STDIO_H 1
| #define HAVE_STDLIB_H 1
| #define HAVE_STRING_H 1
| #define HAVE_INTTYPES_H 1
| #define HAVE_STDINT_H 1
| #define HAVE_STRINGS_H 1
| #define HAVE_SYS_STAT_H 1
| #define HAVE_SYS_TYPES_H 1
| #define HAVE_UNISTD_H 1
| #define HAVE_WCHAR_H 1
| #define HAVE_STDBOOL_H 1
| #define HAVE_SYS_PARAM_H 1
| #define HAVE_THREADS_H 1
| #define HAVE_SYS_TIME_H 1
| #define STDC_HEADERS 1
| #define _ALL_SOURCE 1
| #define _DARWIN_C_SOURCE 1
| #define _GNU_SOURCE 1
| #define _HPUX_ALT_XOPEN_SOCKET_API 1
| #define _NETBSD_SOURCE 1
| #define _OPENBSD_SOURCE 1
| #define _POSIX_PTHREAD_SEMANTICS 1
| #define __STDC_WANT_IEC_60559_ATTRIBS_EXT__ 1
| #define __STDC_WANT_IEC_60559_BFP_EXT__ 1
| #define __STDC_WANT_IEC_60559_DFP_EXT__ 1
| #define __STDC_WANT_IEC_60559_FUNCS_EXT__ 1
| #define __STDC_WANT_IEC_60559_TYPES_EXT__ 1
| #define __STDC_WANT_LIB_EXT2__ 1
| #define __STDC_WANT_MATH_SPEC_FUNCS__ 1
| #define _TANDEM_SOURCE 1
| #define __EXTENSIONS__ 1
| #define READLINE 1
| #define HISTORY 1
| #define BANG_HISTORY 1
| /* end confdefs.h.  */
| #include <ac_nonexistent.h>
configure:7392: result: gcc -E
configure:7406: gcc -E  conftest.c
configure:7406: $? = 0
configure:7421: gcc -E  conftest.c
conftest.c:71:10: fatal error: ac_nonexistent.h: No such file or directory
   71 | #include <ac_nonexistent.h>
      |          ^~~~~~~~~~~~~~~~~~
compilation terminated.
configure:7421: $? = 1
configure: failed program was:
| /* confdefs.h */
| #define PACKAGE_NAME "bash"
| #define PACKAGE_TARNAME "bash"
| #define PACKAGE_VERSION "5.3-release"
| #define PACKAGE_STRING "bash 5.3-release"
| #define PACKAGE_BUGREPORT "bug-bash@gnu.org"
| #define PACKAGE_URL ""
| #define USING_BASH_MALLOC 1
| #define ALIAS 1
| #define PUSHD_AND_POPD 1
| #define RESTRICTED_SHELL 1
| #define PROCESS_SUBSTITUTION 1
| #define PROMPT_STRING_DECODE 1
| #define SELECT_COMMAND 1
| #define HELP_BUILTIN 1
| #define ARRAY_VARS 1
| #define DPAREN_ARITHMETIC 1
| #define BRACE_EXPANSION 1
| #define COMMAND_TIMING 1
| #define EXTENDED_GLOB 1
| #define EXTGLOB_DEFAULT 0
| #define COND_COMMAND 1
| #define COND_REGEXP 1
| #define COPROCESS_SUPPORT 1
| #define ARITH_FOR_COMMAND 1
| #define NETWORK_REDIRECTIONS 1
| #define PROGRAMMABLE_COMPLETION 1
| #define DEBUGGER 1
| #define CASEMOD_ATTRS 1
| #define CASEMOD_EXPANSIONS 1
| #define GLOBASCII_DEFAULT 1
| #define FUNCTION_IMPORT 1
| #define TRANSLATABLE_STRINGS 1
| #define BASH_SOURCE_FULLPATH_DEFAULT 0
| #define MEMSCRAMBLE 1
| #define HAVE_STDIO_H 1
| #define HAVE_STDLIB_H 1
| #define HAVE_STRING_H 1
| #define HAVE_INTTYPES_H 1
| #define HAVE_STDINT_H 1
| #define HAVE_STRINGS_H 1
| #define HAVE_SYS_STAT_H 1
| #define HAVE_SYS_TYPES_H 1
| #define HAVE_UNISTD_H 1
| #define HAVE_WCHAR_H 1
| #define HAVE_STDBOOL_H 1
| #define HAVE_SYS_PARAM_H 1
| #define HAVE_THREADS_H 1
| #define HAVE_SYS_TIME_H 1
| #define STDC_HEADERS 1
| #define _ALL_SOURCE 1
| #define _DARWIN_C_SOURCE 1
| #define _GNU_SOURCE 1
| #define _HPUX_ALT_XOPEN_SOCKET_API 1
| #define _NETBSD_SOURCE 1
| #define _OPENBSD_SOURCE 1
| #define _POSIX_PTHREAD_SEMANTICS 1
| #define __STDC_WANT_IEC_60559_ATTRIBS_EXT__ 1
| #define __STDC_WANT_IEC_60559_BFP_EXT__ 1
| #define __STDC_WANT_IEC_60559_DFP_EXT__ 1
| #define __STDC_WANT_IEC_60559_FUNCS_EXT__ 1
| #define __STDC_WANT_IEC_60559_TYPES_EXT__ 1
| #define __STDC_WANT_LIB_EXT2__ 1
| #define __STDC_WANT_MATH_SPEC_FUNCS__ 1
| #define _TANDEM_SOURCE 1
| #define __EXTENSIONS__ 1
| #define READLINE 1
| #define HISTORY 1
| #define BANG_HISTORY 1
| /* end confdefs.h.  */
| #include <ac_nonexistent.h>
configure:7452: checking for grep that handles long lines and -e
configure:7516: result: /usr/bin/grep
configure:7521: checking for egrep
configure:7589: result: /usr/bin/grep -E
configure:7594: checking for preprocessor stringizing operator
configure:7616: result: yes
configure:7625: checking for long double
configure:7660: result: yes
configure:7668: checking whether char is unsigned
configure:7688: gcc -c -g -O2  conftest.c >&5
configure:7688: $? = 0
configure:7696: result: no
configure:7703: checking for working volatile
configure:7723: gcc -c -g -O2  conftest.c >&5
configure:7723: $? = 0
configure:7731: result: yes
configure:7739: checking for C/C++ restrict keyword
configure:7769: gcc -c -g -O2  conftest.c >&5
configure:7769: $? = 0
configure:7778: result: __restrict__
configure:7792: checking for bool, true, false
configure:7807: gcc -c -g -O2  conftest.c >&5
conftest.c:76:13: error: #error "true == false"
   76 |            #error "true == false"
      |             ^~~~~
conftest.c:78:18: error: unknown type name 'bool'
   78 |           extern bool b;
      |                  ^~~~
conftest.c:79:11: error: unknown type name 'bool'
   79 |           bool b = true == false;
      |           ^~~~
conftest.c:1:1: note: 'bool' is defined in header '<stdbool.h>'; did you forget to '#include <stdbool.h>'?
    1 | /* confdefs.h */
conftest.c:79:20: error: 'true' undeclared here (not in a function)
   79 |           bool b = true == false;
      |                    ^~~~
conftest.c:79:20: note: 'true' is defined in header '<stdbool.h>'; did you forget to '#include <stdbool.h>'?
conftest.c:79:28: error: 'false' undeclared here (not in a function)
   79 |           bool b = true == false;
      |                            ^~~~~
conftest.c:79:28: note: 'false' is defined in header '<stdbool.h>'; did you forget to '#include <stdbool.h>'?
configure:7807: $? = 1
configure: failed program was:
| /* confdefs.h */
| #define PACKAGE_NAME "bash"
| #define PACKAGE_TARNAME "bash"
| #define PACKAGE_VERSION "5.3-release"
| #define PACKAGE_STRING "bash 5.3-release"
| #define PACKAGE_BUGREPORT "bug-bash@gnu.org"
| #define PACKAGE_URL ""
| #define USING_BASH_MALLOC 1
| #define ALIAS 1
| #define PUSHD_AND_POPD 1
| #define RESTRICTED_SHELL 1
| #define PROCESS_SUBSTITUTION 1
| #define PROMPT_STRING_DECODE 1
| #define SELECT_COMMAND 1
| #define HELP_BUILTIN 1
| #define ARRAY_VARS 1
| #define DPAREN_ARITHMETIC 1
| #define BRACE_EXPANSION 1
| #define COMMAND_TIMING 1
| #define EXTENDED_GLOB 1
| #define EXTGLOB_DEFAULT 0
| #define COND_COMMAND 1
| #define COND_REGEXP 1
| #define COPROCESS_SUPPORT 1
| #define ARITH_FOR_COMMAND 1
| #define NETWORK_REDIRECTIONS 1
| #define PROGRAMMABLE_COMPLETION 1
| #define DEBUGGER 1
| #define CASEMOD_ATTRS 1
| #define CASEMOD_EXPANSIONS 1
| #define GLOBASCII_DEFAULT 1
| #define FUNCTION_IMPORT 1
| #define TRANSLATABLE_STRINGS 1
| #define BASH_SOURCE_FULLPATH_DEFAULT 0
| #define MEMSCRAMBLE 1
| #define HAVE_STDIO_H 1
| #define HAVE_STDLIB_H 1
| #define HAVE_STRING_H 1
| #define HAVE_INTTYPES_H 1
| #define HAVE_STDINT_H 1
| #define HAVE_STRINGS_H 1
| #define HAVE_SYS_STAT_H 1
| #define HAVE_SYS_TYPES_H 1
| #define HAVE_UNISTD_H 1
| #define HAVE_WCHAR_H 1
| #define HAVE_STDBOOL_H 1
| #define HAVE_SYS_PARAM_H 1
| #define HAVE_THREADS_H 1
| #define HAVE_SYS_TIME_H 1
| #define STDC_HEADERS 1
| #define _ALL_SOURCE 1
| #define _DARWIN_C_SOURCE 1
| #define _GNU_SOURCE 1
| #define _HPUX_ALT_XOPEN_SOCKET_API 1
| #define _NETBSD_SOURCE 1
| #define _OPENBSD_SOURCE 1
| #define _POSIX_PTHREAD_SEMANTICS 1
| #define __STDC_WANT_IEC_60559_ATTRIBS_EXT__ 1
| #define __STDC_WANT_IEC_60559_BFP_EXT__ 1
| #define __STDC_WANT_IEC_60559_DFP_EXT__ 1
| #define __STDC_WANT_IEC_60559_FUNCS_EXT__ 1
| #define __STDC_WANT_IEC_60559_TYPES_EXT__ 1
| #define __STDC_WANT_LIB_EXT2__ 1
| #define __STDC_WANT_MATH_SPEC_FUNCS__ 1
| #define _TANDEM_SOURCE 1
| #define __EXTENSIONS__ 1
| #define READLINE 1
| #define HISTORY 1
| #define BANG_HISTORY 1
| #define HAVE_STRINGIZE 1
| #define HAVE_LONG_DOUBLE 1
| #define restrict __restrict__
| /* end confdefs.h.  */
| 
|           #if true == false
|            #error "true == false"
|           #endif
|           extern bool b;
|           bool b = true == false;
configure:7815: result: no
configure:7828: checking for a race-free mkdir -p
configure:7872: result: /usr/bin/mkdir -p
configure:7875: checking for a sed that does not truncate output
configure:7945: result: /usr/bin/sed
configure:7951: checking whether NLS is requested
configure:7961: result: yes
configure:8001: checking for msgfmt
configure: trying /usr/bin/msgfmt...
0 translated messages.
configure:8034: result: /usr/bin/msgfmt
configure:8043: checking for gmsgfmt
configure:8079: result: /usr/bin/msgfmt
configure:8124: checking for xgettext
configure: trying /usr/bin/xgettext...
/usr/bin/xgettext: warning: file '/dev/null' extension '' is unknown; will try C
configure:8157: result: /usr/bin/xgettext
configure:8202: checking for msgmerge
configure: trying /usr/bin/msgmerge...
configure:8234: result: /usr/bin/msgmerge
configure:8260: checking whether we are using the GNU C Library 2 or newer
configure:8289: result: yes
configure:8300: checking whether the -Werror option is usable
configure:8319: gcc -c -g -O2 -Werror  conftest.c >&5
configure:8319: $? = 0
configure:8329: result: yes
configure:8331: checking for simple visibility declarations
configure:8358: gcc -c -g -O2 -fvisibility=hidden -Werror  conftest.c >&5
configure:8358: $? = 0
configure:8368: result: yes
configure:8381: checking for size_t
configure:8381: gcc -c -g -O2  conftest.c >&5
configure:8381: $? = 0
configure:8381: gcc -c -g -O2  conftest.c >&5
conftest.c: In function 'main':
conftest.c:106:21: error: expected expression before ')' token
  106 | if (sizeof ((size_t)))
      |                     ^
configure:8381: $? = 1
configure: failed program was:
| /* confdefs.h */
| #define PACKAGE_NAME "bash"
| #define PACKAGE_TARNAME "bash"
| #define PACKAGE_VERSION "5.3-release"
| #define PACKAGE_STRING "bash 5.3-release"
| #define PACKAGE_BUGREPORT "bug-bash@gnu.org"
| #define PACKAGE_URL ""
| #define USING_BASH_MALLOC 1
| #define ALIAS 1
| #define PUSHD_AND_POPD 1
| #define RESTRICTED_SHELL 1
| #define PROCESS_SUBSTITUTION 1
| #define PROMPT_STRING_DECODE 1
| #define SELECT_COMMAND 1
| #define HELP_BUILTIN 1
| #define ARRAY_VARS 1
| #define DPAREN_ARITHMETIC 1
| #define BRACE_EXPANSION 1
| #define COMMAND_TIMING 1
| #define EXTENDED_GLOB 1
| #define EXTGLOB_DEFAULT 0
| #define COND_COMMAND 1
| #define COND_REGEXP 1
| #define COPROCESS_SUPPORT 1
| #define ARITH_FOR_COMMAND 1
| #define NETWORK_REDIRECTIONS 1
| #define PROGRAMMABLE_COMPLETION 1
| #define DEBUGGER 1
| #define CASEMOD_ATTRS 1
| #define CASEMOD_EXPANSIONS 1
| #define GLOBASCII_DEFAULT 1
| #define FUNCTION_IMPORT 1
| #define TRANSLATABLE_STRINGS 1
| #define BASH_SOURCE_FULLPATH_DEFAULT 0
| #define MEMSCRAMBLE 1
| #define HAVE_STDIO_H 1
| #define HAVE_STDLIB_H 1
| #define HAVE_STRING_H 1
| #define HAVE_INTTYPES_H 1
| #define HAVE_STDINT_H 1
| #define HAVE_STRINGS_H 1
| #define HAVE_SYS_STAT_H 1
| #define HAVE_SYS_TYPES_H 1
| #define HAVE_UNISTD_H 1
| #define HAVE_WCHAR_H 1
| #define HAVE_STDBOOL_H 1
| #define HAVE_SYS_PARAM_H 1
| #define HAVE_THREADS_H 1
| #define HAVE_SYS_TIME_H 1
| #define STDC_HEADERS 1
| #define _ALL_SOURCE 1
| #define _DARWIN_C_SOURCE 1
| #define _GNU_SOURCE 1
| #define _HPUX_ALT_XOPEN_SOCKET_API 1
| #define _NETBSD_SOURCE 1
| #define _OPENBSD_SOURCE 1
| #define _POSIX_PTHREAD_SEMANTICS 1
| #define __STDC_WANT_IEC_60559_ATTRIBS_EXT__ 1
| #define __STDC_WANT_IEC_60559_BFP_EXT__ 1
| #define __STDC_WANT_IEC_60559_DFP_EXT__ 1
| #define __STDC_WANT_IEC_60559_FUNCS_EXT__ 1
| #define __STDC_WANT_IEC_60559_TYPES_EXT__ 1
| #define __STDC_WANT_LIB_EXT2__ 1
| #define __STDC_WANT_MATH_SPEC_FUNCS__ 1
| #define _TANDEM_SOURCE 1
| #define __EXTENSIONS__ 1
| #define READLINE 1
| #define HISTORY 1
| #define BANG_HISTORY 1
| #define HAVE_STRINGIZE 1
| #define HAVE_LONG_DOUBLE 1
| #define restrict __restrict__
| #define HAVE_VISIBILITY 1
| /* end confdefs.h.  */
| #include <stddef.h>
| #ifdef HAVE_STDIO_H
| # include <stdio.h>
| #endif
| #ifdef HAVE_STDLIB_H
| # include <stdlib.h>
| #endif
| #ifdef HAVE_STRING_H
| # include <string.h>
| #endif
| #ifdef HAVE_INTTYPES_H
| # include <inttypes.h>
| #endif
| #ifdef HAVE_STDINT_H
| # include <stdint.h>
| #endif
| #ifdef HAVE_STRINGS_H
| # include <strings.h>
| #endif
| #ifdef HAVE_SYS_TYPES_H
| # include <sys/types.h>
| #endif
| #ifdef HAVE_SYS_STAT_H
| # include <sys/stat.h>
| #endif
| #ifdef HAVE_UNISTD_H
| # include <unistd.h>
| #endif
| int
| main (void)
| {
| if (sizeof ((size_t)))
| 	    return 0;
|   ;
|   return 0;
| }
configure:8381: result: yes
configure:8392: checking for stdint.h
configure:8410: gcc -c -g -O2  conftest.c >&5
configure:8410: $? = 0
configure:8418: result: yes
configure:8428: checking for working alloca.h
configure:8446: gcc -o conftest -g -O2   conftest.c  >&5
configure:8446: $? = 0
configure:8455: result: yes
configure:8463: checking for alloca
configure:8508: result: yes
configure:8580: checking for getpagesize
configure:8580: gcc -o conftest -g -O2   conftest.c  >&5
configure:8580: $? = 0
configure:8580: result: yes
configure:8580: checking for symlink
configure:8580: gcc -o conftest -g -O2   conftest.c  >&5
configure:8580: $? = 0
configure:8580: result: yes
configure:8580: checking for uselocale
configure:8580: gcc -o conftest -g -O2   conftest.c  >&5
configure:8580: $? = 0
configure:8580: result: yes
configure:8580: checking for vprintf
configure:8580: gcc -o conftest -g -O2   conftest.c  >&5
conftest.c:97:6: warning: conflicting types for built-in function 'vprintf'; expected 'int(const char *, __va_list_tag *)' [-Wbuiltin-declaration-mismatch]
   97 | char vprintf ();
      |      ^~~~~~~
conftest.c:89:1: note: 'vprintf' is declared in header '<stdio.h>'
   88 | #include <limits.h>
   89 | #undef vprintf
configure:8580: $? = 0
configure:8580: result: yes
configure:8580: checking for alarm
configure:8580: gcc -o conftest -g -O2   conftest.c  >&5
configure:8580: $? = 0
configure:8580: result: yes
configure:8580: checking for fpurge
configure:8580: gcc -o conftest -g -O2   conftest.c  >&5
/usr/bin/ld: /tmp/cc9N2F6Z.o: in function `main':
/root/boiler/example_repos/bash/before/conftest.c:110:(.text.startup+0xb): undefined reference to `fpurge'
collect2: error: ld returned 1 exit status
configure:8580: $? = 1
configure: failed program was:
| /* confdefs.h */
| #define PACKAGE_NAME "bash"
| #define PACKAGE_TARNAME "bash"
| #define PACKAGE_VERSION "5.3-release"
| #define PACKAGE_STRING "bash 5.3-release"
| #define PACKAGE_BUGREPORT "bug-bash@gnu.org"
| #define PACKAGE_URL ""
| #define USING_BASH_MALLOC 1
| #define ALIAS 1
| #define PUSHD_AND_POPD 1
| #define RESTRICTED_SHELL 1
| #define PROCESS_SUBSTITUTION 1
| #define PROMPT_STRING_DECODE 1
| #define SELECT_COMMAND 1
| #define HELP_BUILTIN 1
| #define ARRAY_VARS 1
| #define DPAREN_ARITHMETIC 1
| #define BRACE_EXPANSION 1
| #define COMMAND_TIMING 1
| #define EXTENDED_GLOB 1
| #define EXTGLOB_DEFAULT 0
| #define COND_COMMAND 1
| #define COND_REGEXP 1
| #define COPROCESS_SUPPORT 1
| #define ARITH_FOR_COMMAND 1
| #define NETWORK_REDIRECTIONS 1
| #define PROGRAMMABLE_COMPLETION 1
| #define DEBUGGER 1
| #define CASEMOD_ATTRS 1
| #define CASEMOD_EXPANSIONS 1
| #define GLOBASCII_DEFAULT 1
| #define FUNCTION_IMPORT 1
| #define TRANSLATABLE_STRINGS 1
| #define BASH_SOURCE_FULLPATH_DEFAULT 0
| #define MEMSCRAMBLE 1
| #define HAVE_STDIO_H 1
| #define HAVE_STDLIB_H 1
| #define HAVE_STRING_H 1
| #define HAVE_INTTYPES_H 1
| #define HAVE_STDINT_H 1
| #define HAVE_STRINGS_H 1
| #define HAVE_SYS_STAT_H 1
| #define HAVE_SYS_TYPES_H 1
| #define HAVE_UNISTD_H 1
| #define HAVE_WCHAR_H 1
| #define HAVE_STDBOOL_H 1
| #define HAVE_SYS_PARAM_H 1
| #define HAVE_THREADS_H 1
| #define HAVE_SYS_TIME_H 1
| #define STDC_HEADERS 1
| #define _ALL_SOURCE 1
| #define _DARWIN_C_SOURCE 1
| #define _GNU_SOURCE 1
| #define _HPUX_ALT_XOPEN_SOCKET_API 1
| #define _NETBSD_SOURCE 1
| #define _OPENBSD_SOURCE 1
| #define _POSIX_PTHREAD_SEMANTICS 1
| #define __STDC_WANT_IEC_60559_ATTRIBS_EXT__ 1
| #define __STDC_WANT_IEC_60559_BFP_EXT__ 1
| #define __STDC_WANT_IEC_60559_DFP_EXT__ 1
| #define __STDC_WANT_IEC_60559_FUNCS_EXT__ 1
| #define __STDC_WANT_IEC_60559_TYPES_EXT__ 1
| #define __STDC_WANT_LIB_EXT2__ 1
| #define __STDC_WANT_MATH_SPEC_FUNCS__ 1
| #define _TANDEM_SOURCE 1
| #define __EXTENSIONS__ 1
| #define READLINE 1
| #define HISTORY 1
| #define BANG_HISTORY 1
| #define HAVE_STRINGIZE 1
| #define HAVE_LONG_DOUBLE 1
| #define restrict __restrict__
| #define HAVE_VISIBILITY 1
| #define HAVE_STDINT_H_WITH_UINTMAX 1
| #define HAVE_ALLOCA_H 1
| #define HAVE_ALLOCA 1
| #define HAVE_GETPAGESIZE 1
| #define HAVE_SYMLINK 1
| #define HAVE_USELOCALE 1
| #define HAVE_VPRINTF 1
| #define HAVE_ALARM 1
| /* end confdefs.h.  */
| /* Define fpurge to an innocuous variant, in case <limits.h> declares fpurge.
|    For example, HP-UX 11i <limits.h> declares gettimeofday.  */
| #define fpurge innocuous_fpurge
| 
| /* System header to define __stub macros and hopefully few prototypes,
|    which can conflict with char fpurge (); below.  */
| 
| #include <limits.h>
| #undef fpurge
| 
| /* Override any GCC internal prototype to avoid an error.
|    Use char because int might match the return type of a GCC
|    builtin and then its argument prototype would still apply.  */
| #ifdef __cplusplus
| extern "C"
| #endif
| char fpurge ();
| /* The GNU C library defines this for functions which it implements
|     to always fail with ENOSYS.  Some functions are actually named
|     something starting with __ and the normal name is an alias.  */
| #if defined __stub_fpurge || defined __stub___fpurge
| choke me
| #endif
| 
| int
| main (void)
| {
| return fpurge ();
|   ;
|   return 0;
| }
configure:8580: result: no
configure:8580: checking for __fpurge
configure:8580: gcc -o conftest -g -O2   conftest.c  >&5
configure:8580: $? = 0
configure:8580: result: yes
configure:8580: checking for snprintf
configure:8580: gcc -o conftest -g -O2   conftest.c  >&5
conftest.c:100:6: warning: conflicting types for built-in function 'snprintf'; expected 'int(char *, long unsigned int,  const char *, ...)' [-Wbuiltin-declaration-mismatch]
  100 | char snprintf ();
      |      ^~~~~~~~
conftest.c:92:1: note: 'snprintf' is declared in header '<stdio.h>'
   91 | #include <limits.h>
   92 | #undef snprintf
configure:8580: $? = 0
configure:8580: result: yes
configure:8580: checking for vsnprintf
configure:8580: gcc -o conftest -g -O2   conftest.c  >&5
conftest.c:101:6: warning: conflicting types for built-in function 'vsnprintf'; expected 'int(char *, long unsigned int,  const char *, __va_list_tag *)' [-Wbuiltin-declaration-mismatch]
  101 | char vsnprintf ();
      |      ^~~~~~~~~
conftest.c:93:1: note: 'vsnprintf' is declared in header '<stdio.h>'
   92 | #include <limits.h>
   93 | #undef vsnprintf
configure:8580: $? = 0
configure:8580: result: yes
configure:8591: checking for working mmap
configure:8743: gcc -o conftest -g -O2   conftest.c  >&5
configure:8743: $? = 0
configure:8743: ./conftest
configure:8743: $? = 0
configure:8754: result: yes
configure:8765: checking whether integer division by zero raises SIGFPE
configure:8836: gcc -o conftest -g -O2   conftest.c  >&5
configure:8836: $? = 0
configure:8836: ./conftest
configure:8836: $? = 0
configure:8849: result: yes
configure:8860: checking for inttypes.h
configure:8880: gcc -c -g -O2  conftest.c >&5
configure:8880: $? = 0
configure:8888: result: yes
configure:8897: checking for unsigned long long int
configure:8939: gcc -o conftest -g -O2   conftest.c  >&5
configure:8939: $? = 0
configure:8949: result: yes
configure:9054: checking whether imported symbols can be declared weak
configure:9078: gcc -o conftest -g -O2   conftest.c  >&5
configure:9078: $? = 0
configure:9115: gcc -o conftest -g -O2   conftest.c  >&5
configure:9115: $? = 0
configure:9115: ./conftest
configure:9115: $? = 0
configure:9154: result: yes
configure:9183: checking for pthread.h
configure:9183: gcc -c -g -O2  conftest.c >&5
configure:9183: $? = 0
configure:9183: result: yes
configure:9220: gcc -o conftest -g -O2   conftest.c   >&5
configure:9220: $? = 0
configure:9231: gl_pthread_api=yes
configure:9232: LIBPTHREAD=
configure:9258: gl_pthread_in_glibc=yes
configure:9265: checking for pthread_kill in -lpthread
configure:9288: gcc -o conftest -g -O2   conftest.c -lpthread   >&5
configure:9288: $? = 0
configure:9298: result: yes
configure:9412: LIBPMULTITHREAD=
configure:9414: checking whether POSIX threads API is available
configure:9416: result: yes
configure:9437: gcc -o conftest -g -O2   conftest.c  >&5
configure:9437: $? = 0
configure:10038: checking for multithread API to use
configure:10040: result: posix
configure:10057: checking for pthread_rwlock_t
configure:10057: gcc -c -g -O2  conftest.c >&5
configure:10057: $? = 0
configure:10057: gcc -c -g -O2  conftest.c >&5
conftest.c: In function 'main':
conftest.c:100:31: error: expected expression before ')' token
  100 | if (sizeof ((pthread_rwlock_t)))
      |                               ^
configure:10057: $? = 1
configure: failed program was:
| /* confdefs.h */
| #define PACKAGE_NAME "bash"
| #define PACKAGE_TARNAME "bash"
| #define PACKAGE_VERSION "5.3-release"
| #define PACKAGE_STRING "bash 5.3-release"
| #define PACKAGE_BUGREPORT "bug-bash@gnu.org"
| #define PACKAGE_URL ""
| #define USING_BASH_MALLOC 1
| #define ALIAS 1
| #define PUSHD_AND_POPD 1
| #define RESTRICTED_SHELL 1
| #define PROCESS_SUBSTITUTION 1
| #define PROMPT_STRING_DECODE 1
| #define SELECT_COMMAND 1
| #define HELP_BUILTIN 1
| #define ARRAY_VARS 1
| #define DPAREN_ARITHMETIC 1
| #define BRACE_EXPANSION 1
| #define COMMAND_TIMING 1
| #define EXTENDED_GLOB 1
| #define EXTGLOB_DEFAULT 0
| #define COND_COMMAND 1
| #define COND_REGEXP 1
| #define COPROCESS_SUPPORT 1
| #define ARITH_FOR_COMMAND 1
| #define NETWORK_REDIRECTIONS 1
| #define PROGRAMMABLE_COMPLETION 1
| #define DEBUGGER 1
| #define CASEMOD_ATTRS 1
| #define CASEMOD_EXPANSIONS 1
| #define GLOBASCII_DEFAULT 1
| #define FUNCTION_IMPORT 1
| #define TRANSLATABLE_STRINGS 1
| #define BASH_SOURCE_FULLPATH_DEFAULT 0
| #define MEMSCRAMBLE 1
| #define HAVE_STDIO_H 1
| #define HAVE_STDLIB_H 1
| #define HAVE_STRING_H 1
| #define HAVE_INTTYPES_H 1
| #define HAVE_STDINT_H 1
| #define HAVE_STRINGS_H 1
| #define HAVE_SYS_STAT_H 1
| #define HAVE_SYS_TYPES_H 1
| #define HAVE_UNISTD_H 1
| #define HAVE_WCHAR_H 1
| #define HAVE_STDBOOL_H 1
| #define HAVE_SYS_PARAM_H 1
| #define HAVE_THREADS_H 1
| #define HAVE_SYS_TIME_H 1
| #define STDC_HEADERS 1
| #define _ALL_SOURCE 1
| #define _DARWIN_C_SOURCE 1
| #define _GNU_SOURCE 1
| #define _HPUX_ALT_XOPEN_SOCKET_API 1
| #define _NETBSD_SOURCE 1
| #define _OPENBSD_SOURCE 1
| #define _POSIX_PTHREAD_SEMANTICS 1
| #define __STDC_WANT_IEC_60559_ATTRIBS_EXT__ 1
| #define __STDC_WANT_IEC_60559_BFP_EXT__ 1
| #define __STDC_WANT_IEC_60559_DFP_EXT__ 1
| #define __STDC_WANT_IEC_60559_FUNCS_EXT__ 1
| #define __STDC_WANT_IEC_60559_TYPES_EXT__ 1
| #define __STDC_WANT_LIB_EXT2__ 1
| #define __STDC_WANT_MATH_SPEC_FUNCS__ 1
| #define _TANDEM_SOURCE 1
| #define __EXTENSIONS__ 1
| #define READLINE 1
| #define HISTORY 1
| #define BANG_HISTORY 1
| #define HAVE_STRINGIZE 1
| #define HAVE_LONG_DOUBLE 1
| #define restrict __restrict__
| #define HAVE_VISIBILITY 1
| #define HAVE_STDINT_H_WITH_UINTMAX 1
| #define HAVE_ALLOCA_H 1
| #define HAVE_ALLOCA 1
| #define HAVE_GETPAGESIZE 1
| #define HAVE_SYMLINK 1
| #define HAVE_USELOCALE 1
| #define HAVE_VPRINTF 1
| #define HAVE_ALARM 1
| #define HAVE___FPURGE 1
| #define HAVE_SNPRINTF 1
| #define HAVE_VSNPRINTF 1
| #define HAVE_MMAP 1
| #define INTDIV0_RAISES_SIGFPE 1
| #define HAVE_INTTYPES_H_WITH_UINTMAX 1
| #define HAVE_UNSIGNED_LONG_LONG_INT 1
| #define HAVE_UINTMAX_T 1
| #define HAVE_WEAK_SYMBOLS 1
| #define HAVE_PTHREAD_API 1
| #define USE_POSIX_THREADS 1
| #define USE_POSIX_THREADS_FROM_LIBC 1
| /* end confdefs.h.  */
| #include <pthread.h>
| 
| int
| main (void)
| {
| if (sizeof ((pthread_rwlock_t)))
| 	    return 0;
|   ;
|   return 0;
| }
configure:10057: result: yes
configure:10070: checking whether pthread_rwlock_rdlock prefers a writer to a reader
configure:10215: gcc -o conftest -g -O2   conftest.c   >&5
configure:10215: $? = 0
configure:10215: ./conftest
configure:10215: $? = 1
configure: program exited with status 1
configure: failed program was:
| /* confdefs.h */
| #define PACKAGE_NAME "bash"
| #define PACKAGE_TARNAME "bash"
| #define PACKAGE_VERSION "5.3-release"
| #define PACKAGE_STRING "bash 5.3-release"
| #define PACKAGE_BUGREPORT "bug-bash@gnu.org"
| #define PACKAGE_URL ""
| #define USING_BASH_MALLOC 1
| #define ALIAS 1
| #define PUSHD_AND_POPD 1
| #define RESTRICTED_SHELL 1
| #define PROCESS_SUBSTITUTION 1
| #define PROMPT_STRING_DECODE 1
| #define SELECT_COMMAND 1
| #define HELP_BUILTIN 1
| #define ARRAY_VARS 1
| #define DPAREN_ARITHMETIC 1
| #define BRACE_EXPANSION 1
| #define COMMAND_TIMING 1
| #define EXTENDED_GLOB 1
| #define EXTGLOB_DEFAULT 0
| #define COND_COMMAND 1
| #define COND_REGEXP 1
| #define COPROCESS_SUPPORT 1
| #define ARITH_FOR_COMMAND 1
| #define NETWORK_REDIRECTIONS 1
| #define PROGRAMMABLE_COMPLETION 1
| #define DEBUGGER 1
| #define CASEMOD_ATTRS 1
| #define CASEMOD_EXPANSIONS 1
| #define GLOBASCII_DEFAULT 1
| #define FUNCTION_IMPORT 1
| #define TRANSLATABLE_STRINGS 1
| #define BASH_SOURCE_FULLPATH_DEFAULT 0
| #define MEMSCRAMBLE 1
| #define HAVE_STDIO_H 1
| #define HAVE_STDLIB_H 1
| #define HAVE_STRING_H 1
| #define HAVE_INTTYPES_H 1
| #define HAVE_STDINT_H 1
| #define HAVE_STRINGS_H 1
| #define HAVE_SYS_STAT_H 1
| #define HAVE_SYS_TYPES_H 1
| #define HAVE_UNISTD_H 1
| #define HAVE_WCHAR_H 1
| #define HAVE_STDBOOL_H 1
| #define HAVE_SYS_PARAM_H 1
| #define HAVE_THREADS_H 1
| #define HAVE_SYS_TIME_H 1
| #define STDC_HEADERS 1
| #define _ALL_SOURCE 1
| #define _DARWIN_C_SOURCE 1
| #define _GNU_SOURCE 1
| #define _HPUX_ALT_XOPEN_SOCKET_API 1
| #define _NETBSD_SOURCE 1
| #define _OPENBSD_SOURCE 1
| #define _POSIX_PTHREAD_SEMANTICS 1
| #define __STDC_WANT_IEC_60559_ATTRIBS_EXT__ 1
| #define __STDC_WANT_IEC_60559_BFP_EXT__ 1
| #define __STDC_WANT_IEC_60559_DFP_EXT__ 1
| #define __STDC_WANT_IEC_60559_FUNCS_EXT__ 1
| #define __STDC_WANT_IEC_60559_TYPES_EXT__ 1
| #define __STDC_WANT_LIB_EXT2__ 1
| #define __STDC_WANT_MATH_SPEC_FUNCS__ 1
| #define _TANDEM_SOURCE 1
| #define __EXTENSIONS__ 1
| #define READLINE 1
| #define HISTORY 1
| #define BANG_HISTORY 1
| #define HAVE_STRINGIZE 1
| #define HAVE_LONG_DOUBLE 1
| #define restrict __restrict__
| #define HAVE_VISIBILITY 1
| #define HAVE_STDINT_H_WITH_UINTMAX 1
| #define HAVE_ALLOCA_H 1
| #define HAVE_ALLOCA 1
| #define HAVE_GETPAGESIZE 1
| #define HAVE_SYMLINK 1
| #define HAVE_USELOCALE 1
| #define HAVE_VPRINTF 1
| #define HAVE_ALARM 1
| #define HAVE___FPURGE 1
| #define HAVE_SNPRINTF 1
| #define HAVE_VSNPRINTF 1
| #define HAVE_MMAP 1
| #define INTDIV0_RAISES_SIGFPE 1
| #define HAVE_INTTYPES_H_WITH_UINTMAX 1
| #define HAVE_UNSIGNED_LONG_LONG_INT 1
| #define HAVE_UINTMAX_T 1
| #define HAVE_WEAK_SYMBOLS 1
| #define HAVE_PTHREAD_API 1
| #define USE_POSIX_THREADS 1
| #define USE_POSIX_THREADS_FROM_LIBC 1
| #define HAVE_PTHREAD_RWLOCK 1
| /* end confdefs.h.  */
| 
| #include <errno.h>
| #include <pthread.h>
| #include <stdlib.h>
| #include <unistd.h>
| 
| #define SUCCEED() exit (0)
| #define FAILURE() exit (1)
| #define UNEXPECTED(n) (exit (10 + (n)))
| 
| /* The main thread creates the waiting writer and the requesting reader threads
|    in the default way; this guarantees that they have the same priority.
|    We can reuse the main thread as first reader thread.  */
| 
| static pthread_rwlock_t lock;
| static pthread_t reader1;
| static pthread_t writer;
| static pthread_t reader2;
| static pthread_t timer;
| /* Used to pass control from writer to reader2 and from reader2 to timer,
|    as in a relay race.
|    Passing control from one running thread to another running thread
|    is most likely faster than to create the second thread.  */
| static pthread_mutex_t baton;
| 
| static void *
| timer_func (void *ignored)
| {
|   /* Step 13 (can be before or after step 12):
|      The timer thread takes the baton, then waits a moment to make sure
|      it can tell whether the second reader thread is blocked at step 12.  */
|   if (pthread_mutex_lock (&baton))
|     UNEXPECTED (13);
|   usleep (100000);
|   /* By the time we get here, it's clear that the second reader thread is
|      blocked at step 12.  This is the desired behaviour.  */
|   SUCCEED ();
| }
| 
| static void *
| reader2_func (void *ignored)
| {
|   int err;
| 
|   /* Step 8 (can be before or after step 7):
|      The second reader thread takes the baton, then waits a moment to make sure
|      the writer thread has reached step 7.  */
|   if (pthread_mutex_lock (&baton))
|     UNEXPECTED (8);
|   usleep (100000);
|   /* Step 9: The second reader thread requests the lock.  */
|   err = pthread_rwlock_tryrdlock (&lock);
|   if (err == 0)
|     FAILURE ();
|   else if (err != EBUSY)
|     UNEXPECTED (9);
|   /* Step 10: Launch a timer, to test whether the next call blocks.  */
|   if (pthread_create (&timer, NULL, timer_func, NULL))
|     UNEXPECTED (10);
|   /* Step 11: Release the baton.  */
|   if (pthread_mutex_unlock (&baton))
|     UNEXPECTED (11);
|   /* Step 12: The second reader thread requests the lock.  */
|   err = pthread_rwlock_rdlock (&lock);
|   if (err == 0)
|     FAILURE ();
|   else
|     UNEXPECTED (12);
| }
| 
| static void *
| writer_func (void *ignored)
| {
|   /* Step 4: Take the baton, so that the second reader thread does not go ahead
|      too early.  */
|   if (pthread_mutex_lock (&baton))
|     UNEXPECTED (4);
|   /* Step 5: Create the second reader thread.  */
|   if (pthread_create (&reader2, NULL, reader2_func, NULL))
|     UNEXPECTED (5);
|   /* Step 6: Release the baton.  */
|   if (pthread_mutex_unlock (&baton))
|     UNEXPECTED (6);
|   /* Step 7: The writer thread requests the lock.  */
|   if (pthread_rwlock_wrlock (&lock))
|     UNEXPECTED (7);
|   return NULL;
| }
| 
| int
| main ()
| {
|   reader1 = pthread_self ();
| 
|   /* Step 1: The main thread initializes the lock and the baton.  */
|   if (pthread_rwlock_init (&lock, NULL))
|     UNEXPECTED (1);
|   if (pthread_mutex_init (&baton, NULL))
|     UNEXPECTED (1);
|   /* Step 2: The main thread acquires the lock as a reader.  */
|   if (pthread_rwlock_rdlock (&lock))
|     UNEXPECTED (2);
|   /* Step 3: Create the writer thread.  */
|   if (pthread_create (&writer, NULL, writer_func, NULL))
|     UNEXPECTED (3);
|   /* Job done.  Go to sleep.  */
|   for (;;)
|     {
|       sleep (1);
|     }
| }
| 
configure:10228: result: no
configure:10262: gcc -c -g -O2  conftest.c >&5
configure:10262: $? = 0
configure:10272: checking for gcc options needed to detect all undeclared functions
configure:10294: gcc -c -g -O2   conftest.c >&5
conftest.c: In function 'main':
conftest.c:101:8: error: 'strchr' undeclared (first use in this function)
  101 | (void) strchr;
      |        ^~~~~~
conftest.c:1:1: note: 'strchr' is defined in header '<string.h>'; did you forget to '#include <string.h>'?
    1 | /* confdefs.h */
conftest.c:101:8: note: each undeclared identifier is reported only once for each function it appears in
  101 | (void) strchr;
      |        ^~~~~~
configure:10294: $? = 1
configure: failed program was:
| /* confdefs.h */
| #define PACKAGE_NAME "bash"
| #define PACKAGE_TARNAME "bash"
| #define PACKAGE_VERSION "5.3-release"
| #define PACKAGE_STRING "bash 5.3-release"
| #define PACKAGE_BUGREPORT "bug-bash@gnu.org"
| #define PACKAGE_URL ""
| #define USING_BASH_MALLOC 1
| #define ALIAS 1
| #define PUSHD_AND_POPD 1
| #define RESTRICTED_SHELL 1
| #define PROCESS_SUBSTITUTION 1
| #define PROMPT_STRING_DECODE 1
| #define SELECT_COMMAND 1
| #define HELP_BUILTIN 1
| #define ARRAY_VARS 1
| #define DPAREN_ARITHMETIC 1
| #define BRACE_EXPANSION 1
| #define COMMAND_TIMING 1
| #define EXTENDED_GLOB 1
| #define EXTGLOB_DEFAULT 0
| #define COND_COMMAND 1
| #define COND_REGEXP 1
| #define COPROCESS_SUPPORT 1
| #define ARITH_FOR_COMMAND 1
| #define NETWORK_REDIRECTIONS 1
| #define PROGRAMMABLE_COMPLETION 1
| #define DEBUGGER 1
| #define CASEMOD_ATTRS 1
| #define CASEMOD_EXPANSIONS 1
| #define GLOBASCII_DEFAULT 1
| #define FUNCTION_IMPORT 1
| #define TRANSLATABLE_STRINGS 1
| #define BASH_SOURCE_FULLPATH_DEFAULT 0
| #define MEMSCRAMBLE 1
| #define HAVE_STDIO_H 1
| #define HAVE_STDLIB_H 1
| #define HAVE_STRING_H 1
| #define HAVE_INTTYPES_H 1
| #define HAVE_STDINT_H 1
| #define HAVE_STRINGS_H 1
| #define HAVE_SYS_STAT_H 1
| #define HAVE_SYS_TYPES_H 1
| #define HAVE_UNISTD_H 1
| #define HAVE_WCHAR_H 1
| #define HAVE_STDBOOL_H 1
| #define HAVE_SYS_PARAM_H 1
| #define HAVE_THREADS_H 1
| #define HAVE_SYS_TIME_H 1
| #define STDC_HEADERS 1
| #define _ALL_SOURCE 1
| #define _DARWIN_C_SOURCE 1
| #define _GNU_SOURCE 1
| #define _HPUX_ALT_XOPEN_SOCKET_API 1
| #define _NETBSD_SOURCE 1
| #define _OPENBSD_SOURCE 1
| #define _POSIX_PTHREAD_SEMANTICS 1
| #define __STDC_WANT_IEC_60559_ATTRIBS_EXT__ 1
| #define __STDC_WANT_IEC_60559_BFP_EXT__ 1
| #define __STDC_WANT_IEC_60559_DFP_EXT__ 1
| #define __STDC_WANT_IEC_60559_FUNCS_EXT__ 1
| #define __STDC_WANT_IEC_60559_TYPES_EXT__ 1
| #define __STDC_WANT_LIB_EXT2__ 1
| #define __STDC_WANT_MATH_SPEC_FUNCS__ 1
| #define _TANDEM_SOURCE 1
| #define __EXTENSIONS__ 1
| #define READLINE 1
| #define HISTORY 1
| #define BANG_HISTORY 1
| #define HAVE_STRINGIZE 1
| #define HAVE_LONG_DOUBLE 1
| #define restrict __restrict__
| #define HAVE_VISIBILITY 1
| #define HAVE_STDINT_H_WITH_UINTMAX 1
| #define HAVE_ALLOCA_H 1
| #define HAVE_ALLOCA 1
| #define HAVE_GETPAGESIZE 1
| #define HAVE_SYMLINK 1
| #define HAVE_USELOCALE 1
| #define HAVE_VPRINTF 1
| #define HAVE_ALARM 1
| #define HAVE___FPURGE 1
| #define HAVE_SNPRINTF 1
| #define HAVE_VSNPRINTF 1
| #define HAVE_MMAP 1
| #define INTDIV0_RAISES_SIGFPE 1
| #define HAVE_INTTYPES_H_WITH_UINTMAX 1
| #define HAVE_UNSIGNED_LONG_LONG_INT 1
| #define HAVE_UINTMAX_T 1
| #define HAVE_WEAK_SYMBOLS 1
| #define HAVE_PTHREAD_API 1
| #define USE_POSIX_THREADS 1
| #define USE_POSIX_THREADS_FROM_LIBC 1
| #define HAVE_PTHREAD_RWLOCK 1
| #define HAVE_PTHREAD_MUTEX_RECURSIVE 1
| /* end confdefs.h.  */
| 
| int
| main (void)
| {
| (void) strchr;
|   ;
|   return 0;
| }
configure:10321: gcc -c -g -O2   conftest.c >&5
configure:10321: $? = 0
configure:10338: result: none needed
configure:10395: checking for ld used by gcc
configure:10523: result: /usr/bin/ld
configure:10530: checking if the linker (/usr/bin/ld) is GNU ld
configure:10546: result: yes
configure:10554: checking for shared library run path origin
configure:10568: result: done
configure:10590: checking 32-bit host C ABI
configure:10657: gcc -c -g -O2  conftest.c >&5
configure:10657: $? = 0
configure:10853: result: no
configure:10862: checking for ELF binary format
configure:10886: result: yes
configure:10938: checking for the common suffixes of directories in the library search path
configure:11007: result: lib,lib,lib64
configure:11539: checking for iconv
configure:11564: gcc -o conftest -g -O2   conftest.c  >&5
configure:11564: $? = 0
configure:11600: result: yes
configure:11603: checking for working iconv
configure:11747: gcc -o conftest -g -O2   conftest.c  >&5
configure:11747: $? = 0
configure:11747: ./conftest
configure:11747: $? = 0
configure:11760: result: yes
configure:11788: checking whether iconv is compatible with its POSIX signature
configure:11813: gcc -c -g -O2  conftest.c >&5
configure:11813: $? = 0
configure:11822: result: yes
configure:11851: gcc -o conftest -g -O2   conftest.c  >&5
configure:11851: $? = 0
configure:11860: checking for inttypes.h
configure:11860: result: yes
configure:11866: checking for unistd.h
configure:11866: result: yes
configure:11872: checking for sys/param.h
configure:11872: result: yes
configure:11879: checking for getcwd
configure:11879: gcc -o conftest -g -O2   conftest.c  >&5
configure:11879: $? = 0
configure:11879: result: yes
configure:11885: checking for getegid
configure:11885: gcc -o conftest -g -O2   conftest.c  >&5
configure:11885: $? = 0
configure:11885: result: yes
configure:11891: checking for geteuid
configure:11891: gcc -o conftest -g -O2   conftest.c  >&5
configure:11891: $? = 0
configure:11891: result: yes
configure:11897: checking for getgid
configure:11897: gcc -o conftest -g -O2   conftest.c  >&5
configure:11897: $? = 0
configure:11897: result: yes
configure:11903: checking for getuid
configure:11903: gcc -o conftest -g -O2   conftest.c  >&5
configure:11903: $? = 0
configure:11903: result: yes
configure:11909: checking for mempcpy
configure:11909: gcc -o conftest -g -O2   conftest.c  >&5
conftest.c:124:6: warning: conflicting types for built-in function 'mempcpy'; expected 'void *(void *, const void *, long unsigned int)' [-Wbuiltin-declaration-mismatch]
  124 | char mempcpy ();
      |      ^~~~~~~
configure:11909: $? = 0
configure:11909: result: yes
configure:11915: checking for munmap
configure:11915: gcc -o conftest -g -O2   conftest.c  >&5
configure:11915: $? = 0
configure:11915: result: yes
configure:11921: checking for stpcpy
configure:11921: gcc -o conftest -g -O2   conftest.c  >&5
conftest.c:126:6: warning: conflicting types for built-in function 'stpcpy'; expected 'char *(char *, const char *)' [-Wbuiltin-declaration-mismatch]
  126 | char stpcpy ();
      |      ^~~~~~
configure:11921: $? = 0
configure:11921: result: yes
configure:11927: checking for strcasecmp
configure:11927: gcc -o conftest -g -O2   conftest.c  >&5
conftest.c:127:6: warning: conflicting types for built-in function 'strcasecmp'; expected 'int(const char *, const char *)' [-Wbuiltin-declaration-mismatch]
  127 | char strcasecmp ();
      |      ^~~~~~~~~~
configure:11927: $? = 0
configure:11927: result: yes
configure:11933: checking for tsearch
configure:11933: gcc -o conftest -g -O2   conftest.c  >&5
configure:11933: $? = 0
configure:11933: result: yes
configure:11939: checking for __fsetlocking
configure:11939: gcc -o conftest -g -O2   conftest.c  >&5
configure:11939: $? = 0
configure:11939: result: yes
configure:11947: checking whether feof_unlocked is declared
configure:11947: gcc -c -g -O2   conftest.c >&5
configure:11947: $? = 0
configure:11947: result: yes
configure:11956: checking whether fgets_unlocked is declared
configure:11956: gcc -c -g -O2   conftest.c >&5
configure:11956: $? = 0
configure:11956: result: yes
configure:11969: checking for localeconv
configure:11969: gcc -o conftest -g -O2   conftest.c  >&5
configure:11969: $? = 0
configure:11969: result: yes
configure:11982: checking for bison
configure:12017: result: no
configure:12057: checking for long long int
configure:12099: gcc -o conftest -g -O2   conftest.c  >&5
configure:12099: $? = 0
configure:12099: ./conftest
configure:12099: $? = 0
configure:12112: result: yes
configure:12121: checking for wchar_t
configure:12139: gcc -c -g -O2  conftest.c >&5
configure:12139: $? = 0
configure:12147: result: yes
configure:12156: checking for wint_t
configure:12174: gcc -c -g -O2  conftest.c >&5
configure:12174: $? = 0
configure:12182: result: yes
configure:12189: checking whether wint_t is large enough
configure:12208: gcc -c -g -O2  conftest.c >&5
configure:12208: $? = 0
configure:12216: result: yes
configure:12231: checking for intmax_t
configure:12258: gcc -c -g -O2  conftest.c >&5
configure:12258: $? = 0
configure:12266: result: yes
configure:12276: checking whether printf() supports POSIX/XSI format strings
configure:12320: gcc -o conftest -g -O2   conftest.c  >&5
configure:12320: $? = 0
configure:12320: ./conftest
configure:12320: $? = 0
configure:12332: result: yes
configure:12343: checking for stdint.h
configure:12343: result: yes
configure:12350: checking for SIZE_MAX
configure:12426: result: yes
configure:12437: checking for stdint.h
configure:12437: result: yes
configure:12451: checking for working fcntl.h
configure:12562: gcc -o conftest -g -O2   conftest.c  >&5
conftest.c:134:26: error: expected ';' before 'static'
  134 |            GL_MDA_DEFINES
      |                          ^
      |                          ;
......
  141 |            static int const constants[] =
      |            ~~~~~~         
configure:12562: $? = 1
configure: program exited with status 1
configure: failed program was:
| /* confdefs.h */
| #define PACKAGE_NAME "bash"
| #define PACKAGE_TARNAME "bash"
| #define PACKAGE_VERSION "5.3-release"
| #define PACKAGE_STRING "bash 5.3-release"
| #define PACKAGE_BUGREPORT "bug-bash@gnu.org"
| #define PACKAGE_URL ""
| #define USING_BASH_MALLOC 1
| #define ALIAS 1
| #define PUSHD_AND_POPD 1
| #define RESTRICTED_SHELL 1
| #define PROCESS_SUBSTITUTION 1
| #define PROMPT_STRING_DECODE 1
| #define SELECT_COMMAND 1
| #define HELP_BUILTIN 1
| #define ARRAY_VARS 1
| #define DPAREN_ARITHMETIC 1
| #define BRACE_EXPANSION 1
| #define COMMAND_TIMING 1
| #define EXTENDED_GLOB 1
| #define EXTGLOB_DEFAULT 0
| #define COND_COMMAND 1
| #define COND_REGEXP 1
| #define COPROCESS_SUPPORT 1
| #define ARITH_FOR_COMMAND 1
| #define NETWORK_REDIRECTIONS 1
| #define PROGRAMMABLE_COMPLETION 1
| #define DEBUGGER 1
| #define CASEMOD_ATTRS 1
| #define CASEMOD_EXPANSIONS 1
| #define GLOBASCII_DEFAULT 1
| #define FUNCTION_IMPORT 1
| #define TRANSLATABLE_STRINGS 1
| #define BASH_SOURCE_FULLPATH_DEFAULT 0
| #define MEMSCRAMBLE 1
| #define HAVE_STDIO_H 1
| #define HAVE_STDLIB_H 1
| #define HAVE_STRING_H 1
| #define HAVE_INTTYPES_H 1
| #define HAVE_STDINT_H 1
| #define HAVE_STRINGS_H 1
| #define HAVE_SYS_STAT_H 1
| #define HAVE_SYS_TYPES_H 1
| #define HAVE_UNISTD_H 1
| #define HAVE_WCHAR_H 1
| #define HAVE_STDBOOL_H 1
| #define HAVE_SYS_PARAM_H 1
| #define HAVE_THREADS_H 1
| #define HAVE_SYS_TIME_H 1
| #define STDC_HEADERS 1
| #define _ALL_SOURCE 1
| #define _DARWIN_C_SOURCE 1
| #define _GNU_SOURCE 1
| #define _HPUX_ALT_XOPEN_SOCKET_API 1
| #define _NETBSD_SOURCE 1
| #define _OPENBSD_SOURCE 1
| #define _POSIX_PTHREAD_SEMANTICS 1
| #define __STDC_WANT_IEC_60559_ATTRIBS_EXT__ 1
| #define __STDC_WANT_IEC_60559_BFP_EXT__ 1
| #define __STDC_WANT_IEC_60559_DFP_EXT__ 1
| #define __STDC_WANT_IEC_60559_FUNCS_EXT__ 1
| #define __STDC_WANT_IEC_60559_TYPES_EXT__ 1
| #define __STDC_WANT_LIB_EXT2__ 1
| #define __STDC_WANT_MATH_SPEC_FUNCS__ 1
| #define _TANDEM_SOURCE 1
| #define __EXTENSIONS__ 1
| #define READLINE 1
| #define HISTORY 1
| #define BANG_HISTORY 1
| #define HAVE_STRINGIZE 1
| #define HAVE_LONG_DOUBLE 1
| #define restrict __restrict__
| #define HAVE_VISIBILITY 1
| #define HAVE_STDINT_H_WITH_UINTMAX 1
| #define HAVE_ALLOCA_H 1
| #define HAVE_ALLOCA 1
| #define HAVE_GETPAGESIZE 1
| #define HAVE_SYMLINK 1
| #define HAVE_USELOCALE 1
| #define HAVE_VPRINTF 1
| #define HAVE_ALARM 1
| #define HAVE___FPURGE 1
| #define HAVE_SNPRINTF 1
| #define HAVE_VSNPRINTF 1
| #define HAVE_MMAP 1
| #define INTDIV0_RAISES_SIGFPE 1
| #define HAVE_INTTYPES_H_WITH_UINTMAX 1
| #define HAVE_UNSIGNED_LONG_LONG_INT 1
| #define HAVE_UINTMAX_T 1
| #define HAVE_WEAK_SYMBOLS 1
| #define HAVE_PTHREAD_API 1
| #define USE_POSIX_THREADS 1
| #define USE_POSIX_THREADS_FROM_LIBC 1
| #define HAVE_PTHREAD_RWLOCK 1
| #define HAVE_PTHREAD_MUTEX_RECURSIVE 1
| #define HAVE_ICONV 1
| #define ICONV_CONST 
| #define HAVE_BUILTIN_EXPECT 1
| #define HAVE_INTTYPES_H 1
| #define HAVE_UNISTD_H 1
| #define HAVE_SYS_PARAM_H 1
| #define HAVE_GETCWD 1
| #define HAVE_GETEGID 1
| #define HAVE_GETEUID 1
| #define HAVE_GETGID 1
| #define HAVE_GETUID 1
| #define HAVE_MEMPCPY 1
| #define HAVE_MUNMAP 1
| #define HAVE_STPCPY 1
| #define HAVE_STRCASECMP 1
| #define HAVE_TSEARCH 1
| #define HAVE___FSETLOCKING 1
| #define HAVE_DECL_FEOF_UNLOCKED 1
| #define HAVE_DECL_FGETS_UNLOCKED 1
| #define HAVE_LOCALECONV 1
| #define HAVE_LONG_LONG_INT 1
| #define HAVE_WCHAR_T 1
| #define HAVE_WINT_T 1
| #define HAVE_INTMAX_T 1
| #define HAVE_POSIX_PRINTF 1
| #define HAVE_STDINT_H 1
| #define HAVE_STDINT_H 1
| /* end confdefs.h.  */
| #include <sys/types.h>
|            #include <sys/stat.h>
|            #if HAVE_UNISTD_H
|            # include <unistd.h>
|            #else /* on Windows with MSVC */
|            # include <io.h>
|            # include <stdlib.h>
|            # defined sleep(n) _sleep ((n) * 1000)
|            #endif
|            #include <fcntl.h>
|            GL_MDA_DEFINES
|            #ifndef O_NOATIME
|             #define O_NOATIME 0
|            #endif
|            #ifndef O_NOFOLLOW
|             #define O_NOFOLLOW 0
|            #endif
|            static int const constants[] =
|             {
|               O_CREAT, O_EXCL, O_NOCTTY, O_TRUNC, O_APPEND,
|               O_NONBLOCK, O_SYNC, O_ACCMODE, O_RDONLY, O_RDWR, O_WRONLY
|             };
| 
| int
| main (void)
| {
| 
|             int result = !constants;
|             #if HAVE_SYMLINK
|             {
|               static char const sym[] = "conftest.sym";
|               if (symlink ("/dev/null", sym) != 0)
|                 result |= 2;
|               else
|                 {
|                   int fd = open (sym, O_WRONLY | O_NOFOLLOW | O_CREAT, 0);
|                   if (fd >= 0)
|                     {
|                       close (fd);
|                       result |= 4;
|                     }
|                 }
|               if (unlink (sym) != 0 || symlink (".", sym) != 0)
|                 result |= 2;
|               else
|                 {
|                   int fd = open (sym, O_RDONLY | O_NOFOLLOW);
|                   if (fd >= 0)
|                     {
|                       close (fd);
|                       result |= 4;
|                     }
|                 }
|               unlink (sym);
|             }
|             #endif
|             {
|               static char const file[] = "confdefs.h";
|               int fd = open (file, O_RDONLY | O_NOATIME);
|               if (fd < 0)
|                 result |= 8;
|               else
|                 {
|                   struct stat st0;
|                   if (fstat (fd, &st0) != 0)
|                     result |= 16;
|                   else
|                     {
|                       char c;
|                       sleep (1);
|                       if (read (fd, &c, 1) != 1)
|                         result |= 24;
|                       else
|                         {
|                           if (close (fd) != 0)
|                             result |= 32;
|                           else
|                             {
|                               struct stat st1;
|                               if (stat (file, &st1) != 0)
|                                 result |= 40;
|                               else
|                                 if (st0.st_atime != st1.st_atime)
|                                   result |= 64;
|                             }
|                         }
|                     }
|                 }
|             }
|             return result;
|   ;
|   return 0;
| }
configure:12579: result: no
configure:12625: checking whether uselocale works
configure:12655: gcc -o conftest -g -O2   conftest.c  >&5
configure:12655: $? = 0
configure:12655: ./conftest
configure:12655: $? = 0
configure:12667: result: yes
configure:12688: checking for fake locale system (OpenBSD)
configure:12719: gcc -o conftest -g -O2   conftest.c  >&5
configure:12719: $? = 0
configure:12719: ./conftest
configure:12719: $? = 1
configure: program exited with status 1
configure: failed program was:
| /* confdefs.h */
| #define PACKAGE_NAME "bash"
| #define PACKAGE_TARNAME "bash"
| #define PACKAGE_VERSION "5.3-release"
| #define PACKAGE_STRING "bash 5.3-release"
| #define PACKAGE_BUGREPORT "bug-bash@gnu.org"
| #define PACKAGE_URL ""
| #define USING_BASH_MALLOC 1
| #define ALIAS 1
| #define PUSHD_AND_POPD 1
| #define RESTRICTED_SHELL 1
| #define PROCESS_SUBSTITUTION 1
| #define PROMPT_STRING_DECODE 1
| #define SELECT_COMMAND 1
| #define HELP_BUILTIN 1
| #define ARRAY_VARS 1
| #define DPAREN_ARITHMETIC 1
| #define BRACE_EXPANSION 1
| #define COMMAND_TIMING 1
| #define EXTENDED_GLOB 1
| #define EXTGLOB_DEFAULT 0
| #define COND_COMMAND 1
| #define COND_REGEXP 1
| #define COPROCESS_SUPPORT 1
| #define ARITH_FOR_COMMAND 1
| #define NETWORK_REDIRECTIONS 1
| #define PROGRAMMABLE_COMPLETION 1
| #define DEBUGGER 1
| #define CASEMOD_ATTRS 1
| #define CASEMOD_EXPANSIONS 1
| #define GLOBASCII_DEFAULT 1
| #define FUNCTION_IMPORT 1
| #define TRANSLATABLE_STRINGS 1
| #define BASH_SOURCE_FULLPATH_DEFAULT 0
| #define MEMSCRAMBLE 1
| #define HAVE_STDIO_H 1
| #define HAVE_STDLIB_H 1
| #define HAVE_STRING_H 1
| #define HAVE_INTTYPES_H 1
| #define HAVE_STDINT_H 1
| #define HAVE_STRINGS_H 1
| #define HAVE_SYS_STAT_H 1
| #define HAVE_SYS_TYPES_H 1
| #define HAVE_UNISTD_H 1
| #define HAVE_WCHAR_H 1
| #define HAVE_STDBOOL_H 1
| #define HAVE_SYS_PARAM_H 1
| #define HAVE_THREADS_H 1
| #define HAVE_SYS_TIME_H 1
| #define STDC_HEADERS 1
| #define _ALL_SOURCE 1
| #define _DARWIN_C_SOURCE 1
| #define _GNU_SOURCE 1
| #define _HPUX_ALT_XOPEN_SOCKET_API 1
| #define _NETBSD_SOURCE 1
| #define _OPENBSD_SOURCE 1
| #define _POSIX_PTHREAD_SEMANTICS 1
| #define __STDC_WANT_IEC_60559_ATTRIBS_EXT__ 1
| #define __STDC_WANT_IEC_60559_BFP_EXT__ 1
| #define __STDC_WANT_IEC_60559_DFP_EXT__ 1
| #define __STDC_WANT_IEC_60559_FUNCS_EXT__ 1
| #define __STDC_WANT_IEC_60559_TYPES_EXT__ 1
| #define __STDC_WANT_LIB_EXT2__ 1
| #define __STDC_WANT_MATH_SPEC_FUNCS__ 1
| #define _TANDEM_SOURCE 1
| #define __EXTENSIONS__ 1
| #define READLINE 1
| #define HISTORY 1
| #define BANG_HISTORY 1
| #define HAVE_STRINGIZE 1
| #define HAVE_LONG_DOUBLE 1
| #define restrict __restrict__
| #define HAVE_VISIBILITY 1
| #define HAVE_STDINT_H_WITH_UINTMAX 1
| #define HAVE_ALLOCA_H 1
| #define HAVE_ALLOCA 1
| #define HAVE_GETPAGESIZE 1
| #define HAVE_SYMLINK 1
| #define HAVE_USELOCALE 1
| #define HAVE_VPRINTF 1
| #define HAVE_ALARM 1
| #define HAVE___FPURGE 1
| #define HAVE_SNPRINTF 1
| #define HAVE_VSNPRINTF 1
| #define HAVE_MMAP 1
| #define INTDIV0_RAISES_SIGFPE 1
| #define HAVE_INTTYPES_H_WITH_UINTMAX 1
| #define HAVE_UNSIGNED_LONG_LONG_INT 1
| #define HAVE_UINTMAX_T 1
| #define HAVE_WEAK_SYMBOLS 1
| #define HAVE_PTHREAD_API 1
| #define USE_POSIX_THREADS 1
| #define USE_POSIX_THREADS_FROM_LIBC 1
| #define HAVE_PTHREAD_RWLOCK 1
| #define HAVE_PTHREAD_MUTEX_RECURSIVE 1
| #define HAVE_ICONV 1
| #define ICONV_CONST 
| #define HAVE_BUILTIN_EXPECT 1
| #define HAVE_INTTYPES_H 1
| #define HAVE_UNISTD_H 1
| #define HAVE_SYS_PARAM_H 1
| #define HAVE_GETCWD 1
| #define HAVE_GETEGID 1
| #define HAVE_GETEUID 1
| #define HAVE_GETGID 1
| #define HAVE_GETUID 1
| #define HAVE_MEMPCPY 1
| #define HAVE_MUNMAP 1
| #define HAVE_STPCPY 1
| #define HAVE_STRCASECMP 1
| #define HAVE_TSEARCH 1
| #define HAVE___FSETLOCKING 1
| #define HAVE_DECL_FEOF_UNLOCKED 1
| #define HAVE_DECL_FGETS_UNLOCKED 1
| #define HAVE_LOCALECONV 1
| #define HAVE_LONG_LONG_INT 1
| #define HAVE_WCHAR_T 1
| #define HAVE_WINT_T 1
| #define HAVE_INTMAX_T 1
| #define HAVE_POSIX_PRINTF 1
| #define HAVE_STDINT_H 1
| #define HAVE_STDINT_H 1
| #define HAVE_WORKING_O_NOATIME 0
| #define HAVE_WORKING_O_NOFOLLOW 0
| #define HAVE_WORKING_USELOCALE 1
| /* end confdefs.h.  */
| 
| #include <locale.h>
| #if HAVE_XLOCALE_H
| # include <xlocale.h>
| #endif
| int main ()
| {
|   locale_t loc1, loc2;
|   if (setlocale (LC_ALL, "de_DE.UTF-8") == NULL) return 1;
|   if (setlocale (LC_ALL, "fr_FR.UTF-8") == NULL) return 1;
|   loc1 = newlocale (LC_ALL_MASK, "de_DE.UTF-8", (locale_t)0);
|   loc2 = newlocale (LC_ALL_MASK, "fr_FR.UTF-8", (locale_t)0);
|   return !(loc1 == loc2);
| }
configure:12731: result: no
configure:12750: checking for Solaris 11.4 locale system
configure:12785: result: no
configure:12798: checking for getlocalename_l
configure:12798: gcc -o conftest -g -O2   conftest.c  >&5
/usr/bin/ld: /tmp/ccI3s9VB.o: in function `main':
/root/boiler/example_repos/bash/before/conftest.c:154:(.text.startup+0xb): undefined reference to `getlocalename_l'
collect2: error: ld returned 1 exit status
configure:12798: $? = 1
configure: failed program was:
| /* confdefs.h */
| #define PACKAGE_NAME "bash"
| #define PACKAGE_TARNAME "bash"
| #define PACKAGE_VERSION "5.3-release"
| #define PACKAGE_STRING "bash 5.3-release"
| #define PACKAGE_BUGREPORT "bug-bash@gnu.org"
| #define PACKAGE_URL ""
| #define USING_BASH_MALLOC 1
| #define ALIAS 1
| #define PUSHD_AND_POPD 1
| #define RESTRICTED_SHELL 1
| #define PROCESS_SUBSTITUTION 1
| #define PROMPT_STRING_DECODE 1
| #define SELECT_COMMAND 1
| #define HELP_BUILTIN 1
| #define ARRAY_VARS 1
| #define DPAREN_ARITHMETIC 1
| #define BRACE_EXPANSION 1
| #define COMMAND_TIMING 1
| #define EXTENDED_GLOB 1
| #define EXTGLOB_DEFAULT 0
| #define COND_COMMAND 1
| #define COND_REGEXP 1
| #define COPROCESS_SUPPORT 1
| #define ARITH_FOR_COMMAND 1
| #define NETWORK_REDIRECTIONS 1
| #define PROGRAMMABLE_COMPLETION 1
| #define DEBUGGER 1
| #define CASEMOD_ATTRS 1
| #define CASEMOD_EXPANSIONS 1
| #define GLOBASCII_DEFAULT 1
| #define FUNCTION_IMPORT 1
| #define TRANSLATABLE_STRINGS 1
| #define BASH_SOURCE_FULLPATH_DEFAULT 0
| #define MEMSCRAMBLE 1
| #define HAVE_STDIO_H 1
| #define HAVE_STDLIB_H 1
| #define HAVE_STRING_H 1
| #define HAVE_INTTYPES_H 1
| #define HAVE_STDINT_H 1
| #define HAVE_STRINGS_H 1
| #define HAVE_SYS_STAT_H 1
| #define HAVE_SYS_TYPES_H 1
| #define HAVE_UNISTD_H 1
| #define HAVE_WCHAR_H 1
| #define HAVE_STDBOOL_H 1
| #define HAVE_SYS_PARAM_H 1
| #define HAVE_THREADS_H 1
| #define HAVE_SYS_TIME_H 1
| #define STDC_HEADERS 1
| #define _ALL_SOURCE 1
| #define _DARWIN_C_SOURCE 1
| #define _GNU_SOURCE 1
| #define _HPUX_ALT_XOPEN_SOCKET_API 1
| #define _NETBSD_SOURCE 1
| #define _OPENBSD_SOURCE 1
| #define _POSIX_PTHREAD_SEMANTICS 1
| #define __STDC_WANT_IEC_60559_ATTRIBS_EXT__ 1
| #define __STDC_WANT_IEC_60559_BFP_EXT__ 1
| #define __STDC_WANT_IEC_60559_DFP_EXT__ 1
| #define __STDC_WANT_IEC_60559_FUNCS_EXT__ 1
| #define __STDC_WANT_IEC_60559_TYPES_EXT__ 1
| #define __STDC_WANT_LIB_EXT2__ 1
| #define __STDC_WANT_MATH_SPEC_FUNCS__ 1
| #define _TANDEM_SOURCE 1
| #define __EXTENSIONS__ 1
| #define READLINE 1
| #define HISTORY 1
| #define BANG_HISTORY 1
| #define HAVE_STRINGIZE 1
| #define HAVE_LONG_DOUBLE 1
| #define restrict __restrict__
| #define HAVE_VISIBILITY 1
| #define HAVE_STDINT_H_WITH_UINTMAX 1
| #define HAVE_ALLOCA_H 1
| #define HAVE_ALLOCA 1
| #define HAVE_GETPAGESIZE 1
| #define HAVE_SYMLINK 1
| #define HAVE_USELOCALE 1
| #define HAVE_VPRINTF 1
| #define HAVE_ALARM 1
| #define HAVE___FPURGE 1
| #define HAVE_SNPRINTF 1
| #define HAVE_VSNPRINTF 1
| #define HAVE_MMAP 1
| #define INTDIV0_RAISES_SIGFPE 1
| #define HAVE_INTTYPES_H_WITH_UINTMAX 1
| #define HAVE_UNSIGNED_LONG_LONG_INT 1
| #define HAVE_UINTMAX_T 1
| #define HAVE_WEAK_SYMBOLS 1
| #define HAVE_PTHREAD_API 1
| #define USE_POSIX_THREADS 1
| #define USE_POSIX_THREADS_FROM_LIBC 1
| #define HAVE_PTHREAD_RWLOCK 1
| #define HAVE_PTHREAD_MUTEX_RECURSIVE 1
| #define HAVE_ICONV 1
| #define ICONV_CONST 
| #define HAVE_BUILTIN_EXPECT 1
| #define HAVE_INTTYPES_H 1
| #define HAVE_UNISTD_H 1
| #define HAVE_SYS_PARAM_H 1
| #define HAVE_GETCWD 1
| #define HAVE_GETEGID 1
| #define HAVE_GETEUID 1
| #define HAVE_GETGID 1
| #define HAVE_GETUID 1
| #define HAVE_MEMPCPY 1
| #define HAVE_MUNMAP 1
| #define HAVE_STPCPY 1
| #define HAVE_STRCASECMP 1
| #define HAVE_TSEARCH 1
| #define HAVE___FSETLOCKING 1
| #define HAVE_DECL_FEOF_UNLOCKED 1
| #define HAVE_DECL_FGETS_UNLOCKED 1
| #define HAVE_LOCALECONV 1
| #define HAVE_LONG_LONG_INT 1
| #define HAVE_WCHAR_T 1
| #define HAVE_WINT_T 1
| #define HAVE_INTMAX_T 1
| #define HAVE_POSIX_PRINTF 1
| #define HAVE_STDINT_H 1
| #define HAVE_STDINT_H 1
| #define HAVE_WORKING_O_NOATIME 0
| #define HAVE_WORKING_O_NOFOLLOW 0
| #define HAVE_WORKING_USELOCALE 1
| /* end confdefs.h.  */
| /* Define getlocalename_l to an innocuous variant, in case <limits.h> declares getlocalename_l.
|    For example, HP-UX 11i <limits.h> declares gettimeofday.  */
| #define getlocalename_l innocuous_getlocalename_l
| 
| /* System header to define __stub macros and hopefully few prototypes,
|    which can conflict with char getlocalename_l (); below.  */
| 
| #include <limits.h>
| #undef getlocalename_l
| 
| /* Override any GCC internal prototype to avoid an error.
|    Use char because int might match the return type of a GCC
|    builtin and then its argument prototype would still apply.  */
| #ifdef __cplusplus
| extern "C"
| #endif
| char getlocalename_l ();
| /* The GNU C library defines this for functions which it implements
|     to always fail with ENOSYS.  Some functions are actually named
|     something starting with __ and the normal name is an alias.  */
| #if defined __stub_getlocalename_l || defined __stub___getlocalename_l
| choke me
| #endif
| 
| int
| main (void)
| {
| return getlocalename_l ();
|   ;
|   return 0;
| }
configure:12798: result: no
configure:12838: checking for CFPreferencesCopyAppValue
configure:12857: gcc -o conftest -g -O2   conftest.c  -Wl,-framework -Wl,CoreFoundation >&5
conftest.c:128:10: fatal error: CoreFoundation/CFPreferences.h: No such file or directory
  128 | #include <CoreFoundation/CFPreferences.h>
      |          ^~~~~~~~~~~~~~~~~~~~~~~~~~~~~~~~
compilation terminated.
configure:12857: $? = 1
configure: failed program was:
| /* confdefs.h */
| #define PACKAGE_NAME "bash"
| #define PACKAGE_TARNAME "bash"
| #define PACKAGE_VERSION "5.3-release"
| #define PACKAGE_STRING "bash 5.3-release"
| #define PACKAGE_BUGREPORT "bug-bash@gnu.org"
| #define PACKAGE_URL ""
| #define USING_BASH_MALLOC 1
| #define ALIAS 1
| #define PUSHD_AND_POPD 1
| #define RESTRICTED_SHELL 1
| #define PROCESS_SUBSTITUTION 1
| #define PROMPT_STRING_DECODE 1
| #define SELECT_COMMAND 1
| #define HELP_BUILTIN 1
| #define ARRAY_VARS 1
| #define DPAREN_ARITHMETIC 1
| #define BRACE_EXPANSION 1
| #define COMMAND_TIMING 1
| #define EXTENDED_GLOB 1
| #define EXTGLOB_DEFAULT 0
| #define COND_COMMAND 1
| #define COND_REGEXP 1
| #define COPROCESS_SUPPORT 1
| #define ARITH_FOR_COMMAND 1
| #define NETWORK_REDIRECTIONS 1
| #define PROGRAMMABLE_COMPLETION 1
| #define DEBUGGER 1
| #define CASEMOD_ATTRS 1
| #define CASEMOD_EXPANSIONS 1
| #define GLOBASCII_DEFAULT 1
| #define FUNCTION_IMPORT 1
| #define TRANSLATABLE_STRINGS 1
| #define BASH_SOURCE_FULLPATH_DEFAULT 0
| #define MEMSCRAMBLE 1
| #define HAVE_STDIO_H 1
| #define HAVE_STDLIB_H 1
| #define HAVE_STRING_H 1
| #define HAVE_INTTYPES_H 1
| #define HAVE_STDINT_H 1
| #define HAVE_STRINGS_H 1
| #define HAVE_SYS_STAT_H 1
| #define HAVE_SYS_TYPES_H 1
| #define HAVE_UNISTD_H 1
| #define HAVE_WCHAR_H 1
| #define HAVE_STDBOOL_H 1
| #define HAVE_SYS_PARAM_H 1
| #define HAVE_THREADS_H 1
| #define HAVE_SYS_TIME_H 1
| #define STDC_HEADERS 1
| #define _ALL_SOURCE 1
| #define _DARWIN_C_SOURCE 1
| #define _GNU_SOURCE 1
| #define _HPUX_ALT_XOPEN_SOCKET_API 1
| #define _NETBSD_SOURCE 1
| #define _OPENBSD_SOURCE 1
| #define _POSIX_PTHREAD_SEMANTICS 1
| #define __STDC_WANT_IEC_60559_ATTRIBS_EXT__ 1
| #define __STDC_WANT_IEC_60559_BFP_EXT__ 1
| #define __STDC_WANT_IEC_60559_DFP_EXT__ 1
| #define __STDC_WANT_IEC_60559_FUNCS_EXT__ 1
| #define __STDC_WANT_IEC_60559_TYPES_EXT__ 1
| #define __STDC_WANT_LIB_EXT2__ 1
| #define __STDC_WANT_MATH_SPEC_FUNCS__ 1
| #define _TANDEM_SOURCE 1
| #define __EXTENSIONS__ 1
| #define READLINE 1
| #define HISTORY 1
| #define BANG_HISTORY 1
| #define HAVE_STRINGIZE 1
| #define HAVE_LONG_DOUBLE 1
| #define restrict __restrict__
| #define HAVE_VISIBILITY 1
| #define HAVE_STDINT_H_WITH_UINTMAX 1
| #define HAVE_ALLOCA_H 1
| #define HAVE_ALLOCA 1
| #define HAVE_GETPAGESIZE 1
| #define HAVE_SYMLINK 1
| #define HAVE_USELOCALE 1
| #define HAVE_VPRINTF 1
| #define HAVE_ALARM 1
| #define HAVE___FPURGE 1
| #define HAVE_SNPRINTF 1
| #define HAVE_VSNPRINTF 1
| #define HAVE_MMAP 1
| #define INTDIV0_RAISES_SIGFPE 1
| #define HAVE_INTTYPES_H_WITH_UINTMAX 1
| #define HAVE_UNSIGNED_LONG_LONG_INT 1
| #define HAVE_UINTMAX_T 1
| #define HAVE_WEAK_SYMBOLS 1
| #define HAVE_PTHREAD_API 1
| #define USE_POSIX_THREADS 1
| #define USE_POSIX_THREADS_FROM_LIBC 1
| #define HAVE_PTHREAD_RWLOCK 1
| #define HAVE_PTHREAD_MUTEX_RECURSIVE 1
| #define HAVE_ICONV 1
| #define ICONV_CONST 
| #define HAVE_BUILTIN_EXPECT 1
| #define HAVE_INTTYPES_H 1
| #define HAVE_UNISTD_H 1
| #define HAVE_SYS_PARAM_H 1
| #define HAVE_GETCWD 1
| #define HAVE_GETEGID 1
| #define HAVE_GETEUID 1
| #define HAVE_GETGID 1
| #define HAVE_GETUID 1
| #define HAVE_MEMPCPY 1
| #define HAVE_MUNMAP 1
| #define HAVE_STPCPY 1
| #define HAVE_STRCASECMP 1
| #define HAVE_TSEARCH 1
| #define HAVE___FSETLOCKING 1
| #define HAVE_DECL_FEOF_UNLOCKED 1
| #define HAVE_DECL_FGETS_UNLOCKED 1
| #define HAVE_LOCALECONV 1
| #define HAVE_LONG_LONG_INT 1
| #define HAVE_WCHAR_T 1
| #define HAVE_WINT_T 1
| #define HAVE_INTMAX_T 1
| #define HAVE_POSIX_PRINTF 1
| #define HAVE_STDINT_H 1
| #define HAVE_STDINT_H 1
| #define HAVE_WORKING_O_NOATIME 0
| #define HAVE_WORKING_O_NOFOLLOW 0
| #define HAVE_WORKING_USELOCALE 1
| #define HAVE_GOOD_USELOCALE 1
| /* end confdefs.h.  */
| #include <CoreFoundation/CFPreferences.h>
| int
| main (void)
| {
| CFPreferencesCopyAppValue(NULL, NULL)
|   ;
|   return 0;
| }
configure:12867: result: no
configure:12874: checking for CFLocaleCopyPreferredLanguages
configure:12893: gcc -o conftest -g -O2   conftest.c  -Wl,-framework -Wl,CoreFoundation >&5
conftest.c:128:10: fatal error: CoreFoundation/CFLocale.h: No such file or directory
  128 | #include <CoreFoundation/CFLocale.h>
      |          ^~~~~~~~~~~~~~~~~~~~~~~~~~~
compilation terminated.
configure:12893: $? = 1
configure: failed program was:
| /* confdefs.h */
| #define PACKAGE_NAME "bash"
| #define PACKAGE_TARNAME "bash"
| #define PACKAGE_VERSION "5.3-release"
| #define PACKAGE_STRING "bash 5.3-release"
| #define PACKAGE_BUGREPORT "bug-bash@gnu.org"
| #define PACKAGE_URL ""
| #define USING_BASH_MALLOC 1
| #define ALIAS 1
| #define PUSHD_AND_POPD 1
| #define RESTRICTED_SHELL 1
| #define PROCESS_SUBSTITUTION 1
| #define PROMPT_STRING_DECODE 1
| #define SELECT_COMMAND 1
| #define HELP_BUILTIN 1
| #define ARRAY_VARS 1
| #define DPAREN_ARITHMETIC 1
| #define BRACE_EXPANSION 1
| #define COMMAND_TIMING 1
| #define EXTENDED_GLOB 1
| #define EXTGLOB_DEFAULT 0
| #define COND_COMMAND 1
| #define COND_REGEXP 1
| #define COPROCESS_SUPPORT 1
| #define ARITH_FOR_COMMAND 1
| #define NETWORK_REDIRECTIONS 1
| #define PROGRAMMABLE_COMPLETION 1
| #define DEBUGGER 1
| #define CASEMOD_ATTRS 1
| #define CASEMOD_EXPANSIONS 1
| #define GLOBASCII_DEFAULT 1
| #define FUNCTION_IMPORT 1
| #define TRANSLATABLE_STRINGS 1
| #define BASH_SOURCE_FULLPATH_DEFAULT 0
| #define MEMSCRAMBLE 1
| #define HAVE_STDIO_H 1
| #define HAVE_STDLIB_H 1
| #define HAVE_STRING_H 1
| #define HAVE_INTTYPES_H 1
| #define HAVE_STDINT_H 1
| #define HAVE_STRINGS_H 1
| #define HAVE_SYS_STAT_H 1
| #define HAVE_SYS_TYPES_H 1
| #define HAVE_UNISTD_H 1
| #define HAVE_WCHAR_H 1
| #define HAVE_STDBOOL_H 1
| #define HAVE_SYS_PARAM_H 1
| #define HAVE_THREADS_H 1
| #define HAVE_SYS_TIME_H 1
| #define STDC_HEADERS 1
| #define _ALL_SOURCE 1
| #define _DARWIN_C_SOURCE 1
| #define _GNU_SOURCE 1
| #define _HPUX_ALT_XOPEN_SOCKET_API 1
| #define _NETBSD_SOURCE 1
| #define _OPENBSD_SOURCE 1
| #define _POSIX_PTHREAD_SEMANTICS 1
| #define __STDC_WANT_IEC_60559_ATTRIBS_EXT__ 1
| #define __STDC_WANT_IEC_60559_BFP_EXT__ 1
| #define __STDC_WANT_IEC_60559_DFP_EXT__ 1
| #define __STDC_WANT_IEC_60559_FUNCS_EXT__ 1
| #define __STDC_WANT_IEC_60559_TYPES_EXT__ 1
| #define __STDC_WANT_LIB_EXT2__ 1
| #define __STDC_WANT_MATH_SPEC_FUNCS__ 1
| #define _TANDEM_SOURCE 1
| #define __EXTENSIONS__ 1
| #define READLINE 1
| #define HISTORY 1
| #define BANG_HISTORY 1
| #define HAVE_STRINGIZE 1
| #define HAVE_LONG_DOUBLE 1
| #define restrict __restrict__
| #define HAVE_VISIBILITY 1
| #define HAVE_STDINT_H_WITH_UINTMAX 1
| #define HAVE_ALLOCA_H 1
| #define HAVE_ALLOCA 1
| #define HAVE_GETPAGESIZE 1
| #define HAVE_SYMLINK 1
| #define HAVE_USELOCALE 1
| #define HAVE_VPRINTF 1
| #define HAVE_ALARM 1
| #define HAVE___FPURGE 1
| #define HAVE_SNPRINTF 1
| #define HAVE_VSNPRINTF 1
| #define HAVE_MMAP 1
| #define INTDIV0_RAISES_SIGFPE 1
| #define HAVE_INTTYPES_H_WITH_UINTMAX 1
| #define HAVE_UNSIGNED_LONG_LONG_INT 1
| #define HAVE_UINTMAX_T 1
| #define HAVE_WEAK_SYMBOLS 1
| #define HAVE_PTHREAD_API 1
| #define USE_POSIX_THREADS 1
| #define USE_POSIX_THREADS_FROM_LIBC 1
| #define HAVE_PTHREAD_RWLOCK 1
| #define HAVE_PTHREAD_MUTEX_RECURSIVE 1
| #define HAVE_ICONV 1
| #define ICONV_CONST 
| #define HAVE_BUILTIN_EXPECT 1
| #define HAVE_INTTYPES_H 1
| #define HAVE_UNISTD_H 1
| #define HAVE_SYS_PARAM_H 1
| #define HAVE_GETCWD 1
| #define HAVE_GETEGID 1
| #define HAVE_GETEUID 1
| #define HAVE_GETGID 1
| #define HAVE_GETUID 1
| #define HAVE_MEMPCPY 1
| #define HAVE_MUNMAP 1
| #define HAVE_STPCPY 1
| #define HAVE_STRCASECMP 1
| #define HAVE_TSEARCH 1
| #define HAVE___FSETLOCKING 1
| #define HAVE_DECL_FEOF_UNLOCKED 1
| #define HAVE_DECL_FGETS_UNLOCKED 1
| #define HAVE_LOCALECONV 1
| #define HAVE_LONG_LONG_INT 1
| #define HAVE_WCHAR_T 1
| #define HAVE_WINT_T 1
| #define HAVE_INTMAX_T 1
| #define HAVE_POSIX_PRINTF 1
| #define HAVE_STDINT_H 1
| #define HAVE_STDINT_H 1
| #define HAVE_WORKING_O_NOATIME 0
| #define HAVE_WORKING_O_NOFOLLOW 0
| #define HAVE_WORKING_USELOCALE 1
| #define HAVE_GOOD_USELOCALE 1
| /* end confdefs.h.  */
| #include <CoreFoundation/CFLocale.h>
| int
| main (void)
| {
| CFLocaleCopyPreferredLanguages();
|   ;
|   return 0;
| }
configure:12903: result: no
configure:12923: checking for flexible array member
configure:12952: gcc -c -g -O2  conftest.c >&5
configure:12952: $? = 0
configure:12960: result: yes
configure:13029: checking for ar
configure:13061: result: ar
configure:13097: checking for ptrdiff_t
configure:13097: gcc -c -g -O2  conftest.c >&5
configure:13097: $? = 0
configure:13097: gcc -c -g -O2  conftest.c >&5
conftest.c: In function 'main':
conftest.c:160:24: error: expected expression before ')' token
  160 | if (sizeof ((ptrdiff_t)))
      |                        ^
configure:13097: $? = 1
configure: failed program was:
| /* confdefs.h */
| #define PACKAGE_NAME "bash"
| #define PACKAGE_TARNAME "bash"
| #define PACKAGE_VERSION "5.3-release"
| #define PACKAGE_STRING "bash 5.3-release"
| #define PACKAGE_BUGREPORT "bug-bash@gnu.org"
| #define PACKAGE_URL ""
| #define USING_BASH_MALLOC 1
| #define ALIAS 1
| #define PUSHD_AND_POPD 1
| #define RESTRICTED_SHELL 1
| #define PROCESS_SUBSTITUTION 1
| #define PROMPT_STRING_DECODE 1
| #define SELECT_COMMAND 1
| #define HELP_BUILTIN 1
| #define ARRAY_VARS 1
| #define DPAREN_ARITHMETIC 1
| #define BRACE_EXPANSION 1
| #define COMMAND_TIMING 1
| #define EXTENDED_GLOB 1
| #define EXTGLOB_DEFAULT 0
| #define COND_COMMAND 1
| #define COND_REGEXP 1
| #define COPROCESS_SUPPORT 1
| #define ARITH_FOR_COMMAND 1
| #define NETWORK_REDIRECTIONS 1
| #define PROGRAMMABLE_COMPLETION 1
| #define DEBUGGER 1
| #define CASEMOD_ATTRS 1
| #define CASEMOD_EXPANSIONS 1
| #define GLOBASCII_DEFAULT 1
| #define FUNCTION_IMPORT 1
| #define TRANSLATABLE_STRINGS 1
| #define BASH_SOURCE_FULLPATH_DEFAULT 0
| #define MEMSCRAMBLE 1
| #define HAVE_STDIO_H 1
| #define HAVE_STDLIB_H 1
| #define HAVE_STRING_H 1
| #define HAVE_INTTYPES_H 1
| #define HAVE_STDINT_H 1
| #define HAVE_STRINGS_H 1
| #define HAVE_SYS_STAT_H 1
| #define HAVE_SYS_TYPES_H 1
| #define HAVE_UNISTD_H 1
| #define HAVE_WCHAR_H 1
| #define HAVE_STDBOOL_H 1
| #define HAVE_SYS_PARAM_H 1
| #define HAVE_THREADS_H 1
| #define HAVE_SYS_TIME_H 1
| #define STDC_HEADERS 1
| #define _ALL_SOURCE 1
| #define _DARWIN_C_SOURCE 1
| #define _GNU_SOURCE 1
| #define _HPUX_ALT_XOPEN_SOCKET_API 1
| #define _NETBSD_SOURCE 1
| #define _OPENBSD_SOURCE 1
| #define _POSIX_PTHREAD_SEMANTICS 1
| #define __STDC_WANT_IEC_60559_ATTRIBS_EXT__ 1
| #define __STDC_WANT_IEC_60559_BFP_EXT__ 1
| #define __STDC_WANT_IEC_60559_DFP_EXT__ 1
| #define __STDC_WANT_IEC_60559_FUNCS_EXT__ 1
| #define __STDC_WANT_IEC_60559_TYPES_EXT__ 1
| #define __STDC_WANT_LIB_EXT2__ 1
| #define __STDC_WANT_MATH_SPEC_FUNCS__ 1
| #define _TANDEM_SOURCE 1
| #define __EXTENSIONS__ 1
| #define READLINE 1
| #define HISTORY 1
| #define BANG_HISTORY 1
| #define HAVE_STRINGIZE 1
| #define HAVE_LONG_DOUBLE 1
| #define restrict __restrict__
| #define HAVE_VISIBILITY 1
| #define HAVE_STDINT_H_WITH_UINTMAX 1
| #define HAVE_ALLOCA_H 1
| #define HAVE_ALLOCA 1
| #define HAVE_GETPAGESIZE 1
| #define HAVE_SYMLINK 1
| #define HAVE_USELOCALE 1
| #define HAVE_VPRINTF 1
| #define HAVE_ALARM 1
| #define HAVE___FPURGE 1
| #define HAVE_SNPRINTF 1
| #define HAVE_VSNPRINTF 1
| #define HAVE_MMAP 1
| #define INTDIV0_RAISES_SIGFPE 1
| #define HAVE_INTTYPES_H_WITH_UINTMAX 1
| #define HAVE_UNSIGNED_LONG_LONG_INT 1
| #define HAVE_UINTMAX_T 1
| #define HAVE_WEAK_SYMBOLS 1
| #define HAVE_PTHREAD_API 1
| #define USE_POSIX_THREADS 1
| #define USE_POSIX_THREADS_FROM_LIBC 1
| #define HAVE_PTHREAD_RWLOCK 1
| #define HAVE_PTHREAD_MUTEX_RECURSIVE 1
| #define HAVE_ICONV 1
| #define ICONV_CONST 
| #define HAVE_BUILTIN_EXPECT 1
| #define HAVE_INTTYPES_H 1
| #define HAVE_UNISTD_H 1
| #define HAVE_SYS_PARAM_H 1
| #define HAVE_GETCWD 1
| #define HAVE_GETEGID 1
| #define HAVE_GETEUID 1
| #define HAVE_GETGID 1
| #define HAVE_GETUID 1
| #define HAVE_MEMPCPY 1
| #define HAVE_MUNMAP 1
| #define HAVE_STPCPY 1
| #define HAVE_STRCASECMP 1
| #define HAVE_TSEARCH 1
| #define HAVE___FSETLOCKING 1
| #define HAVE_DECL_FEOF_UNLOCKED 1
| #define HAVE_DECL_FGETS_UNLOCKED 1
| #define HAVE_LOCALECONV 1
| #define HAVE_LONG_LONG_INT 1
| #define HAVE_WCHAR_T 1
| #define HAVE_WINT_T 1
| #define HAVE_INTMAX_T 1
| #define HAVE_POSIX_PRINTF 1
| #define HAVE_STDINT_H 1
| #define HAVE_STDINT_H 1
| #define HAVE_WORKING_O_NOATIME 0
| #define HAVE_WORKING_O_NOFOLLOW 0
| #define HAVE_WORKING_USELOCALE 1
| #define HAVE_GOOD_USELOCALE 1
| #define FLEXIBLE_ARRAY_MEMBER /**/
| /* end confdefs.h.  */
| #include <stddef.h>
| #ifdef HAVE_STDIO_H
| # include <stdio.h>
| #endif
| #ifdef HAVE_STDLIB_H
| # include <stdlib.h>
| #endif
| #ifdef HAVE_STRING_H
| # include <string.h>
| #endif
| #ifdef HAVE_INTTYPES_H
| # include <inttypes.h>
| #endif
| #ifdef HAVE_STDINT_H
| # include <stdint.h>
| #endif
| #ifdef HAVE_STRINGS_H
| # include <strings.h>
| #endif
| #ifdef HAVE_SYS_TYPES_H
| # include <sys/types.h>
| #endif
| #ifdef HAVE_SYS_STAT_H
| # include <sys/stat.h>
| #endif
| #ifdef HAVE_UNISTD_H
| # include <unistd.h>
| #endif
| int
| main (void)
| {
| if (sizeof ((ptrdiff_t)))
| 	    return 0;
|   ;
|   return 0;
| }
configure:13097: result: yes
configure:13108: checking for features.h
configure:13108: gcc -c -g -O2  conftest.c >&5
configure:13108: $? = 0
configure:13108: result: yes
configure:13114: checking for stddef.h
configure:13114: gcc -c -g -O2  conftest.c >&5
configure:13114: $? = 0
configure:13114: result: yes
configure:13120: checking for stdlib.h
configure:13120: result: yes
configure:13126: checking for string.h
configure:13126: result: yes
configure:13133: checking for asprintf
configure:13133: gcc -o conftest -g -O2   conftest.c  >&5
configure:13133: $? = 0
configure:13133: result: yes
configure:13139: checking for wprintf
configure:13139: gcc -o conftest -g -O2   conftest.c  >&5
configure:13139: $? = 0
configure:13139: result: yes
configure:13145: checking for newlocale
configure:13145: gcc -o conftest -g -O2   conftest.c  >&5
configure:13145: $? = 0
configure:13145: result: yes
configure:13151: checking for putenv
configure:13151: gcc -o conftest -g -O2   conftest.c  >&5
configure:13151: $? = 0
configure:13151: result: yes
configure:13157: checking for setenv
configure:13157: gcc -o conftest -g -O2   conftest.c  >&5
configure:13157: $? = 0
configure:13157: result: yes
configure:13163: checking for snprintf
configure:13163: result: yes
configure:13169: checking for strnlen
configure:13169: gcc -o conftest -g -O2   conftest.c  >&5
conftest.c:155:6: warning: conflicting types for built-in function 'strnlen'; expected 'long unsigned int(const char *, long unsigned int)' [-Wbuiltin-declaration-mismatch]
  155 | char strnlen ();
      |      ^~~~~~~
configure:13169: $? = 0
configure:13169: result: yes
configure:13175: checking for uselocale
configure:13175: result: yes
configure:13181: checking for wcslen
configure:13181: gcc -o conftest -g -O2   conftest.c  >&5
configure:13181: $? = 0
configure:13181: result: yes
configure:13187: checking for wcsnlen
configure:13187: gcc -o conftest -g -O2   conftest.c  >&5
configure:13187: $? = 0
configure:13187: result: yes
configure:13193: checking for mbrtowc
configure:13193: gcc -o conftest -g -O2   conftest.c  >&5
configure:13193: $? = 0
configure:13193: result: yes
configure:13199: checking for wcrtomb
configure:13199: gcc -o conftest -g -O2   conftest.c  >&5
configure:13199: $? = 0
configure:13199: result: yes
configure:13207: checking whether _snprintf is declared
configure:13207: gcc -c -g -O2   conftest.c >&5
conftest.c: In function 'main':
conftest.c:154:10: error: '_snprintf' undeclared (first use in this function); did you mean 'vsnprintf'?
  154 |   (void) _snprintf;
      |          ^~~~~~~~~
      |          vsnprintf
conftest.c:154:10: note: each undeclared identifier is reported only once for each function it appears in
configure:13207: $? = 1
configure: failed program was:
| /* confdefs.h */
| #define PACKAGE_NAME "bash"
| #define PACKAGE_TARNAME "bash"
| #define PACKAGE_VERSION "5.3-release"
| #define PACKAGE_STRING "bash 5.3-release"
| #define PACKAGE_BUGREPORT "bug-bash@gnu.org"
| #define PACKAGE_URL ""
| #define USING_BASH_MALLOC 1
| #define ALIAS 1
| #define PUSHD_AND_POPD 1
| #define RESTRICTED_SHELL 1
| #define PROCESS_SUBSTITUTION 1
| #define PROMPT_STRING_DECODE 1
| #define SELECT_COMMAND 1
| #define HELP_BUILTIN 1
| #define ARRAY_VARS 1
| #define DPAREN_ARITHMETIC 1
| #define BRACE_EXPANSION 1
| #define COMMAND_TIMING 1
| #define EXTENDED_GLOB 1
| #define EXTGLOB_DEFAULT 0
| #define COND_COMMAND 1
| #define COND_REGEXP 1
| #define COPROCESS_SUPPORT 1
| #define ARITH_FOR_COMMAND 1
| #define NETWORK_REDIRECTIONS 1
| #define PROGRAMMABLE_COMPLETION 1
| #define DEBUGGER 1
| #define CASEMOD_ATTRS 1
| #define CASEMOD_EXPANSIONS 1
| #define GLOBASCII_DEFAULT 1
| #define FUNCTION_IMPORT 1
| #define TRANSLATABLE_STRINGS 1
| #define BASH_SOURCE_FULLPATH_DEFAULT 0
| #define MEMSCRAMBLE 1
| #define HAVE_STDIO_H 1
| #define HAVE_STDLIB_H 1
| #define HAVE_STRING_H 1
| #define HAVE_INTTYPES_H 1
| #define HAVE_STDINT_H 1
| #define HAVE_STRINGS_H 1
| #define HAVE_SYS_STAT_H 1
| #define HAVE_SYS_TYPES_H 1
| #define HAVE_UNISTD_H 1
| #define HAVE_WCHAR_H 1
| #define HAVE_STDBOOL_H 1
| #define HAVE_SYS_PARAM_H 1
| #define HAVE_THREADS_H 1
| #define HAVE_SYS_TIME_H 1
| #define STDC_HEADERS 1
| #define _ALL_SOURCE 1
| #define _DARWIN_C_SOURCE 1
| #define _GNU_SOURCE 1
| #define _HPUX_ALT_XOPEN_SOCKET_API 1
| #define _NETBSD_SOURCE 1
| #define _OPENBSD_SOURCE 1
| #define _POSIX_PTHREAD_SEMANTICS 1
| #define __STDC_WANT_IEC_60559_ATTRIBS_EXT__ 1
| #define __STDC_WANT_IEC_60559_BFP_EXT__ 1
| #define __STDC_WANT_IEC_60559_DFP_EXT__ 1
| #define __STDC_WANT_IEC_60559_FUNCS_EXT__ 1
| #define __STDC_WANT_IEC_60559_TYPES_EXT__ 1
| #define __STDC_WANT_LIB_EXT2__ 1
| #define __STDC_WANT_MATH_SPEC_FUNCS__ 1
| #define _TANDEM_SOURCE 1
| #define __EXTENSIONS__ 1
| #define READLINE 1
| #define HISTORY 1
| #define BANG_HISTORY 1
| #define HAVE_STRINGIZE 1
| #define HAVE_LONG_DOUBLE 1
| #define restrict __restrict__
| #define HAVE_VISIBILITY 1
| #define HAVE_STDINT_H_WITH_UINTMAX 1
| #define HAVE_ALLOCA_H 1
| #define HAVE_ALLOCA 1
| #define HAVE_GETPAGESIZE 1
| #define HAVE_SYMLINK 1
| #define HAVE_USELOCALE 1
| #define HAVE_VPRINTF 1
| #define HAVE_ALARM 1
| #define HAVE___FPURGE 1
| #define HAVE_SNPRINTF 1
| #define HAVE_VSNPRINTF 1
| #define HAVE_MMAP 1
| #define INTDIV0_RAISES_SIGFPE 1
| #define HAVE_INTTYPES_H_WITH_UINTMAX 1
| #define HAVE_UNSIGNED_LONG_LONG_INT 1
| #define HAVE_UINTMAX_T 1
| #define HAVE_WEAK_SYMBOLS 1
| #define HAVE_PTHREAD_API 1
| #define USE_POSIX_THREADS 1
| #define USE_POSIX_THREADS_FROM_LIBC 1
| #define HAVE_PTHREAD_RWLOCK 1
| #define HAVE_PTHREAD_MUTEX_RECURSIVE 1
| #define HAVE_ICONV 1
| #define ICONV_CONST 
| #define HAVE_BUILTIN_EXPECT 1
| #define HAVE_INTTYPES_H 1
| #define HAVE_UNISTD_H 1
| #define HAVE_SYS_PARAM_H 1
| #define HAVE_GETCWD 1
| #define HAVE_GETEGID 1
| #define HAVE_GETEUID 1
| #define HAVE_GETGID 1
| #define HAVE_GETUID 1
| #define HAVE_MEMPCPY 1
| #define HAVE_MUNMAP 1
| #define HAVE_STPCPY 1
| #define HAVE_STRCASECMP 1
| #define HAVE_TSEARCH 1
| #define HAVE___FSETLOCKING 1
| #define HAVE_DECL_FEOF_UNLOCKED 1
| #define HAVE_DECL_FGETS_UNLOCKED 1
| #define HAVE_LOCALECONV 1
| #define HAVE_LONG_LONG_INT 1
| #define HAVE_WCHAR_T 1
| #define HAVE_WINT_T 1
| #define HAVE_INTMAX_T 1
| #define HAVE_POSIX_PRINTF 1
| #define HAVE_STDINT_H 1
| #define HAVE_STDINT_H 1
| #define HAVE_WORKING_O_NOATIME 0
| #define HAVE_WORKING_O_NOFOLLOW 0
| #define HAVE_WORKING_USELOCALE 1
| #define HAVE_GOOD_USELOCALE 1
| #define FLEXIBLE_ARRAY_MEMBER /**/
| #define HAVE_FEATURES_H 1
| #define HAVE_STDDEF_H 1
| #define HAVE_STDLIB_H 1
| #define HAVE_STRING_H 1
| #define HAVE_ASPRINTF 1
| #define HAVE_WPRINTF 1
| #define HAVE_NEWLOCALE 1
| #define HAVE_PUTENV 1
| #define HAVE_SETENV 1
| #define HAVE_SNPRINTF 1
| #define HAVE_STRNLEN 1
| #define HAVE_USELOCALE 1
| #define HAVE_WCSLEN 1
| #define HAVE_WCSNLEN 1
| #define HAVE_MBRTOWC 1
| #define HAVE_WCRTOMB 1
| /* end confdefs.h.  */
| #include <stdio.h>
| 
| int
| main (void)
| {
| #ifndef _snprintf
| #ifdef __cplusplus
|   (void) _snprintf;
| #else
|   (void) _snprintf;
| #endif
| #endif
| 
|   ;
|   return 0;
| }
configure:13207: result: no
configure:13216: checking whether _snwprintf is declared
configure:13216: gcc -c -g -O2   conftest.c >&5
conftest.c: In function 'main':
conftest.c:155:10: error: '_snwprintf' undeclared (first use in this function); did you mean 'vsnprintf'?
  155 |   (void) _snwprintf;
      |          ^~~~~~~~~~
      |          vsnprintf
conftest.c:155:10: note: each undeclared identifier is reported only once for each function it appears in
configure:13216: $? = 1
configure: failed program was:
| /* confdefs.h */
| #define PACKAGE_NAME "bash"
| #define PACKAGE_TARNAME "bash"
| #define PACKAGE_VERSION "5.3-release"
| #define PACKAGE_STRING "bash 5.3-release"
| #define PACKAGE_BUGREPORT "bug-bash@gnu.org"
| #define PACKAGE_URL ""
| #define USING_BASH_MALLOC 1
| #define ALIAS 1
| #define PUSHD_AND_POPD 1
| #define RESTRICTED_SHELL 1
| #define PROCESS_SUBSTITUTION 1
| #define PROMPT_STRING_DECODE 1
| #define SELECT_COMMAND 1
| #define HELP_BUILTIN 1
| #define ARRAY_VARS 1
| #define DPAREN_ARITHMETIC 1
| #define BRACE_EXPANSION 1
| #define COMMAND_TIMING 1
| #define EXTENDED_GLOB 1
| #define EXTGLOB_DEFAULT 0
| #define COND_COMMAND 1
| #define COND_REGEXP 1
| #define COPROCESS_SUPPORT 1
| #define ARITH_FOR_COMMAND 1
| #define NETWORK_REDIRECTIONS 1
| #define PROGRAMMABLE_COMPLETION 1
| #define DEBUGGER 1
| #define CASEMOD_ATTRS 1
| #define CASEMOD_EXPANSIONS 1
| #define GLOBASCII_DEFAULT 1
| #define FUNCTION_IMPORT 1
| #define TRANSLATABLE_STRINGS 1
| #define BASH_SOURCE_FULLPATH_DEFAULT 0
| #define MEMSCRAMBLE 1
| #define HAVE_STDIO_H 1
| #define HAVE_STDLIB_H 1
| #define HAVE_STRING_H 1
| #define HAVE_INTTYPES_H 1
| #define HAVE_STDINT_H 1
| #define HAVE_STRINGS_H 1
| #define HAVE_SYS_STAT_H 1
| #define HAVE_SYS_TYPES_H 1
| #define HAVE_UNISTD_H 1
| #define HAVE_WCHAR_H 1
| #define HAVE_STDBOOL_H 1
| #define HAVE_SYS_PARAM_H 1
| #define HAVE_THREADS_H 1
| #define HAVE_SYS_TIME_H 1
| #define STDC_HEADERS 1
| #define _ALL_SOURCE 1
| #define _DARWIN_C_SOURCE 1
| #define _GNU_SOURCE 1
| #define _HPUX_ALT_XOPEN_SOCKET_API 1
| #define _NETBSD_SOURCE 1
| #define _OPENBSD_SOURCE 1
| #define _POSIX_PTHREAD_SEMANTICS 1
| #define __STDC_WANT_IEC_60559_ATTRIBS_EXT__ 1
| #define __STDC_WANT_IEC_60559_BFP_EXT__ 1
| #define __STDC_WANT_IEC_60559_DFP_EXT__ 1
| #define __STDC_WANT_IEC_60559_FUNCS_EXT__ 1
| #define __STDC_WANT_IEC_60559_TYPES_EXT__ 1
| #define __STDC_WANT_LIB_EXT2__ 1
| #define __STDC_WANT_MATH_SPEC_FUNCS__ 1
| #define _TANDEM_SOURCE 1
| #define __EXTENSIONS__ 1
| #define READLINE 1
| #define HISTORY 1
| #define BANG_HISTORY 1
| #define HAVE_STRINGIZE 1
| #define HAVE_LONG_DOUBLE 1
| #define restrict __restrict__
| #define HAVE_VISIBILITY 1
| #define HAVE_STDINT_H_WITH_UINTMAX 1
| #define HAVE_ALLOCA_H 1
| #define HAVE_ALLOCA 1
| #define HAVE_GETPAGESIZE 1
| #define HAVE_SYMLINK 1
| #define HAVE_USELOCALE 1
| #define HAVE_VPRINTF 1
| #define HAVE_ALARM 1
| #define HAVE___FPURGE 1
| #define HAVE_SNPRINTF 1
| #define HAVE_VSNPRINTF 1
| #define HAVE_MMAP 1
| #define INTDIV0_RAISES_SIGFPE 1
| #define HAVE_INTTYPES_H_WITH_UINTMAX 1
| #define HAVE_UNSIGNED_LONG_LONG_INT 1
| #define HAVE_UINTMAX_T 1
| #define HAVE_WEAK_SYMBOLS 1
| #define HAVE_PTHREAD_API 1
| #define USE_POSIX_THREADS 1
| #define USE_POSIX_THREADS_FROM_LIBC 1
| #define HAVE_PTHREAD_RWLOCK 1
| #define HAVE_PTHREAD_MUTEX_RECURSIVE 1
| #define HAVE_ICONV 1
| #define ICONV_CONST 
| #define HAVE_BUILTIN_EXPECT 1
| #define HAVE_INTTYPES_H 1
| #define HAVE_UNISTD_H 1
| #define HAVE_SYS_PARAM_H 1
| #define HAVE_GETCWD 1
| #define HAVE_GETEGID 1
| #define HAVE_GETEUID 1
| #define HAVE_GETGID 1
| #define HAVE_GETUID 1
| #define HAVE_MEMPCPY 1
| #define HAVE_MUNMAP 1
| #define HAVE_STPCPY 1
| #define HAVE_STRCASECMP 1
| #define HAVE_TSEARCH 1
| #define HAVE___FSETLOCKING 1
| #define HAVE_DECL_FEOF_UNLOCKED 1
| #define HAVE_DECL_FGETS_UNLOCKED 1
| #define HAVE_LOCALECONV 1
| #define HAVE_LONG_LONG_INT 1
| #define HAVE_WCHAR_T 1
| #define HAVE_WINT_T 1
| #define HAVE_INTMAX_T 1
| #define HAVE_POSIX_PRINTF 1
| #define HAVE_STDINT_H 1
| #define HAVE_STDINT_H 1
| #define HAVE_WORKING_O_NOATIME 0
| #define HAVE_WORKING_O_NOFOLLOW 0
| #define HAVE_WORKING_USELOCALE 1
| #define HAVE_GOOD_USELOCALE 1
| #define FLEXIBLE_ARRAY_MEMBER /**/
| #define HAVE_FEATURES_H 1
| #define HAVE_STDDEF_H 1
| #define HAVE_STDLIB_H 1
| #define HAVE_STRING_H 1
| #define HAVE_ASPRINTF 1
| #define HAVE_WPRINTF 1
| #define HAVE_NEWLOCALE 1
| #define HAVE_PUTENV 1
| #define HAVE_SETENV 1
| #define HAVE_SNPRINTF 1
| #define HAVE_STRNLEN 1
| #define HAVE_USELOCALE 1
| #define HAVE_WCSLEN 1
| #define HAVE_WCSNLEN 1
| #define HAVE_MBRTOWC 1
| #define HAVE_WCRTOMB 1
| #define HAVE_DECL__SNPRINTF 0
| /* end confdefs.h.  */
| #include <stdio.h>
| 
| int
| main (void)
| {
| #ifndef _snwprintf
| #ifdef __cplusplus
|   (void) _snwprintf;
| #else
|   (void) _snwprintf;
| #endif
| #endif
| 
|   ;
|   return 0;
| }
configure:13216: result: no
configure:13227: checking whether getc_unlocked is declared
configure:13227: gcc -c -g -O2   conftest.c >&5
configure:13227: $? = 0
configure:13227: result: yes
configure:13269: checking for nl_langinfo and CODESET
configure:13286: gcc -o conftest -g -O2   conftest.c  >&5
configure:13286: $? = 0
configure:13296: result: yes
configure:13307: checking for LC_MESSAGES
configure:13324: gcc -o conftest -g -O2   conftest.c  >&5
configure:13324: $? = 0
configure:13333: result: yes
configure:13495: checking for CFPreferencesCopyAppValue
configure:13524: result: no
configure:13531: checking for CFLocaleCopyPreferredLanguages
configure:13560: result: no
configure:13596: checking whether included gettext is requested
configure:13607: result: no
configure:13630: checking for GNU gettext in libc
configure:13660: gcc -o conftest -g -O2   conftest.c  >&5
configure:13660: $? = 0
configure:13670: result: yes
configure:14312: checking whether to use NLS
configure:14314: result: yes
configure:14317: checking where the gettext function comes from
configure:14328: result: libc
configure:14395: checking for dirent.h that defines DIR
configure:14415: gcc -c -g -O2  conftest.c >&5
configure:14415: $? = 0
configure:14424: result: yes
configure:14438: checking for library containing opendir
configure:14468: gcc -o conftest -g -O2   conftest.c  >&5
configure:14468: $? = 0
configure:14488: result: none required
configure:14560: checking for sys/mkdev.h
configure:14560: gcc -c -g -O2  conftest.c >&5
conftest.c:183:10: fatal error: sys/mkdev.h: No such file or directory
  183 | #include <sys/mkdev.h>
      |          ^~~~~~~~~~~~~
compilation terminated.
configure:14560: $? = 1
configure: failed program was:
| /* confdefs.h */
| #define PACKAGE_NAME "bash"
| #define PACKAGE_TARNAME "bash"
| #define PACKAGE_VERSION "5.3-release"
| #define PACKAGE_STRING "bash 5.3-release"
| #define PACKAGE_BUGREPORT "bug-bash@gnu.org"
| #define PACKAGE_URL ""
| #define USING_BASH_MALLOC 1
| #define ALIAS 1
| #define PUSHD_AND_POPD 1
| #define RESTRICTED_SHELL 1
| #define PROCESS_SUBSTITUTION 1
| #define PROMPT_STRING_DECODE 1
| #define SELECT_COMMAND 1
| #define HELP_BUILTIN 1
| #define ARRAY_VARS 1
| #define DPAREN_ARITHMETIC 1
| #define BRACE_EXPANSION 1
| #define COMMAND_TIMING 1
| #define EXTENDED_GLOB 1
| #define EXTGLOB_DEFAULT 0
| #define COND_COMMAND 1
| #define COND_REGEXP 1
| #define COPROCESS_SUPPORT 1
| #define ARITH_FOR_COMMAND 1
| #define NETWORK_REDIRECTIONS 1
| #define PROGRAMMABLE_COMPLETION 1
| #define DEBUGGER 1
| #define CASEMOD_ATTRS 1
| #define CASEMOD_EXPANSIONS 1
| #define GLOBASCII_DEFAULT 1
| #define FUNCTION_IMPORT 1
| #define TRANSLATABLE_STRINGS 1
| #define BASH_SOURCE_FULLPATH_DEFAULT 0
| #define MEMSCRAMBLE 1
| #define HAVE_STDIO_H 1
| #define HAVE_STDLIB_H 1
| #define HAVE_STRING_H 1
| #define HAVE_INTTYPES_H 1
| #define HAVE_STDINT_H 1
| #define HAVE_STRINGS_H 1
| #define HAVE_SYS_STAT_H 1
| #define HAVE_SYS_TYPES_H 1
| #define HAVE_UNISTD_H 1
| #define HAVE_WCHAR_H 1
| #define HAVE_STDBOOL_H 1
| #define HAVE_SYS_PARAM_H 1
| #define HAVE_THREADS_H 1
| #define HAVE_SYS_TIME_H 1
| #define STDC_HEADERS 1
| #define _ALL_SOURCE 1
| #define _DARWIN_C_SOURCE 1
| #define _GNU_SOURCE 1
| #define _HPUX_ALT_XOPEN_SOCKET_API 1
| #define _NETBSD_SOURCE 1
| #define _OPENBSD_SOURCE 1
| #define _POSIX_PTHREAD_SEMANTICS 1
| #define __STDC_WANT_IEC_60559_ATTRIBS_EXT__ 1
| #define __STDC_WANT_IEC_60559_BFP_EXT__ 1
| #define __STDC_WANT_IEC_60559_DFP_EXT__ 1
| #define __STDC_WANT_IEC_60559_FUNCS_EXT__ 1
| #define __STDC_WANT_IEC_60559_TYPES_EXT__ 1
| #define __STDC_WANT_LIB_EXT2__ 1
| #define __STDC_WANT_MATH_SPEC_FUNCS__ 1
| #define _TANDEM_SOURCE 1
| #define __EXTENSIONS__ 1
| #define READLINE 1
| #define HISTORY 1
| #define BANG_HISTORY 1
| #define HAVE_STRINGIZE 1
| #define HAVE_LONG_DOUBLE 1
| #define restrict __restrict__
| #define HAVE_VISIBILITY 1
| #define HAVE_STDINT_H_WITH_UINTMAX 1
| #define HAVE_ALLOCA_H 1
| #define HAVE_ALLOCA 1
| #define HAVE_GETPAGESIZE 1
| #define HAVE_SYMLINK 1
| #define HAVE_USELOCALE 1
| #define HAVE_VPRINTF 1
| #define HAVE_ALARM 1
| #define HAVE___FPURGE 1
| #define HAVE_SNPRINTF 1
| #define HAVE_VSNPRINTF 1
| #define HAVE_MMAP 1
| #define INTDIV0_RAISES_SIGFPE 1
| #define HAVE_INTTYPES_H_WITH_UINTMAX 1
| #define HAVE_UNSIGNED_LONG_LONG_INT 1
| #define HAVE_UINTMAX_T 1
| #define HAVE_WEAK_SYMBOLS 1
| #define HAVE_PTHREAD_API 1
| #define USE_POSIX_THREADS 1
| #define USE_POSIX_THREADS_FROM_LIBC 1
| #define HAVE_PTHREAD_RWLOCK 1
| #define HAVE_PTHREAD_MUTEX_RECURSIVE 1
| #define HAVE_ICONV 1
| #define ICONV_CONST 
| #define HAVE_BUILTIN_EXPECT 1
| #define HAVE_INTTYPES_H 1
| #define HAVE_UNISTD_H 1
| #define HAVE_SYS_PARAM_H 1
| #define HAVE_GETCWD 1
| #define HAVE_GETEGID 1
| #define HAVE_GETEUID 1
| #define HAVE_GETGID 1
| #define HAVE_GETUID 1
| #define HAVE_MEMPCPY 1
| #define HAVE_MUNMAP 1
| #define HAVE_STPCPY 1
| #define HAVE_STRCASECMP 1
| #define HAVE_TSEARCH 1
| #define HAVE___FSETLOCKING 1
| #define HAVE_DECL_FEOF_UNLOCKED 1
| #define HAVE_DECL_FGETS_UNLOCKED 1
| #define HAVE_LOCALECONV 1
| #define HAVE_LONG_LONG_INT 1
| #define HAVE_WCHAR_T 1
| #define HAVE_WINT_T 1
| #define HAVE_INTMAX_T 1
| #define HAVE_POSIX_PRINTF 1
| #define HAVE_STDINT_H 1
| #define HAVE_STDINT_H 1
| #define HAVE_WORKING_O_NOATIME 0
| #define HAVE_WORKING_O_NOFOLLOW 0
| #define HAVE_WORKING_USELOCALE 1
| #define HAVE_GOOD_USELOCALE 1
| #define FLEXIBLE_ARRAY_MEMBER /**/
| #define HAVE_FEATURES_H 1
| #define HAVE_STDDEF_H 1
| #define HAVE_STDLIB_H 1
| #define HAVE_STRING_H 1
| #define HAVE_ASPRINTF 1
| #define HAVE_WPRINTF 1
| #define HAVE_NEWLOCALE 1
| #define HAVE_PUTENV 1
| #define HAVE_SETENV 1
| #define HAVE_SNPRINTF 1
| #define HAVE_STRNLEN 1
| #define HAVE_USELOCALE 1
| #define HAVE_WCSLEN 1
| #define HAVE_WCSNLEN 1
| #define HAVE_MBRTOWC 1
| #define HAVE_WCRTOMB 1
| #define HAVE_DECL__SNPRINTF 0
| #define HAVE_DECL__SNWPRINTF 0
| #define HAVE_DECL_GETC_UNLOCKED 1
| #define HAVE_NL_LANGINFO 1
| #define HAVE_LANGINFO_CODESET 1
| #define HAVE_LC_MESSAGES 1
| #define ENABLE_NLS 1
| #define HAVE_GETTEXT 1
| #define HAVE_DCGETTEXT 1
| #define HAVE_DIRENT_H 1
| /* end confdefs.h.  */
| #include <stddef.h>
| #ifdef HAVE_STDIO_H
| # include <stdio.h>
| #endif
| #ifdef HAVE_STDLIB_H
| # include <stdlib.h>
| #endif
| #ifdef HAVE_STRING_H
| # include <string.h>
| #endif
| #ifdef HAVE_INTTYPES_H
| # include <inttypes.h>
| #endif
| #ifdef HAVE_STDINT_H
| # include <stdint.h>
| #endif
| #ifdef HAVE_STRINGS_H
| # include <strings.h>
| #endif
| #ifdef HAVE_SYS_TYPES_H
| # include <sys/types.h>
| #endif
| #ifdef HAVE_SYS_STAT_H
| # include <sys/stat.h>
| #endif
| #ifdef HAVE_UNISTD_H
| # include <unistd.h>
| #endif
| #include <sys/mkdev.h>
configure:14560: result: no
configure:14569: checking for sys/sysmacros.h
configure:14569: gcc -c -g -O2  conftest.c >&5
configure:14569: $? = 0
configure:14569: result: yes
configure:14581: checking for inttypes.h
configure:14581: result: yes
configure:14590: checking for unistd.h
configure:14590: result: yes
configure:14596: checking for stdlib.h
configure:14596: result: yes
configure:14602: checking for varargs.h
configure:14602: gcc -c -g -O2  conftest.c >&5
In file included from conftest.c:187:
/usr/lib/gcc/x86_64-linux-gnu/13/include/varargs.h:4:2: error: #error "GCC no longer implements <varargs.h>."
    4 | #error "GCC no longer implements <varargs.h>."
      |  ^~~~~
/usr/lib/gcc/x86_64-linux-gnu/13/include/varargs.h:5:2: error: #error "Revise your code to use <stdarg.h>."
    5 | #error "Revise your code to use <stdarg.h>."
      |  ^~~~~
configure:14602: $? = 1
configure: failed program was:
| /* confdefs.h */
| #define PACKAGE_NAME "bash"
| #define PACKAGE_TARNAME "bash"
| #define PACKAGE_VERSION "5.3-release"
| #define PACKAGE_STRING "bash 5.3-release"
| #define PACKAGE_BUGREPORT "bug-bash@gnu.org"
| #define PACKAGE_URL ""
| #define USING_BASH_MALLOC 1
| #define ALIAS 1
| #define PUSHD_AND_POPD 1
| #define RESTRICTED_SHELL 1
| #define PROCESS_SUBSTITUTION 1
| #define PROMPT_STRING_DECODE 1
| #define SELECT_COMMAND 1
| #define HELP_BUILTIN 1
| #define ARRAY_VARS 1
| #define DPAREN_ARITHMETIC 1
| #define BRACE_EXPANSION 1
| #define COMMAND_TIMING 1
| #define EXTENDED_GLOB 1
| #define EXTGLOB_DEFAULT 0
| #define COND_COMMAND 1
| #define COND_REGEXP 1
| #define COPROCESS_SUPPORT 1
| #define ARITH_FOR_COMMAND 1
| #define NETWORK_REDIRECTIONS 1
| #define PROGRAMMABLE_COMPLETION 1
| #define DEBUGGER 1
| #define CASEMOD_ATTRS 1
| #define CASEMOD_EXPANSIONS 1
| #define GLOBASCII_DEFAULT 1
| #define FUNCTION_IMPORT 1
| #define TRANSLATABLE_STRINGS 1
| #define BASH_SOURCE_FULLPATH_DEFAULT 0
| #define MEMSCRAMBLE 1
| #define HAVE_STDIO_H 1
| #define HAVE_STDLIB_H 1
| #define HAVE_STRING_H 1
| #define HAVE_INTTYPES_H 1
| #define HAVE_STDINT_H 1
| #define HAVE_STRINGS_H 1
| #define HAVE_SYS_STAT_H 1
| #define HAVE_SYS_TYPES_H 1
| #define HAVE_UNISTD_H 1
| #define HAVE_WCHAR_H 1
| #define HAVE_STDBOOL_H 1
| #define HAVE_SYS_PARAM_H 1
| #define HAVE_THREADS_H 1
| #define HAVE_SYS_TIME_H 1
| #define STDC_HEADERS 1
| #define _ALL_SOURCE 1
| #define _DARWIN_C_SOURCE 1
| #define _GNU_SOURCE 1
| #define _HPUX_ALT_XOPEN_SOCKET_API 1
| #define _NETBSD_SOURCE 1
| #define _OPENBSD_SOURCE 1
| #define _POSIX_PTHREAD_SEMANTICS 1
| #define __STDC_WANT_IEC_60559_ATTRIBS_EXT__ 1
| #define __STDC_WANT_IEC_60559_BFP_EXT__ 1
| #define __STDC_WANT_IEC_60559_DFP_EXT__ 1
| #define __STDC_WANT_IEC_60559_FUNCS_EXT__ 1
| #define __STDC_WANT_IEC_60559_TYPES_EXT__ 1
| #define __STDC_WANT_LIB_EXT2__ 1
| #define __STDC_WANT_MATH_SPEC_FUNCS__ 1
| #define _TANDEM_SOURCE 1
| #define __EXTENSIONS__ 1
| #define READLINE 1
| #define HISTORY 1
| #define BANG_HISTORY 1
| #define HAVE_STRINGIZE 1
| #define HAVE_LONG_DOUBLE 1
| #define restrict __restrict__
| #define HAVE_VISIBILITY 1
| #define HAVE_STDINT_H_WITH_UINTMAX 1
| #define HAVE_ALLOCA_H 1
| #define HAVE_ALLOCA 1
| #define HAVE_GETPAGESIZE 1
| #define HAVE_SYMLINK 1
| #define HAVE_USELOCALE 1
| #define HAVE_VPRINTF 1
| #define HAVE_ALARM 1
| #define HAVE___FPURGE 1
| #define HAVE_SNPRINTF 1
| #define HAVE_VSNPRINTF 1
| #define HAVE_MMAP 1
| #define INTDIV0_RAISES_SIGFPE 1
| #define HAVE_INTTYPES_H_WITH_UINTMAX 1
| #define HAVE_UNSIGNED_LONG_LONG_INT 1
| #define HAVE_UINTMAX_T 1
| #define HAVE_WEAK_SYMBOLS 1
| #define HAVE_PTHREAD_API 1
| #define USE_POSIX_THREADS 1
| #define USE_POSIX_THREADS_FROM_LIBC 1
| #define HAVE_PTHREAD_RWLOCK 1
| #define HAVE_PTHREAD_MUTEX_RECURSIVE 1
| #define HAVE_ICONV 1
| #define ICONV_CONST 
| #define HAVE_BUILTIN_EXPECT 1
| #define HAVE_INTTYPES_H 1
| #define HAVE_UNISTD_H 1
| #define HAVE_SYS_PARAM_H 1
| #define HAVE_GETCWD 1
| #define HAVE_GETEGID 1
| #define HAVE_GETEUID 1
| #define HAVE_GETGID 1
| #define HAVE_GETUID 1
| #define HAVE_MEMPCPY 1
| #define HAVE_MUNMAP 1
| #define HAVE_STPCPY 1
| #define HAVE_STRCASECMP 1
| #define HAVE_TSEARCH 1
| #define HAVE___FSETLOCKING 1
| #define HAVE_DECL_FEOF_UNLOCKED 1
| #define HAVE_DECL_FGETS_UNLOCKED 1
| #define HAVE_LOCALECONV 1
| #define HAVE_LONG_LONG_INT 1
| #define HAVE_WCHAR_T 1
| #define HAVE_WINT_T 1
| #define HAVE_INTMAX_T 1
| #define HAVE_POSIX_PRINTF 1
| #define HAVE_STDINT_H 1
| #define HAVE_STDINT_H 1
| #define HAVE_WORKING_O_NOATIME 0
| #define HAVE_WORKING_O_NOFOLLOW 0
| #define HAVE_WORKING_USELOCALE 1
| #define HAVE_GOOD_USELOCALE 1
| #define FLEXIBLE_ARRAY_MEMBER /**/
| #define HAVE_FEATURES_H 1
| #define HAVE_STDDEF_H 1
| #define HAVE_STDLIB_H 1
| #define HAVE_STRING_H 1
| #define HAVE_ASPRINTF 1
| #define HAVE_WPRINTF 1
| #define HAVE_NEWLOCALE 1
| #define HAVE_PUTENV 1
| #define HAVE_SETENV 1
| #define HAVE_SNPRINTF 1
| #define HAVE_STRNLEN 1
| #define HAVE_USELOCALE 1
| #define HAVE_WCSLEN 1
| #define HAVE_WCSNLEN 1
| #define HAVE_MBRTOWC 1
| #define HAVE_WCRTOMB 1
| #define HAVE_DECL__SNPRINTF 0
| #define HAVE_DECL__SNWPRINTF 0
| #define HAVE_DECL_GETC_UNLOCKED 1
| #define HAVE_NL_LANGINFO 1
| #define HAVE_LANGINFO_CODESET 1
| #define HAVE_LC_MESSAGES 1
| #define ENABLE_NLS 1
| #define HAVE_GETTEXT 1
| #define HAVE_DCGETTEXT 1
| #define HAVE_DIRENT_H 1
| #define MAJOR_IN_SYSMACROS 1
| #define HAVE_INTTYPES_H 1
| #define HAVE_UNISTD_H 1
| #define HAVE_STDLIB_H 1
| /* end confdefs.h.  */
| #include <stddef.h>
| #ifdef HAVE_STDIO_H
| # include <stdio.h>
| #endif
| #ifdef HAVE_STDLIB_H
| # include <stdlib.h>
| #endif
| #ifdef HAVE_STRING_H
| # include <string.h>
| #endif
| #ifdef HAVE_INTTYPES_H
| # include <inttypes.h>
| #endif
| #ifdef HAVE_STDINT_H
| # include <stdint.h>
| #endif
| #ifdef HAVE_STRINGS_H
| # include <strings.h>
| #endif
| #ifdef HAVE_SYS_TYPES_H
| # include <sys/types.h>
| #endif
| #ifdef HAVE_SYS_STAT_H
| # include <sys/stat.h>
| #endif
| #ifdef HAVE_UNISTD_H
| # include <unistd.h>
| #endif
| #include <varargs.h>
configure:14602: result: no
configure:14608: checking for limits.h
configure:14608: gcc -c -g -O2  conftest.c >&5
configure:14608: $? = 0
configure:14608: result: yes
configure:14614: checking for string.h
configure:14614: result: yes
configure:14620: checking for memory.h
configure:14620: gcc -c -g -O2  conftest.c >&5
configure:14620: $? = 0
configure:14620: result: yes
configure:14626: checking for locale.h
configure:14626: gcc -c -g -O2  conftest.c >&5
configure:14626: $? = 0
configure:14626: result: yes
configure:14632: checking for termcap.h
configure:14632: gcc -c -g -O2  conftest.c >&5
configure:14632: $? = 0
configure:14632: result: yes
configure:14638: checking for termio.h
configure:14638: gcc -c -g -O2  conftest.c >&5
configure:14638: $? = 0
configure:14638: result: yes
configure:14644: checking for termios.h
configure:14644: gcc -c -g -O2  conftest.c >&5
configure:14644: $? = 0
configure:14644: result: yes
configure:14650: checking for dlfcn.h
configure:14650: gcc -c -g -O2  conftest.c >&5
configure:14650: $? = 0
configure:14650: result: yes
configure:14656: checking for stddef.h
configure:14656: result: yes
configure:14662: checking for stdint.h
configure:14662: result: yes
configure:14668: checking for netdb.h
configure:14668: gcc -c -g -O2  conftest.c >&5
configure:14668: $? = 0
configure:14668: result: yes
configure:14674: checking for pwd.h
configure:14674: gcc -c -g -O2  conftest.c >&5
configure:14674: $? = 0
configure:14674: result: yes
configure:14680: checking for grp.h
configure:14680: gcc -c -g -O2  conftest.c >&5
configure:14680: $? = 0
configure:14680: result: yes
configure:14686: checking for strings.h
configure:14686: result: yes
configure:14692: checking for stdckdint.h
configure:14692: gcc -c -g -O2  conftest.c >&5
conftest.c:201:10: fatal error: stdckdint.h: No such file or directory
  201 | #include <stdckdint.h>
      |          ^~~~~~~~~~~~~
compilation terminated.
configure:14692: $? = 1
configure: failed program was:
| /* confdefs.h */
| #define PACKAGE_NAME "bash"
| #define PACKAGE_TARNAME "bash"
| #define PACKAGE_VERSION "5.3-release"
| #define PACKAGE_STRING "bash 5.3-release"
| #define PACKAGE_BUGREPORT "bug-bash@gnu.org"
| #define PACKAGE_URL ""
| #define USING_BASH_MALLOC 1
| #define ALIAS 1
| #define PUSHD_AND_POPD 1
| #define RESTRICTED_SHELL 1
| #define PROCESS_SUBSTITUTION 1
| #define PROMPT_STRING_DECODE 1
| #define SELECT_COMMAND 1
| #define HELP_BUILTIN 1
| #define ARRAY_VARS 1
| #define DPAREN_ARITHMETIC 1
| #define BRACE_EXPANSION 1
| #define COMMAND_TIMING 1
| #define EXTENDED_GLOB 1
| #define EXTGLOB_DEFAULT 0
| #define COND_COMMAND 1
| #define COND_REGEXP 1
| #define COPROCESS_SUPPORT 1
| #define ARITH_FOR_COMMAND 1
| #define NETWORK_REDIRECTIONS 1
| #define PROGRAMMABLE_COMPLETION 1
| #define DEBUGGER 1
| #define CASEMOD_ATTRS 1
| #define CASEMOD_EXPANSIONS 1
| #define GLOBASCII_DEFAULT 1
| #define FUNCTION_IMPORT 1
| #define TRANSLATABLE_STRINGS 1
| #define BASH_SOURCE_FULLPATH_DEFAULT 0
| #define MEMSCRAMBLE 1
| #define HAVE_STDIO_H 1
| #define HAVE_STDLIB_H 1
| #define HAVE_STRING_H 1
| #define HAVE_INTTYPES_H 1
| #define HAVE_STDINT_H 1
| #define HAVE_STRINGS_H 1
| #define HAVE_SYS_STAT_H 1
| #define HAVE_SYS_TYPES_H 1
| #define HAVE_UNISTD_H 1
| #define HAVE_WCHAR_H 1
| #define HAVE_STDBOOL_H 1
| #define HAVE_SYS_PARAM_H 1
| #define HAVE_THREADS_H 1
| #define HAVE_SYS_TIME_H 1
| #define STDC_HEADERS 1
| #define _ALL_SOURCE 1
| #define _DARWIN_C_SOURCE 1
| #define _GNU_SOURCE 1
| #define _HPUX_ALT_XOPEN_SOCKET_API 1
| #define _NETBSD_SOURCE 1
| #define _OPENBSD_SOURCE 1
| #define _POSIX_PTHREAD_SEMANTICS 1
| #define __STDC_WANT_IEC_60559_ATTRIBS_EXT__ 1
| #define __STDC_WANT_IEC_60559_BFP_EXT__ 1
| #define __STDC_WANT_IEC_60559_DFP_EXT__ 1
| #define __STDC_WANT_IEC_60559_FUNCS_EXT__ 1
| #define __STDC_WANT_IEC_60559_TYPES_EXT__ 1
| #define __STDC_WANT_LIB_EXT2__ 1
| #define __STDC_WANT_MATH_SPEC_FUNCS__ 1
| #define _TANDEM_SOURCE 1
| #define __EXTENSIONS__ 1
| #define READLINE 1
| #define HISTORY 1
| #define BANG_HISTORY 1
| #define HAVE_STRINGIZE 1
| #define HAVE_LONG_DOUBLE 1
| #define restrict __restrict__
| #define HAVE_VISIBILITY 1
| #define HAVE_STDINT_H_WITH_UINTMAX 1
| #define HAVE_ALLOCA_H 1
| #define HAVE_ALLOCA 1
| #define HAVE_GETPAGESIZE 1
| #define HAVE_SYMLINK 1
| #define HAVE_USELOCALE 1
| #define HAVE_VPRINTF 1
| #define HAVE_ALARM 1
| #define HAVE___FPURGE 1
| #define HAVE_SNPRINTF 1
| #define HAVE_VSNPRINTF 1
| #define HAVE_MMAP 1
| #define INTDIV0_RAISES_SIGFPE 1
| #define HAVE_INTTYPES_H_WITH_UINTMAX 1
| #define HAVE_UNSIGNED_LONG_LONG_INT 1
| #define HAVE_UINTMAX_T 1
| #define HAVE_WEAK_SYMBOLS 1
| #define HAVE_PTHREAD_API 1
| #define USE_POSIX_THREADS 1
| #define USE_POSIX_THREADS_FROM_LIBC 1
| #define HAVE_PTHREAD_RWLOCK 1
| #define HAVE_PTHREAD_MUTEX_RECURSIVE 1
| #define HAVE_ICONV 1
| #define ICONV_CONST 
| #define HAVE_BUILTIN_EXPECT 1
| #define HAVE_INTTYPES_H 1
| #define HAVE_UNISTD_H 1
| #define HAVE_SYS_PARAM_H 1
| #define HAVE_GETCWD 1
| #define HAVE_GETEGID 1
| #define HAVE_GETEUID 1
| #define HAVE_GETGID 1
| #define HAVE_GETUID 1
| #define HAVE_MEMPCPY 1
| #define HAVE_MUNMAP 1
| #define HAVE_STPCPY 1
| #define HAVE_STRCASECMP 1
| #define HAVE_TSEARCH 1
| #define HAVE___FSETLOCKING 1
| #define HAVE_DECL_FEOF_UNLOCKED 1
| #define HAVE_DECL_FGETS_UNLOCKED 1
| #define HAVE_LOCALECONV 1
| #define HAVE_LONG_LONG_INT 1
| #define HAVE_WCHAR_T 1
| #define HAVE_WINT_T 1
| #define HAVE_INTMAX_T 1
| #define HAVE_POSIX_PRINTF 1
| #define HAVE_STDINT_H 1
| #define HAVE_STDINT_H 1
| #define HAVE_WORKING_O_NOATIME 0
| #define HAVE_WORKING_O_NOFOLLOW 0
| #define HAVE_WORKING_USELOCALE 1
| #define HAVE_GOOD_USELOCALE 1
| #define FLEXIBLE_ARRAY_MEMBER /**/
| #define HAVE_FEATURES_H 1
| #define HAVE_STDDEF_H 1
| #define HAVE_STDLIB_H 1
| #define HAVE_STRING_H 1
| #define HAVE_ASPRINTF 1
| #define HAVE_WPRINTF 1
| #define HAVE_NEWLOCALE 1
| #define HAVE_PUTENV 1
| #define HAVE_SETENV 1
| #define HAVE_SNPRINTF 1
| #define HAVE_STRNLEN 1
| #define HAVE_USELOCALE 1
| #define HAVE_WCSLEN 1
| #define HAVE_WCSNLEN 1
| #define HAVE_MBRTOWC 1
| #define HAVE_WCRTOMB 1
| #define HAVE_DECL__SNPRINTF 0
| #define HAVE_DECL__SNWPRINTF 0
| #define HAVE_DECL_GETC_UNLOCKED 1
| #define HAVE_NL_LANGINFO 1
| #define HAVE_LANGINFO_CODESET 1
| #define HAVE_LC_MESSAGES 1
| #define ENABLE_NLS 1
| #define HAVE_GETTEXT 1
| #define HAVE_DCGETTEXT 1
| #define HAVE_DIRENT_H 1
| #define MAJOR_IN_SYSMACROS 1
| #define HAVE_INTTYPES_H 1
| #define HAVE_UNISTD_H 1
| #define HAVE_STDLIB_H 1
| #define HAVE_LIMITS_H 1
| #define HAVE_STRING_H 1
| #define HAVE_MEMORY_H 1
| #define HAVE_LOCALE_H 1
| #define HAVE_TERMCAP_H 1
| #define HAVE_TERMIO_H 1
| #define HAVE_TERMIOS_H 1
| #define HAVE_DLFCN_H 1
| #define HAVE_STDDEF_H 1
| #define HAVE_STDINT_H 1
| #define HAVE_NETDB_H 1
| #define HAVE_PWD_H 1
| #define HAVE_GRP_H 1
| #define HAVE_STRINGS_H 1
| /* end confdefs.h.  */
| #include <stddef.h>
| #ifdef HAVE_STDIO_H
| # include <stdio.h>
| #endif
| #ifdef HAVE_STDLIB_H
| # include <stdlib.h>
| #endif
| #ifdef HAVE_STRING_H
| # include <string.h>
| #endif
| #ifdef HAVE_INTTYPES_H
| # include <inttypes.h>
| #endif
| #ifdef HAVE_STDINT_H
| # include <stdint.h>
| #endif
| #ifdef HAVE_STRINGS_H
| # include <strings.h>
| #endif
| #ifdef HAVE_SYS_TYPES_H
| # include <sys/types.h>
| #endif
| #ifdef HAVE_SYS_STAT_H
| # include <sys/stat.h>
| #endif
| #ifdef HAVE_UNISTD_H
| # include <unistd.h>
| #endif
| #include <stdckdint.h>
configure:14692: result: no
configure:14698: checking for regex.h
configure:14698: gcc -c -g -O2  conftest.c >&5
configure:14698: $? = 0
configure:14698: result: yes
configure:14704: checking for syslog.h
configure:14704: gcc -c -g -O2  conftest.c >&5
configure:14704: $? = 0
configure:14704: result: yes
configure:14710: checking for ulimit.h
configure:14710: gcc -c -g -O2  conftest.c >&5
configure:14710: $? = 0
configure:14710: result: yes
configure:14717: checking for sys/pte.h
configure:14717: gcc -c -g -O2  conftest.c >&5
conftest.c:204:10: fatal error: sys/pte.h: No such file or directory
  204 | #include <sys/pte.h>
      |          ^~~~~~~~~~~
compilation terminated.
configure:14717: $? = 1
configure: failed program was:
| /* confdefs.h */
| #define PACKAGE_NAME "bash"
| #define PACKAGE_TARNAME "bash"
| #define PACKAGE_VERSION "5.3-release"
| #define PACKAGE_STRING "bash 5.3-release"
| #define PACKAGE_BUGREPORT "bug-bash@gnu.org"
| #define PACKAGE_URL ""
| #define USING_BASH_MALLOC 1
| #define ALIAS 1
| #define PUSHD_AND_POPD 1
| #define RESTRICTED_SHELL 1
| #define PROCESS_SUBSTITUTION 1
| #define PROMPT_STRING_DECODE 1
| #define SELECT_COMMAND 1
| #define HELP_BUILTIN 1
| #define ARRAY_VARS 1
| #define DPAREN_ARITHMETIC 1
| #define BRACE_EXPANSION 1
| #define COMMAND_TIMING 1
| #define EXTENDED_GLOB 1
| #define EXTGLOB_DEFAULT 0
| #define COND_COMMAND 1
| #define COND_REGEXP 1
| #define COPROCESS_SUPPORT 1
| #define ARITH_FOR_COMMAND 1
| #define NETWORK_REDIRECTIONS 1
| #define PROGRAMMABLE_COMPLETION 1
| #define DEBUGGER 1
| #define CASEMOD_ATTRS 1
| #define CASEMOD_EXPANSIONS 1
| #define GLOBASCII_DEFAULT 1
| #define FUNCTION_IMPORT 1
| #define TRANSLATABLE_STRINGS 1
| #define BASH_SOURCE_FULLPATH_DEFAULT 0
| #define MEMSCRAMBLE 1
| #define HAVE_STDIO_H 1
| #define HAVE_STDLIB_H 1
| #define HAVE_STRING_H 1
| #define HAVE_INTTYPES_H 1
| #define HAVE_STDINT_H 1
| #define HAVE_STRINGS_H 1
| #define HAVE_SYS_STAT_H 1
| #define HAVE_SYS_TYPES_H 1
| #define HAVE_UNISTD_H 1
| #define HAVE_WCHAR_H 1
| #define HAVE_STDBOOL_H 1
| #define HAVE_SYS_PARAM_H 1
| #define HAVE_THREADS_H 1
| #define HAVE_SYS_TIME_H 1
| #define STDC_HEADERS 1
| #define _ALL_SOURCE 1
| #define _DARWIN_C_SOURCE 1
| #define _GNU_SOURCE 1
| #define _HPUX_ALT_XOPEN_SOCKET_API 1
| #define _NETBSD_SOURCE 1
| #define _OPENBSD_SOURCE 1
| #define _POSIX_PTHREAD_SEMANTICS 1
| #define __STDC_WANT_IEC_60559_ATTRIBS_EXT__ 1
| #define __STDC_WANT_IEC_60559_BFP_EXT__ 1
| #define __STDC_WANT_IEC_60559_DFP_EXT__ 1
| #define __STDC_WANT_IEC_60559_FUNCS_EXT__ 1
| #define __STDC_WANT_IEC_60559_TYPES_EXT__ 1
| #define __STDC_WANT_LIB_EXT2__ 1
| #define __STDC_WANT_MATH_SPEC_FUNCS__ 1
| #define _TANDEM_SOURCE 1
| #define __EXTENSIONS__ 1
| #define READLINE 1
| #define HISTORY 1
| #define BANG_HISTORY 1
| #define HAVE_STRINGIZE 1
| #define HAVE_LONG_DOUBLE 1
| #define restrict __restrict__
| #define HAVE_VISIBILITY 1
| #define HAVE_STDINT_H_WITH_UINTMAX 1
| #define HAVE_ALLOCA_H 1
| #define HAVE_ALLOCA 1
| #define HAVE_GETPAGESIZE 1
| #define HAVE_SYMLINK 1
| #define HAVE_USELOCALE 1
| #define HAVE_VPRINTF 1
| #define HAVE_ALARM 1
| #define HAVE___FPURGE 1
| #define HAVE_SNPRINTF 1
| #define HAVE_VSNPRINTF 1
| #define HAVE_MMAP 1
| #define INTDIV0_RAISES_SIGFPE 1
| #define HAVE_INTTYPES_H_WITH_UINTMAX 1
| #define HAVE_UNSIGNED_LONG_LONG_INT 1
| #define HAVE_UINTMAX_T 1
| #define HAVE_WEAK_SYMBOLS 1
| #define HAVE_PTHREAD_API 1
| #define USE_POSIX_THREADS 1
| #define USE_POSIX_THREADS_FROM_LIBC 1
| #define HAVE_PTHREAD_RWLOCK 1
| #define HAVE_PTHREAD_MUTEX_RECURSIVE 1
| #define HAVE_ICONV 1
| #define ICONV_CONST 
| #define HAVE_BUILTIN_EXPECT 1
| #define HAVE_INTTYPES_H 1
| #define HAVE_UNISTD_H 1
| #define HAVE_SYS_PARAM_H 1
| #define HAVE_GETCWD 1
| #define HAVE_GETEGID 1
| #define HAVE_GETEUID 1
| #define HAVE_GETGID 1
| #define HAVE_GETUID 1
| #define HAVE_MEMPCPY 1
| #define HAVE_MUNMAP 1
| #define HAVE_STPCPY 1
| #define HAVE_STRCASECMP 1
| #define HAVE_TSEARCH 1
| #define HAVE___FSETLOCKING 1
| #define HAVE_DECL_FEOF_UNLOCKED 1
| #define HAVE_DECL_FGETS_UNLOCKED 1
| #define HAVE_LOCALECONV 1
| #define HAVE_LONG_LONG_INT 1
| #define HAVE_WCHAR_T 1
| #define HAVE_WINT_T 1
| #define HAVE_INTMAX_T 1
| #define HAVE_POSIX_PRINTF 1
| #define HAVE_STDINT_H 1
| #define HAVE_STDINT_H 1
| #define HAVE_WORKING_O_NOATIME 0
| #define HAVE_WORKING_O_NOFOLLOW 0
| #define HAVE_WORKING_USELOCALE 1
| #define HAVE_GOOD_USELOCALE 1
| #define FLEXIBLE_ARRAY_MEMBER /**/
| #define HAVE_FEATURES_H 1
| #define HAVE_STDDEF_H 1
| #define HAVE_STDLIB_H 1
| #define HAVE_STRING_H 1
| #define HAVE_ASPRINTF 1
| #define HAVE_WPRINTF 1
| #define HAVE_NEWLOCALE 1
| #define HAVE_PUTENV 1
| #define HAVE_SETENV 1
| #define HAVE_SNPRINTF 1
| #define HAVE_STRNLEN 1
| #define HAVE_USELOCALE 1
| #define HAVE_WCSLEN 1
| #define HAVE_WCSNLEN 1
| #define HAVE_MBRTOWC 1
| #define HAVE_WCRTOMB 1
| #define HAVE_DECL__SNPRINTF 0
| #define HAVE_DECL__SNWPRINTF 0
| #define HAVE_DECL_GETC_UNLOCKED 1
| #define HAVE_NL_LANGINFO 1
| #define HAVE_LANGINFO_CODESET 1
| #define HAVE_LC_MESSAGES 1
| #define ENABLE_NLS 1
| #define HAVE_GETTEXT 1
| #define HAVE_DCGETTEXT 1
| #define HAVE_DIRENT_H 1
| #define MAJOR_IN_SYSMACROS 1
| #define HAVE_INTTYPES_H 1
| #define HAVE_UNISTD_H 1
| #define HAVE_STDLIB_H 1
| #define HAVE_LIMITS_H 1
| #define HAVE_STRING_H 1
| #define HAVE_MEMORY_H 1
| #define HAVE_LOCALE_H 1
| #define HAVE_TERMCAP_H 1
| #define HAVE_TERMIO_H 1
| #define HAVE_TERMIOS_H 1
| #define HAVE_DLFCN_H 1
| #define HAVE_STDDEF_H 1
| #define HAVE_STDINT_H 1
| #define HAVE_NETDB_H 1
| #define HAVE_PWD_H 1
| #define HAVE_GRP_H 1
| #define HAVE_STRINGS_H 1
| #define HAVE_REGEX_H 1
| #define HAVE_SYSLOG_H 1
| #define HAVE_ULIMIT_H 1
| /* end confdefs.h.  */
| #include <stddef.h>
| #ifdef HAVE_STDIO_H
| # include <stdio.h>
| #endif
| #ifdef HAVE_STDLIB_H
| # include <stdlib.h>
| #endif
| #ifdef HAVE_STRING_H
| # include <string.h>
| #endif
| #ifdef HAVE_INTTYPES_H
| # include <inttypes.h>
| #endif
| #ifdef HAVE_STDINT_H
| # include <stdint.h>
| #endif
| #ifdef HAVE_STRINGS_H
| # include <strings.h>
| #endif
| #ifdef HAVE_SYS_TYPES_H
| # include <sys/types.h>
| #endif
| #ifdef HAVE_SYS_STAT_H
| # include <sys/stat.h>
| #endif
| #ifdef HAVE_UNISTD_H
| # include <unistd.h>
| #endif
| #include <sys/pte.h>
configure:14717: result: no
configure:14723: checking for sys/stream.h
configure:14723: gcc -c -g -O2  conftest.c >&5
conftest.c:204:10: fatal error: sys/stream.h: No such file or directory
  204 | #include <sys/stream.h>
      |          ^~~~~~~~~~~~~~
compilation terminated.
configure:14723: $? = 1
configure: failed program was:
| /* confdefs.h */
| #define PACKAGE_NAME "bash"
| #define PACKAGE_TARNAME "bash"
| #define PACKAGE_VERSION "5.3-release"
| #define PACKAGE_STRING "bash 5.3-release"
| #define PACKAGE_BUGREPORT "bug-bash@gnu.org"
| #define PACKAGE_URL ""
| #define USING_BASH_MALLOC 1
| #define ALIAS 1
| #define PUSHD_AND_POPD 1
| #define RESTRICTED_SHELL 1
| #define PROCESS_SUBSTITUTION 1
| #define PROMPT_STRING_DECODE 1
| #define SELECT_COMMAND 1
| #define HELP_BUILTIN 1
| #define ARRAY_VARS 1
| #define DPAREN_ARITHMETIC 1
| #define BRACE_EXPANSION 1
| #define COMMAND_TIMING 1
| #define EXTENDED_GLOB 1
| #define EXTGLOB_DEFAULT 0
| #define COND_COMMAND 1
| #define COND_REGEXP 1
| #define COPROCESS_SUPPORT 1
| #define ARITH_FOR_COMMAND 1
| #define NETWORK_REDIRECTIONS 1
| #define PROGRAMMABLE_COMPLETION 1
| #define DEBUGGER 1
| #define CASEMOD_ATTRS 1
| #define CASEMOD_EXPANSIONS 1
| #define GLOBASCII_DEFAULT 1
| #define FUNCTION_IMPORT 1
| #define TRANSLATABLE_STRINGS 1
| #define BASH_SOURCE_FULLPATH_DEFAULT 0
| #define MEMSCRAMBLE 1
| #define HAVE_STDIO_H 1
| #define HAVE_STDLIB_H 1
| #define HAVE_STRING_H 1
| #define HAVE_INTTYPES_H 1
| #define HAVE_STDINT_H 1
| #define HAVE_STRINGS_H 1
| #define HAVE_SYS_STAT_H 1
| #define HAVE_SYS_TYPES_H 1
| #define HAVE_UNISTD_H 1
| #define HAVE_WCHAR_H 1
| #define HAVE_STDBOOL_H 1
| #define HAVE_SYS_PARAM_H 1
| #define HAVE_THREADS_H 1
| #define HAVE_SYS_TIME_H 1
| #define STDC_HEADERS 1
| #define _ALL_SOURCE 1
| #define _DARWIN_C_SOURCE 1
| #define _GNU_SOURCE 1
| #define _HPUX_ALT_XOPEN_SOCKET_API 1
| #define _NETBSD_SOURCE 1
| #define _OPENBSD_SOURCE 1
| #define _POSIX_PTHREAD_SEMANTICS 1
| #define __STDC_WANT_IEC_60559_ATTRIBS_EXT__ 1
| #define __STDC_WANT_IEC_60559_BFP_EXT__ 1
| #define __STDC_WANT_IEC_60559_DFP_EXT__ 1
| #define __STDC_WANT_IEC_60559_FUNCS_EXT__ 1
| #define __STDC_WANT_IEC_60559_TYPES_EXT__ 1
| #define __STDC_WANT_LIB_EXT2__ 1
| #define __STDC_WANT_MATH_SPEC_FUNCS__ 1
| #define _TANDEM_SOURCE 1
| #define __EXTENSIONS__ 1
| #define READLINE 1
| #define HISTORY 1
| #define BANG_HISTORY 1
| #define HAVE_STRINGIZE 1
| #define HAVE_LONG_DOUBLE 1
| #define restrict __restrict__
| #define HAVE_VISIBILITY 1
| #define HAVE_STDINT_H_WITH_UINTMAX 1
| #define HAVE_ALLOCA_H 1
| #define HAVE_ALLOCA 1
| #define HAVE_GETPAGESIZE 1
| #define HAVE_SYMLINK 1
| #define HAVE_USELOCALE 1
| #define HAVE_VPRINTF 1
| #define HAVE_ALARM 1
| #define HAVE___FPURGE 1
| #define HAVE_SNPRINTF 1
| #define HAVE_VSNPRINTF 1
| #define HAVE_MMAP 1
| #define INTDIV0_RAISES_SIGFPE 1
| #define HAVE_INTTYPES_H_WITH_UINTMAX 1
| #define HAVE_UNSIGNED_LONG_LONG_INT 1
| #define HAVE_UINTMAX_T 1
| #define HAVE_WEAK_SYMBOLS 1
| #define HAVE_PTHREAD_API 1
| #define USE_POSIX_THREADS 1
| #define USE_POSIX_THREADS_FROM_LIBC 1
| #define HAVE_PTHREAD_RWLOCK 1
| #define HAVE_PTHREAD_MUTEX_RECURSIVE 1
| #define HAVE_ICONV 1
| #define ICONV_CONST 
| #define HAVE_BUILTIN_EXPECT 1
| #define HAVE_INTTYPES_H 1
| #define HAVE_UNISTD_H 1
| #define HAVE_SYS_PARAM_H 1
| #define HAVE_GETCWD 1
| #define HAVE_GETEGID 1
| #define HAVE_GETEUID 1
| #define HAVE_GETGID 1
| #define HAVE_GETUID 1
| #define HAVE_MEMPCPY 1
| #define HAVE_MUNMAP 1
| #define HAVE_STPCPY 1
| #define HAVE_STRCASECMP 1
| #define HAVE_TSEARCH 1
| #define HAVE___FSETLOCKING 1
| #define HAVE_DECL_FEOF_UNLOCKED 1
| #define HAVE_DECL_FGETS_UNLOCKED 1
| #define HAVE_LOCALECONV 1
| #define HAVE_LONG_LONG_INT 1
| #define HAVE_WCHAR_T 1
| #define HAVE_WINT_T 1
| #define HAVE_INTMAX_T 1
| #define HAVE_POSIX_PRINTF 1
| #define HAVE_STDINT_H 1
| #define HAVE_STDINT_H 1
| #define HAVE_WORKING_O_NOATIME 0
| #define HAVE_WORKING_O_NOFOLLOW 0
| #define HAVE_WORKING_USELOCALE 1
| #define HAVE_GOOD_USELOCALE 1
| #define FLEXIBLE_ARRAY_MEMBER /**/
| #define HAVE_FEATURES_H 1
| #define HAVE_STDDEF_H 1
| #define HAVE_STDLIB_H 1
| #define HAVE_STRING_H 1
| #define HAVE_ASPRINTF 1
| #define HAVE_WPRINTF 1
| #define HAVE_NEWLOCALE 1
| #define HAVE_PUTENV 1
| #define HAVE_SETENV 1
| #define HAVE_SNPRINTF 1
| #define HAVE_STRNLEN 1
| #define HAVE_USELOCALE 1
| #define HAVE_WCSLEN 1
| #define HAVE_WCSNLEN 1
| #define HAVE_MBRTOWC 1
| #define HAVE_WCRTOMB 1
| #define HAVE_DECL__SNPRINTF 0
| #define HAVE_DECL__SNWPRINTF 0
| #define HAVE_DECL_GETC_UNLOCKED 1
| #define HAVE_NL_LANGINFO 1
| #define HAVE_LANGINFO_CODESET 1
| #define HAVE_LC_MESSAGES 1
| #define ENABLE_NLS 1
| #define HAVE_GETTEXT 1
| #define HAVE_DCGETTEXT 1
| #define HAVE_DIRENT_H 1
| #define MAJOR_IN_SYSMACROS 1
| #define HAVE_INTTYPES_H 1
| #define HAVE_UNISTD_H 1
| #define HAVE_STDLIB_H 1
| #define HAVE_LIMITS_H 1
| #define HAVE_STRING_H 1
| #define HAVE_MEMORY_H 1
| #define HAVE_LOCALE_H 1
| #define HAVE_TERMCAP_H 1
| #define HAVE_TERMIO_H 1
| #define HAVE_TERMIOS_H 1
| #define HAVE_DLFCN_H 1
| #define HAVE_STDDEF_H 1
| #define HAVE_STDINT_H 1
| #define HAVE_NETDB_H 1
| #define HAVE_PWD_H 1
| #define HAVE_GRP_H 1
| #define HAVE_STRINGS_H 1
| #define HAVE_REGEX_H 1
| #define HAVE_SYSLOG_H 1
| #define HAVE_ULIMIT_H 1
| /* end confdefs.h.  */
| #include <stddef.h>
| #ifdef HAVE_STDIO_H
| # include <stdio.h>
| #endif
| #ifdef HAVE_STDLIB_H
| # include <stdlib.h>
| #endif
| #ifdef HAVE_STRING_H
| # include <string.h>
| #endif
| #ifdef HAVE_INTTYPES_H
| # include <inttypes.h>
| #endif
| #ifdef HAVE_STDINT_H
| # include <stdint.h>
| #endif
| #ifdef HAVE_STRINGS_H
| # include <strings.h>
| #endif
| #ifdef HAVE_SYS_TYPES_H
| # include <sys/types.h>
| #endif
| #ifdef HAVE_SYS_STAT_H
| # include <sys/stat.h>
| #endif
| #ifdef HAVE_UNISTD_H
| # include <unistd.h>
| #endif
| #include <sys/stream.h>
configure:14723: result: no
configure:14729: checking for sys/select.h
configure:14729: gcc -c -g -O2  conftest.c >&5
configure:14729: $? = 0
configure:14729: result: yes
configure:14735: checking for sys/file.h
configure:14735: gcc -c -g -O2  conftest.c >&5
configure:14735: $? = 0
configure:14735: result: yes
configure:14741: checking for sys/ioctl.h
configure:14741: gcc -c -g -O2  conftest.c >&5
configure:14741: $? = 0
configure:14741: result: yes
configure:14747: checking for sys/mman.h
configure:14747: gcc -c -g -O2  conftest.c >&5
configure:14747: $? = 0
configure:14747: result: yes
configure:14753: checking for sys/param.h
configure:14753: result: yes
configure:14759: checking for sys/random.h
configure:14759: gcc -c -g -O2  conftest.c >&5
configure:14759: $? = 0
configure:14759: result: yes
configure:14765: checking for sys/socket.h
configure:14765: gcc -c -g -O2  conftest.c >&5
configure:14765: $? = 0
configure:14765: result: yes
configure:14771: checking for sys/stat.h
configure:14771: result: yes
configure:14777: checking for sys/time.h
configure:14777: result: yes
configure:14783: checking for sys/times.h
configure:14783: gcc -c -g -O2  conftest.c >&5
configure:14783: $? = 0
configure:14783: result: yes
configure:14789: checking for sys/types.h
configure:14789: result: yes
configure:14795: checking for sys/wait.h
configure:14795: gcc -c -g -O2  conftest.c >&5
configure:14795: $? = 0
configure:14795: result: yes
configure:14802: checking for netinet/in.h
configure:14802: gcc -c -g -O2  conftest.c >&5
configure:14802: $? = 0
configure:14802: result: yes
configure:14808: checking for arpa/inet.h
configure:14808: gcc -c -g -O2  conftest.c >&5
configure:14808: $? = 0
configure:14808: result: yes
configure:14816: checking for sys/ptem.h
configure:14816: gcc -c -g -O2  conftest.c >&5
conftest.c:196:10: fatal error: sys/ptem.h: No such file or directory
  196 | #include <sys/ptem.h>
      |          ^~~~~~~~~~~~
compilation terminated.
configure:14816: $? = 1
configure: failed program was:
| /* confdefs.h */
| #define PACKAGE_NAME "bash"
| #define PACKAGE_TARNAME "bash"
| #define PACKAGE_VERSION "5.3-release"
| #define PACKAGE_STRING "bash 5.3-release"
| #define PACKAGE_BUGREPORT "bug-bash@gnu.org"
| #define PACKAGE_URL ""
| #define USING_BASH_MALLOC 1
| #define ALIAS 1
| #define PUSHD_AND_POPD 1
| #define RESTRICTED_SHELL 1
| #define PROCESS_SUBSTITUTION 1
| #define PROMPT_STRING_DECODE 1
| #define SELECT_COMMAND 1
| #define HELP_BUILTIN 1
| #define ARRAY_VARS 1
| #define DPAREN_ARITHMETIC 1
| #define BRACE_EXPANSION 1
| #define COMMAND_TIMING 1
| #define EXTENDED_GLOB 1
| #define EXTGLOB_DEFAULT 0
| #define COND_COMMAND 1
| #define COND_REGEXP 1
| #define COPROCESS_SUPPORT 1
| #define ARITH_FOR_COMMAND 1
| #define NETWORK_REDIRECTIONS 1
| #define PROGRAMMABLE_COMPLETION 1
| #define DEBUGGER 1
| #define CASEMOD_ATTRS 1
| #define CASEMOD_EXPANSIONS 1
| #define GLOBASCII_DEFAULT 1
| #define FUNCTION_IMPORT 1
| #define TRANSLATABLE_STRINGS 1
| #define BASH_SOURCE_FULLPATH_DEFAULT 0
| #define MEMSCRAMBLE 1
| #define HAVE_STDIO_H 1
| #define HAVE_STDLIB_H 1
| #define HAVE_STRING_H 1
| #define HAVE_INTTYPES_H 1
| #define HAVE_STDINT_H 1
| #define HAVE_STRINGS_H 1
| #define HAVE_SYS_STAT_H 1
| #define HAVE_SYS_TYPES_H 1
| #define HAVE_UNISTD_H 1
| #define HAVE_WCHAR_H 1
| #define HAVE_STDBOOL_H 1
| #define HAVE_SYS_PARAM_H 1
| #define HAVE_THREADS_H 1
| #define HAVE_SYS_TIME_H 1
| #define STDC_HEADERS 1
| #define _ALL_SOURCE 1
| #define _DARWIN_C_SOURCE 1
| #define _GNU_SOURCE 1
| #define _HPUX_ALT_XOPEN_SOCKET_API 1
| #define _NETBSD_SOURCE 1
| #define _OPENBSD_SOURCE 1
| #define _POSIX_PTHREAD_SEMANTICS 1
| #define __STDC_WANT_IEC_60559_ATTRIBS_EXT__ 1
| #define __STDC_WANT_IEC_60559_BFP_EXT__ 1
| #define __STDC_WANT_IEC_60559_DFP_EXT__ 1
| #define __STDC_WANT_IEC_60559_FUNCS_EXT__ 1
| #define __STDC_WANT_IEC_60559_TYPES_EXT__ 1
| #define __STDC_WANT_LIB_EXT2__ 1
| #define __STDC_WANT_MATH_SPEC_FUNCS__ 1
| #define _TANDEM_SOURCE 1
| #define __EXTENSIONS__ 1
| #define READLINE 1
| #define HISTORY 1
| #define BANG_HISTORY 1
| #define HAVE_STRINGIZE 1
| #define HAVE_LONG_DOUBLE 1
| #define restrict __restrict__
| #define HAVE_VISIBILITY 1
| #define HAVE_STDINT_H_WITH_UINTMAX 1
| #define HAVE_ALLOCA_H 1
| #define HAVE_ALLOCA 1
| #define HAVE_GETPAGESIZE 1
| #define HAVE_SYMLINK 1
| #define HAVE_USELOCALE 1
| #define HAVE_VPRINTF 1
| #define HAVE_ALARM 1
| #define HAVE___FPURGE 1
| #define HAVE_SNPRINTF 1
| #define HAVE_VSNPRINTF 1
| #define HAVE_MMAP 1
| #define INTDIV0_RAISES_SIGFPE 1
| #define HAVE_INTTYPES_H_WITH_UINTMAX 1
| #define HAVE_UNSIGNED_LONG_LONG_INT 1
| #define HAVE_UINTMAX_T 1
| #define HAVE_WEAK_SYMBOLS 1
| #define HAVE_PTHREAD_API 1
| #define USE_POSIX_THREADS 1
| #define USE_POSIX_THREADS_FROM_LIBC 1
| #define HAVE_PTHREAD_RWLOCK 1
| #define HAVE_PTHREAD_MUTEX_RECURSIVE 1
| #define HAVE_ICONV 1
| #define ICONV_CONST 
| #define HAVE_BUILTIN_EXPECT 1
| #define HAVE_INTTYPES_H 1
| #define HAVE_UNISTD_H 1
| #define HAVE_SYS_PARAM_H 1
| #define HAVE_GETCWD 1
| #define HAVE_GETEGID 1
| #define HAVE_GETEUID 1
| #define HAVE_GETGID 1
| #define HAVE_GETUID 1
| #define HAVE_MEMPCPY 1
| #define HAVE_MUNMAP 1
| #define HAVE_STPCPY 1
| #define HAVE_STRCASECMP 1
| #define HAVE_TSEARCH 1
| #define HAVE___FSETLOCKING 1
| #define HAVE_DECL_FEOF_UNLOCKED 1
| #define HAVE_DECL_FGETS_UNLOCKED 1
| #define HAVE_LOCALECONV 1
| #define HAVE_LONG_LONG_INT 1
| #define HAVE_WCHAR_T 1
| #define HAVE_WINT_T 1
| #define HAVE_INTMAX_T 1
| #define HAVE_POSIX_PRINTF 1
| #define HAVE_STDINT_H 1
| #define HAVE_STDINT_H 1
| #define HAVE_WORKING_O_NOATIME 0
| #define HAVE_WORKING_O_NOFOLLOW 0
| #define HAVE_WORKING_USELOCALE 1
| #define HAVE_GOOD_USELOCALE 1
| #define FLEXIBLE_ARRAY_MEMBER /**/
| #define HAVE_FEATURES_H 1
| #define HAVE_STDDEF_H 1
| #define HAVE_STDLIB_H 1
| #define HAVE_STRING_H 1
| #define HAVE_ASPRINTF 1
| #define HAVE_WPRINTF 1
| #define HAVE_NEWLOCALE 1
| #define HAVE_PUTENV 1
| #define HAVE_SETENV 1
| #define HAVE_SNPRINTF 1
| #define HAVE_STRNLEN 1
| #define HAVE_USELOCALE 1
| #define HAVE_WCSLEN 1
| #define HAVE_WCSNLEN 1
| #define HAVE_MBRTOWC 1
| #define HAVE_WCRTOMB 1
| #define HAVE_DECL__SNPRINTF 0
| #define HAVE_DECL__SNWPRINTF 0
| #define HAVE_DECL_GETC_UNLOCKED 1
| #define HAVE_NL_LANGINFO 1
| #define HAVE_LANGINFO_CODESET 1
| #define HAVE_LC_MESSAGES 1
| #define ENABLE_NLS 1
| #define HAVE_GETTEXT 1
| #define HAVE_DCGETTEXT 1
| #define HAVE_DIRENT_H 1
| #define MAJOR_IN_SYSMACROS 1
| #define HAVE_INTTYPES_H 1
| #define HAVE_UNISTD_H 1
| #define HAVE_STDLIB_H 1
| #define HAVE_LIMITS_H 1
| #define HAVE_STRING_H 1
| #define HAVE_MEMORY_H 1
| #define HAVE_LOCALE_H 1
| #define HAVE_TERMCAP_H 1
| #define HAVE_TERMIO_H 1
| #define HAVE_TERMIOS_H 1
| #define HAVE_DLFCN_H 1
| #define HAVE_STDDEF_H 1
| #define HAVE_STDINT_H 1
| #define HAVE_NETDB_H 1
| #define HAVE_PWD_H 1
| #define HAVE_GRP_H 1
| #define HAVE_STRINGS_H 1
| #define HAVE_REGEX_H 1
| #define HAVE_SYSLOG_H 1
| #define HAVE_ULIMIT_H 1
| #define HAVE_SYS_SELECT_H 1
| #define HAVE_SYS_FILE_H 1
| #define HAVE_SYS_IOCTL_H 1
| #define HAVE_SYS_MMAN_H 1
| #define HAVE_SYS_PARAM_H 1
| #define HAVE_SYS_RANDOM_H 1
| #define HAVE_SYS_SOCKET_H 1
| #define HAVE_SYS_STAT_H 1
| #define HAVE_SYS_TIME_H 1
| #define HAVE_SYS_TIMES_H 1
| #define HAVE_SYS_TYPES_H 1
| #define HAVE_SYS_WAIT_H 1
| #define HAVE_NETINET_IN_H 1
| #define HAVE_ARPA_INET_H 1
| /* end confdefs.h.  */
| 
| #if HAVE_SYS_STREAM_H
| #  include <sys/stream.h>
| #endif
| 
| 
| #include <sys/ptem.h>
configure:14816: result: no
configure:14828: checking for sys/resource.h
configure:14828: gcc -c -g -O2  conftest.c >&5
configure:14828: $? = 0
configure:14828: result: yes
configure:14843: checking for working alloca.h
configure:14870: result: yes
configure:14878: checking for alloca
configure:14990: checking for uid_t in sys/types.h
configure:15011: result: yes
configure:15022: checking for working chown
configure:15062: gcc -o conftest -g -O2   conftest.c  >&5
configure:15062: $? = 0
configure:15062: ./conftest
configure:15062: $? = 0
configure:15075: result: yes
configure:15083: checking whether getpgrp requires zero arguments
configure:15101: gcc -c -g -O2  conftest.c >&5
conftest.c: In function 'main':
conftest.c:225:1: error: too many arguments to function 'getpgrp'
  225 | getpgrp (0);
      | ^~~~~~~
In file included from conftest.c:220:
/usr/include/unistd.h:656:16: note: declared here
  656 | extern __pid_t getpgrp (void) __THROW;
      |                ^~~~~~~
configure:15101: $? = 1
configure: failed program was:
| /* confdefs.h */
| #define PACKAGE_NAME "bash"
| #define PACKAGE_TARNAME "bash"
| #define PACKAGE_VERSION "5.3-release"
| #define PACKAGE_STRING "bash 5.3-release"
| #define PACKAGE_BUGREPORT "bug-bash@gnu.org"
| #define PACKAGE_URL ""
| #define USING_BASH_MALLOC 1
| #define ALIAS 1
| #define PUSHD_AND_POPD 1
| #define RESTRICTED_SHELL 1
| #define PROCESS_SUBSTITUTION 1
| #define PROMPT_STRING_DECODE 1
| #define SELECT_COMMAND 1
| #define HELP_BUILTIN 1
| #define ARRAY_VARS 1
| #define DPAREN_ARITHMETIC 1
| #define BRACE_EXPANSION 1
| #define COMMAND_TIMING 1
| #define EXTENDED_GLOB 1
| #define EXTGLOB_DEFAULT 0
| #define COND_COMMAND 1
| #define COND_REGEXP 1
| #define COPROCESS_SUPPORT 1
| #define ARITH_FOR_COMMAND 1
| #define NETWORK_REDIRECTIONS 1
| #define PROGRAMMABLE_COMPLETION 1
| #define DEBUGGER 1
| #define CASEMOD_ATTRS 1
| #define CASEMOD_EXPANSIONS 1
| #define GLOBASCII_DEFAULT 1
| #define FUNCTION_IMPORT 1
| #define TRANSLATABLE_STRINGS 1
| #define BASH_SOURCE_FULLPATH_DEFAULT 0
| #define MEMSCRAMBLE 1
| #define HAVE_STDIO_H 1
| #define HAVE_STDLIB_H 1
| #define HAVE_STRING_H 1
| #define HAVE_INTTYPES_H 1
| #define HAVE_STDINT_H 1
| #define HAVE_STRINGS_H 1
| #define HAVE_SYS_STAT_H 1
| #define HAVE_SYS_TYPES_H 1
| #define HAVE_UNISTD_H 1
| #define HAVE_WCHAR_H 1
| #define HAVE_STDBOOL_H 1
| #define HAVE_SYS_PARAM_H 1
| #define HAVE_THREADS_H 1
| #define HAVE_SYS_TIME_H 1
| #define STDC_HEADERS 1
| #define _ALL_SOURCE 1
| #define _DARWIN_C_SOURCE 1
| #define _GNU_SOURCE 1
| #define _HPUX_ALT_XOPEN_SOCKET_API 1
| #define _NETBSD_SOURCE 1
| #define _OPENBSD_SOURCE 1
| #define _POSIX_PTHREAD_SEMANTICS 1
| #define __STDC_WANT_IEC_60559_ATTRIBS_EXT__ 1
| #define __STDC_WANT_IEC_60559_BFP_EXT__ 1
| #define __STDC_WANT_IEC_60559_DFP_EXT__ 1
| #define __STDC_WANT_IEC_60559_FUNCS_EXT__ 1
| #define __STDC_WANT_IEC_60559_TYPES_EXT__ 1
| #define __STDC_WANT_LIB_EXT2__ 1
| #define __STDC_WANT_MATH_SPEC_FUNCS__ 1
| #define _TANDEM_SOURCE 1
| #define __EXTENSIONS__ 1
| #define READLINE 1
| #define HISTORY 1
| #define BANG_HISTORY 1
| #define HAVE_STRINGIZE 1
| #define HAVE_LONG_DOUBLE 1
| #define restrict __restrict__
| #define HAVE_VISIBILITY 1
| #define HAVE_STDINT_H_WITH_UINTMAX 1
| #define HAVE_ALLOCA_H 1
| #define HAVE_ALLOCA 1
| #define HAVE_GETPAGESIZE 1
| #define HAVE_SYMLINK 1
| #define HAVE_USELOCALE 1
| #define HAVE_VPRINTF 1
| #define HAVE_ALARM 1
| #define HAVE___FPURGE 1
| #define HAVE_SNPRINTF 1
| #define HAVE_VSNPRINTF 1
| #define HAVE_MMAP 1
| #define INTDIV0_RAISES_SIGFPE 1
| #define HAVE_INTTYPES_H_WITH_UINTMAX 1
| #define HAVE_UNSIGNED_LONG_LONG_INT 1
| #define HAVE_UINTMAX_T 1
| #define HAVE_WEAK_SYMBOLS 1
| #define HAVE_PTHREAD_API 1
| #define USE_POSIX_THREADS 1
| #define USE_POSIX_THREADS_FROM_LIBC 1
| #define HAVE_PTHREAD_RWLOCK 1
| #define HAVE_PTHREAD_MUTEX_RECURSIVE 1
| #define HAVE_ICONV 1
| #define ICONV_CONST 
| #define HAVE_BUILTIN_EXPECT 1
| #define HAVE_INTTYPES_H 1
| #define HAVE_UNISTD_H 1
| #define HAVE_SYS_PARAM_H 1
| #define HAVE_GETCWD 1
| #define HAVE_GETEGID 1
| #define HAVE_GETEUID 1
| #define HAVE_GETGID 1
| #define HAVE_GETUID 1
| #define HAVE_MEMPCPY 1
| #define HAVE_MUNMAP 1
| #define HAVE_STPCPY 1
| #define HAVE_STRCASECMP 1
| #define HAVE_TSEARCH 1
| #define HAVE___FSETLOCKING 1
| #define HAVE_DECL_FEOF_UNLOCKED 1
| #define HAVE_DECL_FGETS_UNLOCKED 1
| #define HAVE_LOCALECONV 1
| #define HAVE_LONG_LONG_INT 1
| #define HAVE_WCHAR_T 1
| #define HAVE_WINT_T 1
| #define HAVE_INTMAX_T 1
| #define HAVE_POSIX_PRINTF 1
| #define HAVE_STDINT_H 1
| #define HAVE_STDINT_H 1
| #define HAVE_WORKING_O_NOATIME 0
| #define HAVE_WORKING_O_NOFOLLOW 0
| #define HAVE_WORKING_USELOCALE 1
| #define HAVE_GOOD_USELOCALE 1
| #define FLEXIBLE_ARRAY_MEMBER /**/
| #define HAVE_FEATURES_H 1
| #define HAVE_STDDEF_H 1
| #define HAVE_STDLIB_H 1
| #define HAVE_STRING_H 1
| #define HAVE_ASPRINTF 1
| #define HAVE_WPRINTF 1
| #define HAVE_NEWLOCALE 1
| #define HAVE_PUTENV 1
| #define HAVE_SETENV 1
| #define HAVE_SNPRINTF 1
| #define HAVE_STRNLEN 1
| #define HAVE_USELOCALE 1
| #define HAVE_WCSLEN 1
| #define HAVE_WCSNLEN 1
| #define HAVE_MBRTOWC 1
| #define HAVE_WCRTOMB 1
| #define HAVE_DECL__SNPRINTF 0
| #define HAVE_DECL__SNWPRINTF 0
| #define HAVE_DECL_GETC_UNLOCKED 1
| #define HAVE_NL_LANGINFO 1
| #define HAVE_LANGINFO_CODESET 1
| #define HAVE_LC_MESSAGES 1
| #define ENABLE_NLS 1
| #define HAVE_GETTEXT 1
| #define HAVE_DCGETTEXT 1
| #define HAVE_DIRENT_H 1
| #define MAJOR_IN_SYSMACROS 1
| #define HAVE_INTTYPES_H 1
| #define HAVE_UNISTD_H 1
| #define HAVE_STDLIB_H 1
| #define HAVE_LIMITS_H 1
| #define HAVE_STRING_H 1
| #define HAVE_MEMORY_H 1
| #define HAVE_LOCALE_H 1
| #define HAVE_TERMCAP_H 1
| #define HAVE_TERMIO_H 1
| #define HAVE_TERMIOS_H 1
| #define HAVE_DLFCN_H 1
| #define HAVE_STDDEF_H 1
| #define HAVE_STDINT_H 1
| #define HAVE_NETDB_H 1
| #define HAVE_PWD_H 1
| #define HAVE_GRP_H 1
| #define HAVE_STRINGS_H 1
| #define HAVE_REGEX_H 1
| #define HAVE_SYSLOG_H 1
| #define HAVE_ULIMIT_H 1
| #define HAVE_SYS_SELECT_H 1
| #define HAVE_SYS_FILE_H 1
| #define HAVE_SYS_IOCTL_H 1
| #define HAVE_SYS_MMAN_H 1
| #define HAVE_SYS_PARAM_H 1
| #define HAVE_SYS_RANDOM_H 1
| #define HAVE_SYS_SOCKET_H 1
| #define HAVE_SYS_STAT_H 1
| #define HAVE_SYS_TIME_H 1
| #define HAVE_SYS_TIMES_H 1
| #define HAVE_SYS_TYPES_H 1
| #define HAVE_SYS_WAIT_H 1
| #define HAVE_NETINET_IN_H 1
| #define HAVE_ARPA_INET_H 1
| #define HAVE_SYS_RESOURCE_H 1
| #define HAVE_ALLOCA_H 1
| #define HAVE_ALLOCA 1
| #define HAVE_CHOWN 1
| /* end confdefs.h.  */
| #include <stddef.h>
| #ifdef HAVE_STDIO_H
| # include <stdio.h>
| #endif
| #ifdef HAVE_STDLIB_H
| # include <stdlib.h>
| #endif
| #ifdef HAVE_STRING_H
| # include <string.h>
| #endif
| #ifdef HAVE_INTTYPES_H
| # include <inttypes.h>
| #endif
| #ifdef HAVE_STDINT_H
| # include <stdint.h>
| #endif
| #ifdef HAVE_STRINGS_H
| # include <strings.h>
| #endif
| #ifdef HAVE_SYS_TYPES_H
| # include <sys/types.h>
| #endif
| #ifdef HAVE_SYS_STAT_H
| # include <sys/stat.h>
| #endif
| #ifdef HAVE_UNISTD_H
| # include <unistd.h>
| #endif
| int
| main (void)
| {
| getpgrp (0);
|   ;
|   return 0;
| }
configure:15110: result: yes
configure:15131: checking for working strcoll
configure:15159: gcc -o conftest -g -O2   conftest.c  >&5
configure:15159: $? = 0
configure:15159: ./conftest
configure:15159: $? = 0
configure:15170: result: yes
configure:15222: checking for __setostype
configure:15222: gcc -o conftest -g -O2   conftest.c  >&5
/usr/bin/ld: /tmp/cc3Vizyl.o: in function `main':
/root/boiler/example_repos/bash/before/conftest.c:223:(.text.startup+0xb): undefined reference to `__setostype'
collect2: error: ld returned 1 exit status
configure:15222: $? = 1
configure: failed program was:
| /* confdefs.h */
| #define PACKAGE_NAME "bash"
| #define PACKAGE_TARNAME "bash"
| #define PACKAGE_VERSION "5.3-release"
| #define PACKAGE_STRING "bash 5.3-release"
| #define PACKAGE_BUGREPORT "bug-bash@gnu.org"
| #define PACKAGE_URL ""
| #define USING_BASH_MALLOC 1
| #define ALIAS 1
| #define PUSHD_AND_POPD 1
| #define RESTRICTED_SHELL 1
| #define PROCESS_SUBSTITUTION 1
| #define PROMPT_STRING_DECODE 1
| #define SELECT_COMMAND 1
| #define HELP_BUILTIN 1
| #define ARRAY_VARS 1
| #define DPAREN_ARITHMETIC 1
| #define BRACE_EXPANSION 1
| #define COMMAND_TIMING 1
| #define EXTENDED_GLOB 1
| #define EXTGLOB_DEFAULT 0
| #define COND_COMMAND 1
| #define COND_REGEXP 1
| #define COPROCESS_SUPPORT 1
| #define ARITH_FOR_COMMAND 1
| #define NETWORK_REDIRECTIONS 1
| #define PROGRAMMABLE_COMPLETION 1
| #define DEBUGGER 1
| #define CASEMOD_ATTRS 1
| #define CASEMOD_EXPANSIONS 1
| #define GLOBASCII_DEFAULT 1
| #define FUNCTION_IMPORT 1
| #define TRANSLATABLE_STRINGS 1
| #define BASH_SOURCE_FULLPATH_DEFAULT 0
| #define MEMSCRAMBLE 1
| #define HAVE_STDIO_H 1
| #define HAVE_STDLIB_H 1
| #define HAVE_STRING_H 1
| #define HAVE_INTTYPES_H 1
| #define HAVE_STDINT_H 1
| #define HAVE_STRINGS_H 1
| #define HAVE_SYS_STAT_H 1
| #define HAVE_SYS_TYPES_H 1
| #define HAVE_UNISTD_H 1
| #define HAVE_WCHAR_H 1
| #define HAVE_STDBOOL_H 1
| #define HAVE_SYS_PARAM_H 1
| #define HAVE_THREADS_H 1
| #define HAVE_SYS_TIME_H 1
| #define STDC_HEADERS 1
| #define _ALL_SOURCE 1
| #define _DARWIN_C_SOURCE 1
| #define _GNU_SOURCE 1
| #define _HPUX_ALT_XOPEN_SOCKET_API 1
| #define _NETBSD_SOURCE 1
| #define _OPENBSD_SOURCE 1
| #define _POSIX_PTHREAD_SEMANTICS 1
| #define __STDC_WANT_IEC_60559_ATTRIBS_EXT__ 1
| #define __STDC_WANT_IEC_60559_BFP_EXT__ 1
| #define __STDC_WANT_IEC_60559_DFP_EXT__ 1
| #define __STDC_WANT_IEC_60559_FUNCS_EXT__ 1
| #define __STDC_WANT_IEC_60559_TYPES_EXT__ 1
| #define __STDC_WANT_LIB_EXT2__ 1
| #define __STDC_WANT_MATH_SPEC_FUNCS__ 1
| #define _TANDEM_SOURCE 1
| #define __EXTENSIONS__ 1
| #define READLINE 1
| #define HISTORY 1
| #define BANG_HISTORY 1
| #define HAVE_STRINGIZE 1
| #define HAVE_LONG_DOUBLE 1
| #define restrict __restrict__
| #define HAVE_VISIBILITY 1
| #define HAVE_STDINT_H_WITH_UINTMAX 1
| #define HAVE_ALLOCA_H 1
| #define HAVE_ALLOCA 1
| #define HAVE_GETPAGESIZE 1
| #define HAVE_SYMLINK 1
| #define HAVE_USELOCALE 1
| #define HAVE_VPRINTF 1
| #define HAVE_ALARM 1
| #define HAVE___FPURGE 1
| #define HAVE_SNPRINTF 1
| #define HAVE_VSNPRINTF 1
| #define HAVE_MMAP 1
| #define INTDIV0_RAISES_SIGFPE 1
| #define HAVE_INTTYPES_H_WITH_UINTMAX 1
| #define HAVE_UNSIGNED_LONG_LONG_INT 1
| #define HAVE_UINTMAX_T 1
| #define HAVE_WEAK_SYMBOLS 1
| #define HAVE_PTHREAD_API 1
| #define USE_POSIX_THREADS 1
| #define USE_POSIX_THREADS_FROM_LIBC 1
| #define HAVE_PTHREAD_RWLOCK 1
| #define HAVE_PTHREAD_MUTEX_RECURSIVE 1
| #define HAVE_ICONV 1
| #define ICONV_CONST 
| #define HAVE_BUILTIN_EXPECT 1
| #define HAVE_INTTYPES_H 1
| #define HAVE_UNISTD_H 1
| #define HAVE_SYS_PARAM_H 1
| #define HAVE_GETCWD 1
| #define HAVE_GETEGID 1
| #define HAVE_GETEUID 1
| #define HAVE_GETGID 1
| #define HAVE_GETUID 1
| #define HAVE_MEMPCPY 1
| #define HAVE_MUNMAP 1
| #define HAVE_STPCPY 1
| #define HAVE_STRCASECMP 1
| #define HAVE_TSEARCH 1
| #define HAVE___FSETLOCKING 1
| #define HAVE_DECL_FEOF_UNLOCKED 1
| #define HAVE_DECL_FGETS_UNLOCKED 1
| #define HAVE_LOCALECONV 1
| #define HAVE_LONG_LONG_INT 1
| #define HAVE_WCHAR_T 1
| #define HAVE_WINT_T 1
| #define HAVE_INTMAX_T 1
| #define HAVE_POSIX_PRINTF 1
| #define HAVE_STDINT_H 1
| #define HAVE_STDINT_H 1
| #define HAVE_WORKING_O_NOATIME 0
| #define HAVE_WORKING_O_NOFOLLOW 0
| #define HAVE_WORKING_USELOCALE 1
| #define HAVE_GOOD_USELOCALE 1
| #define FLEXIBLE_ARRAY_MEMBER /**/
| #define HAVE_FEATURES_H 1
| #define HAVE_STDDEF_H 1
| #define HAVE_STDLIB_H 1
| #define HAVE_STRING_H 1
| #define HAVE_ASPRINTF 1
| #define HAVE_WPRINTF 1
| #define HAVE_NEWLOCALE 1
| #define HAVE_PUTENV 1
| #define HAVE_SETENV 1
| #define HAVE_SNPRINTF 1
| #define HAVE_STRNLEN 1
| #define HAVE_USELOCALE 1
| #define HAVE_WCSLEN 1
| #define HAVE_WCSNLEN 1
| #define HAVE_MBRTOWC 1
| #define HAVE_WCRTOMB 1
| #define HAVE_DECL__SNPRINTF 0
| #define HAVE_DECL__SNWPRINTF 0
| #define HAVE_DECL_GETC_UNLOCKED 1
| #define HAVE_NL_LANGINFO 1
| #define HAVE_LANGINFO_CODESET 1
| #define HAVE_LC_MESSAGES 1
| #define ENABLE_NLS 1
| #define HAVE_GETTEXT 1
| #define HAVE_DCGETTEXT 1
| #define HAVE_DIRENT_H 1
| #define MAJOR_IN_SYSMACROS 1
| #define HAVE_INTTYPES_H 1
| #define HAVE_UNISTD_H 1
| #define HAVE_STDLIB_H 1
| #define HAVE_LIMITS_H 1
| #define HAVE_STRING_H 1
| #define HAVE_MEMORY_H 1
| #define HAVE_LOCALE_H 1
| #define HAVE_TERMCAP_H 1
| #define HAVE_TERMIO_H 1
| #define HAVE_TERMIOS_H 1
| #define HAVE_DLFCN_H 1
| #define HAVE_STDDEF_H 1
| #define HAVE_STDINT_H 1
| #define HAVE_NETDB_H 1
| #define HAVE_PWD_H 1
| #define HAVE_GRP_H 1
| #define HAVE_STRINGS_H 1
| #define HAVE_REGEX_H 1
| #define HAVE_SYSLOG_H 1
| #define HAVE_ULIMIT_H 1
| #define HAVE_SYS_SELECT_H 1
| #define HAVE_SYS_FILE_H 1
| #define HAVE_SYS_IOCTL_H 1
| #define HAVE_SYS_MMAN_H 1
| #define HAVE_SYS_PARAM_H 1
| #define HAVE_SYS_RANDOM_H 1
| #define HAVE_SYS_SOCKET_H 1
| #define HAVE_SYS_STAT_H 1
| #define HAVE_SYS_TIME_H 1
| #define HAVE_SYS_TIMES_H 1
| #define HAVE_SYS_TYPES_H 1
| #define HAVE_SYS_WAIT_H 1
| #define HAVE_NETINET_IN_H 1
| #define HAVE_ARPA_INET_H 1
| #define HAVE_SYS_RESOURCE_H 1
| #define HAVE_ALLOCA_H 1
| #define HAVE_ALLOCA 1
| #define HAVE_CHOWN 1
| #define GETPGRP_VOID 1
| #define HAVE_STRCOLL 1
| /* end confdefs.h.  */
| /* Define __setostype to an innocuous variant, in case <limits.h> declares __setostype.
|    For example, HP-UX 11i <limits.h> declares gettimeofday.  */
| #define __setostype innocuous___setostype
| 
| /* System header to define __stub macros and hopefully few prototypes,
|    which can conflict with char __setostype (); below.  */
| 
| #include <limits.h>
| #undef __setostype
| 
| /* Override any GCC internal prototype to avoid an error.
|    Use char because int might match the return type of a GCC
|    builtin and then its argument prototype would still apply.  */
| #ifdef __cplusplus
| extern "C"
| #endif
| char __setostype ();
| /* The GNU C library defines this for functions which it implements
|     to always fail with ENOSYS.  Some functions are actually named
|     something starting with __ and the normal name is an alias.  */
| #if defined __stub___setostype || defined __stub_____setostype
| choke me
| #endif
| 
| int
| main (void)
| {
| return __setostype ();
|   ;
|   return 0;
| }
configure:15222: result: no
configure:15229: checking for wait3
configure:15229: gcc -o conftest -g -O2   conftest.c  >&5
configure:15229: $? = 0
configure:15229: result: yes
configure:15237: checking for mkfifo
configure:15237: gcc -o conftest -g -O2   conftest.c  >&5
configure:15237: $? = 0
configure:15237: result: yes
configure:15248: checking for dup2
configure:15248: gcc -o conftest -g -O2   conftest.c  >&5
configure:15248: $? = 0
configure:15248: result: yes
configure:15254: checking for eaccess
configure:15254: gcc -o conftest -g -O2   conftest.c  >&5
configure:15254: $? = 0
configure:15254: result: yes
configure:15260: checking for fcntl
configure:15260: gcc -o conftest -g -O2   conftest.c  >&5
configure:15260: $? = 0
configure:15260: result: yes
configure:15266: checking for getdtablesize
configure:15266: gcc -o conftest -g -O2   conftest.c  >&5
configure:15266: $? = 0
configure:15266: result: yes
configure:15272: checking for getentropy
configure:15272: gcc -o conftest -g -O2   conftest.c  >&5
configure:15272: $? = 0
configure:15272: result: yes
configure:15278: checking for getgroups
configure:15278: gcc -o conftest -g -O2   conftest.c  >&5
configure:15278: $? = 0
configure:15278: result: yes
configure:15284: checking for gethostname
configure:15284: gcc -o conftest -g -O2   conftest.c  >&5
configure:15284: $? = 0
configure:15284: result: yes
configure:15290: checking for getpagesize
configure:15290: result: yes
configure:15296: checking for getpeername
configure:15296: gcc -o conftest -g -O2   conftest.c  >&5
configure:15296: $? = 0
configure:15296: result: yes
configure:15302: checking for getrandom
configure:15302: gcc -o conftest -g -O2   conftest.c  >&5
configure:15302: $? = 0
configure:15302: result: yes
configure:15308: checking for getrlimit
configure:15308: gcc -o conftest -g -O2   conftest.c  >&5
configure:15308: $? = 0
configure:15308: result: yes
configure:15314: checking for getrusage
configure:15314: gcc -o conftest -g -O2   conftest.c  >&5
configure:15314: $? = 0
configure:15314: result: yes
configure:15320: checking for gettimeofday
configure:15320: gcc -o conftest -g -O2   conftest.c  >&5
configure:15320: $? = 0
configure:15320: result: yes
configure:15326: checking for kill
configure:15326: gcc -o conftest -g -O2   conftest.c  >&5
configure:15326: $? = 0
configure:15326: result: yes
configure:15332: checking for killpg
configure:15332: gcc -o conftest -g -O2   conftest.c  >&5
configure:15332: $? = 0
configure:15332: result: yes
configure:15338: checking for lstat
configure:15338: gcc -o conftest -g -O2   conftest.c  >&5
configure:15338: $? = 0
configure:15338: result: yes
configure:15344: checking for nanosleep
configure:15344: gcc -o conftest -g -O2   conftest.c  >&5
configure:15344: $? = 0
configure:15344: result: yes
configure:15350: checking for pselect
configure:15350: gcc -o conftest -g -O2   conftest.c  >&5
configure:15350: $? = 0
configure:15350: result: yes
configure:15356: checking for readlink
configure:15356: gcc -o conftest -g -O2   conftest.c  >&5
configure:15356: $? = 0
configure:15356: result: yes
configure:15362: checking for select
configure:15362: gcc -o conftest -g -O2   conftest.c  >&5
configure:15362: $? = 0
configure:15362: result: yes
configure:15368: checking for setdtablesize
configure:15368: gcc -o conftest -g -O2   conftest.c  >&5
/usr/bin/ld: /tmp/ccTzViIg.o: in function `main':
/root/boiler/example_repos/bash/before/conftest.c:245:(.text.startup+0xb): undefined reference to `setdtablesize'
collect2: error: ld returned 1 exit status
configure:15368: $? = 1
configure: failed program was:
| /* confdefs.h */
| #define PACKAGE_NAME "bash"
| #define PACKAGE_TARNAME "bash"
| #define PACKAGE_VERSION "5.3-release"
| #define PACKAGE_STRING "bash 5.3-release"
| #define PACKAGE_BUGREPORT "bug-bash@gnu.org"
| #define PACKAGE_URL ""
| #define USING_BASH_MALLOC 1
| #define ALIAS 1
| #define PUSHD_AND_POPD 1
| #define RESTRICTED_SHELL 1
| #define PROCESS_SUBSTITUTION 1
| #define PROMPT_STRING_DECODE 1
| #define SELECT_COMMAND 1
| #define HELP_BUILTIN 1
| #define ARRAY_VARS 1
| #define DPAREN_ARITHMETIC 1
| #define BRACE_EXPANSION 1
| #define COMMAND_TIMING 1
| #define EXTENDED_GLOB 1
| #define EXTGLOB_DEFAULT 0
| #define COND_COMMAND 1
| #define COND_REGEXP 1
| #define COPROCESS_SUPPORT 1
| #define ARITH_FOR_COMMAND 1
| #define NETWORK_REDIRECTIONS 1
| #define PROGRAMMABLE_COMPLETION 1
| #define DEBUGGER 1
| #define CASEMOD_ATTRS 1
| #define CASEMOD_EXPANSIONS 1
| #define GLOBASCII_DEFAULT 1
| #define FUNCTION_IMPORT 1
| #define TRANSLATABLE_STRINGS 1
| #define BASH_SOURCE_FULLPATH_DEFAULT 0
| #define MEMSCRAMBLE 1
| #define HAVE_STDIO_H 1
| #define HAVE_STDLIB_H 1
| #define HAVE_STRING_H 1
| #define HAVE_INTTYPES_H 1
| #define HAVE_STDINT_H 1
| #define HAVE_STRINGS_H 1
| #define HAVE_SYS_STAT_H 1
| #define HAVE_SYS_TYPES_H 1
| #define HAVE_UNISTD_H 1
| #define HAVE_WCHAR_H 1
| #define HAVE_STDBOOL_H 1
| #define HAVE_SYS_PARAM_H 1
| #define HAVE_THREADS_H 1
| #define HAVE_SYS_TIME_H 1
| #define STDC_HEADERS 1
| #define _ALL_SOURCE 1
| #define _DARWIN_C_SOURCE 1
| #define _GNU_SOURCE 1
| #define _HPUX_ALT_XOPEN_SOCKET_API 1
| #define _NETBSD_SOURCE 1
| #define _OPENBSD_SOURCE 1
| #define _POSIX_PTHREAD_SEMANTICS 1
| #define __STDC_WANT_IEC_60559_ATTRIBS_EXT__ 1
| #define __STDC_WANT_IEC_60559_BFP_EXT__ 1
| #define __STDC_WANT_IEC_60559_DFP_EXT__ 1
| #define __STDC_WANT_IEC_60559_FUNCS_EXT__ 1
| #define __STDC_WANT_IEC_60559_TYPES_EXT__ 1
| #define __STDC_WANT_LIB_EXT2__ 1
| #define __STDC_WANT_MATH_SPEC_FUNCS__ 1
| #define _TANDEM_SOURCE 1
| #define __EXTENSIONS__ 1
| #define READLINE 1
| #define HISTORY 1
| #define BANG_HISTORY 1
| #define HAVE_STRINGIZE 1
| #define HAVE_LONG_DOUBLE 1
| #define restrict __restrict__
| #define HAVE_VISIBILITY 1
| #define HAVE_STDINT_H_WITH_UINTMAX 1
| #define HAVE_ALLOCA_H 1
| #define HAVE_ALLOCA 1
| #define HAVE_GETPAGESIZE 1
| #define HAVE_SYMLINK 1
| #define HAVE_USELOCALE 1
| #define HAVE_VPRINTF 1
| #define HAVE_ALARM 1
| #define HAVE___FPURGE 1
| #define HAVE_SNPRINTF 1
| #define HAVE_VSNPRINTF 1
| #define HAVE_MMAP 1
| #define INTDIV0_RAISES_SIGFPE 1
| #define HAVE_INTTYPES_H_WITH_UINTMAX 1
| #define HAVE_UNSIGNED_LONG_LONG_INT 1
| #define HAVE_UINTMAX_T 1
| #define HAVE_WEAK_SYMBOLS 1
| #define HAVE_PTHREAD_API 1
| #define USE_POSIX_THREADS 1
| #define USE_POSIX_THREADS_FROM_LIBC 1
| #define HAVE_PTHREAD_RWLOCK 1
| #define HAVE_PTHREAD_MUTEX_RECURSIVE 1
| #define HAVE_ICONV 1
| #define ICONV_CONST 
| #define HAVE_BUILTIN_EXPECT 1
| #define HAVE_INTTYPES_H 1
| #define HAVE_UNISTD_H 1
| #define HAVE_SYS_PARAM_H 1
| #define HAVE_GETCWD 1
| #define HAVE_GETEGID 1
| #define HAVE_GETEUID 1
| #define HAVE_GETGID 1
| #define HAVE_GETUID 1
| #define HAVE_MEMPCPY 1
| #define HAVE_MUNMAP 1
| #define HAVE_STPCPY 1
| #define HAVE_STRCASECMP 1
| #define HAVE_TSEARCH 1
| #define HAVE___FSETLOCKING 1
| #define HAVE_DECL_FEOF_UNLOCKED 1
| #define HAVE_DECL_FGETS_UNLOCKED 1
| #define HAVE_LOCALECONV 1
| #define HAVE_LONG_LONG_INT 1
| #define HAVE_WCHAR_T 1
| #define HAVE_WINT_T 1
| #define HAVE_INTMAX_T 1
| #define HAVE_POSIX_PRINTF 1
| #define HAVE_STDINT_H 1
| #define HAVE_STDINT_H 1
| #define HAVE_WORKING_O_NOATIME 0
| #define HAVE_WORKING_O_NOFOLLOW 0
| #define HAVE_WORKING_USELOCALE 1
| #define HAVE_GOOD_USELOCALE 1
| #define FLEXIBLE_ARRAY_MEMBER /**/
| #define HAVE_FEATURES_H 1
| #define HAVE_STDDEF_H 1
| #define HAVE_STDLIB_H 1
| #define HAVE_STRING_H 1
| #define HAVE_ASPRINTF 1
| #define HAVE_WPRINTF 1
| #define HAVE_NEWLOCALE 1
| #define HAVE_PUTENV 1
| #define HAVE_SETENV 1
| #define HAVE_SNPRINTF 1
| #define HAVE_STRNLEN 1
| #define HAVE_USELOCALE 1
| #define HAVE_WCSLEN 1
| #define HAVE_WCSNLEN 1
| #define HAVE_MBRTOWC 1
| #define HAVE_WCRTOMB 1
| #define HAVE_DECL__SNPRINTF 0
| #define HAVE_DECL__SNWPRINTF 0
| #define HAVE_DECL_GETC_UNLOCKED 1
| #define HAVE_NL_LANGINFO 1
| #define HAVE_LANGINFO_CODESET 1
| #define HAVE_LC_MESSAGES 1
| #define ENABLE_NLS 1
| #define HAVE_GETTEXT 1
| #define HAVE_DCGETTEXT 1
| #define HAVE_DIRENT_H 1
| #define MAJOR_IN_SYSMACROS 1
| #define HAVE_INTTYPES_H 1
| #define HAVE_UNISTD_H 1
| #define HAVE_STDLIB_H 1
| #define HAVE_LIMITS_H 1
| #define HAVE_STRING_H 1
| #define HAVE_MEMORY_H 1
| #define HAVE_LOCALE_H 1
| #define HAVE_TERMCAP_H 1
| #define HAVE_TERMIO_H 1
| #define HAVE_TERMIOS_H 1
| #define HAVE_DLFCN_H 1
| #define HAVE_STDDEF_H 1
| #define HAVE_STDINT_H 1
| #define HAVE_NETDB_H 1
| #define HAVE_PWD_H 1
| #define HAVE_GRP_H 1
| #define HAVE_STRINGS_H 1
| #define HAVE_REGEX_H 1
| #define HAVE_SYSLOG_H 1
| #define HAVE_ULIMIT_H 1
| #define HAVE_SYS_SELECT_H 1
| #define HAVE_SYS_FILE_H 1
| #define HAVE_SYS_IOCTL_H 1
| #define HAVE_SYS_MMAN_H 1
| #define HAVE_SYS_PARAM_H 1
| #define HAVE_SYS_RANDOM_H 1
| #define HAVE_SYS_SOCKET_H 1
| #define HAVE_SYS_STAT_H 1
| #define HAVE_SYS_TIME_H 1
| #define HAVE_SYS_TIMES_H 1
| #define HAVE_SYS_TYPES_H 1
| #define HAVE_SYS_WAIT_H 1
| #define HAVE_NETINET_IN_H 1
| #define HAVE_ARPA_INET_H 1
| #define HAVE_SYS_RESOURCE_H 1
| #define HAVE_ALLOCA_H 1
| #define HAVE_ALLOCA 1
| #define HAVE_CHOWN 1
| #define GETPGRP_VOID 1
| #define HAVE_STRCOLL 1
| #define HAVE_WAIT3 1
| #define HAVE_MKFIFO 1
| #define HAVE_DUP2 1
| #define HAVE_EACCESS 1
| #define HAVE_FCNTL 1
| #define HAVE_GETDTABLESIZE 1
| #define HAVE_GETENTROPY 1
| #define HAVE_GETGROUPS 1
| #define HAVE_GETHOSTNAME 1
| #define HAVE_GETPAGESIZE 1
| #define HAVE_GETPEERNAME 1
| #define HAVE_GETRANDOM 1
| #define HAVE_GETRLIMIT 1
| #define HAVE_GETRUSAGE 1
| #define HAVE_GETTIMEOFDAY 1
| #define HAVE_KILL 1
| #define HAVE_KILLPG 1
| #define HAVE_LSTAT 1
| #define HAVE_NANOSLEEP 1
| #define HAVE_PSELECT 1
| #define HAVE_READLINK 1
| #define HAVE_SELECT 1
| /* end confdefs.h.  */
| /* Define setdtablesize to an innocuous variant, in case <limits.h> declares setdtablesize.
|    For example, HP-UX 11i <limits.h> declares gettimeofday.  */
| #define setdtablesize innocuous_setdtablesize
| 
| /* System header to define __stub macros and hopefully few prototypes,
|    which can conflict with char setdtablesize (); below.  */
| 
| #include <limits.h>
| #undef setdtablesize
| 
| /* Override any GCC internal prototype to avoid an error.
|    Use char because int might match the return type of a GCC
|    builtin and then its argument prototype would still apply.  */
| #ifdef __cplusplus
| extern "C"
| #endif
| char setdtablesize ();
| /* The GNU C library defines this for functions which it implements
|     to always fail with ENOSYS.  Some functions are actually named
|     something starting with __ and the normal name is an alias.  */
| #if defined __stub_setdtablesize || defined __stub___setdtablesize
| choke me
| #endif
| 
| int
| main (void)
| {
| return setdtablesize ();
|   ;
|   return 0;
| }
configure:15368: result: no
configure:15374: checking for setitimer
configure:15374: gcc -o conftest -g -O2   conftest.c  >&5
configure:15374: $? = 0
configure:15374: result: yes
configure:15380: checking for statfs
configure:15380: gcc -o conftest -g -O2   conftest.c  >&5
configure:15380: $? = 0
configure:15380: result: yes
configure:15386: checking for tcgetpgrp
configure:15386: gcc -o conftest -g -O2   conftest.c  >&5
configure:15386: $? = 0
configure:15386: result: yes
configure:15392: checking for uname
configure:15392: gcc -o conftest -g -O2   conftest.c  >&5
configure:15392: $? = 0
configure:15392: result: yes
configure:15398: checking for ulimit
configure:15398: gcc -o conftest -g -O2   conftest.c  >&5
configure:15398: $? = 0
configure:15398: result: yes
configure:15404: checking for waitpid
configure:15404: gcc -o conftest -g -O2   conftest.c  >&5
configure:15404: $? = 0
configure:15404: result: yes
configure:15411: checking for rename
configure:15411: gcc -o conftest -g -O2   conftest.c  >&5
configure:15411: $? = 0
configure:15411: result: yes
configure:15426: checking for bcopy
configure:15426: gcc -o conftest -g -O2   conftest.c  >&5
conftest.c:241:6: warning: conflicting types for built-in function 'bcopy'; expected 'void(const void *, void *, long unsigned int)' [-Wbuiltin-declaration-mismatch]
  241 | char bcopy ();
      |      ^~~~~
configure:15426: $? = 0
configure:15426: result: yes
configure:15432: checking for bzero
configure:15432: gcc -o conftest -g -O2   conftest.c  >&5
conftest.c:242:6: warning: conflicting types for built-in function 'bzero'; expected 'void(void *, long unsigned int)' [-Wbuiltin-declaration-mismatch]
  242 | char bzero ();
      |      ^~~~~
configure:15432: $? = 0
configure:15432: result: yes
configure:15438: checking for clock_gettime
configure:15438: gcc -o conftest -g -O2   conftest.c  >&5
configure:15438: $? = 0
configure:15438: result: yes
configure:15444: checking for confstr
configure:15444: gcc -o conftest -g -O2   conftest.c  >&5
configure:15444: $? = 0
configure:15444: result: yes
configure:15450: checking for faccessat
configure:15450: gcc -o conftest -g -O2   conftest.c  >&5
configure:15450: $? = 0
configure:15450: result: yes
configure:15456: checking for fnmatch
configure:15456: gcc -o conftest -g -O2   conftest.c  >&5
configure:15456: $? = 0
configure:15456: result: yes
configure:15462: checking for getaddrinfo
configure:15462: gcc -o conftest -g -O2   conftest.c  >&5
configure:15462: $? = 0
configure:15462: result: yes
configure:15468: checking for gethostbyname
configure:15468: gcc -o conftest -g -O2   conftest.c  >&5
configure:15468: $? = 0
configure:15468: result: yes
configure:15474: checking for getservbyname
configure:15474: gcc -o conftest -g -O2   conftest.c  >&5
configure:15474: $? = 0
configure:15474: result: yes
configure:15480: checking for getservent
configure:15480: gcc -o conftest -g -O2   conftest.c  >&5
configure:15480: $? = 0
configure:15480: result: yes
configure:15486: checking for inet_aton
configure:15486: gcc -o conftest -g -O2   conftest.c  >&5
configure:15486: $? = 0
configure:15486: result: yes
configure:15492: checking for imaxdiv
configure:15492: gcc -o conftest -g -O2   conftest.c  >&5
configure:15492: $? = 0
configure:15492: result: yes
configure:15498: checking for memmove
configure:15498: gcc -o conftest -g -O2   conftest.c  >&5
conftest.c:253:6: warning: conflicting types for built-in function 'memmove'; expected 'void *(void *, const void *, long unsigned int)' [-Wbuiltin-declaration-mismatch]
  253 | char memmove ();
      |      ^~~~~~~
conftest.c:245:1: note: 'memmove' is declared in header '<string.h>'
  244 | #include <limits.h>
  245 | #undef memmove
configure:15498: $? = 0
configure:15498: result: yes
configure:15504: checking for pathconf
configure:15504: gcc -o conftest -g -O2   conftest.c  >&5
configure:15504: $? = 0
configure:15504: result: yes
configure:15510: checking for putenv
configure:15510: result: yes
configure:15516: checking for raise
configure:15516: gcc -o conftest -g -O2   conftest.c  >&5
configure:15516: $? = 0
configure:15516: result: yes
configure:15522: checking for random
configure:15522: gcc -o conftest -g -O2   conftest.c  >&5
configure:15522: $? = 0
configure:15522: result: yes
configure:15528: checking for regcomp
configure:15528: gcc -o conftest -g -O2   conftest.c  >&5
configure:15528: $? = 0
configure:15528: result: yes
configure:15534: checking for regexec
configure:15534: gcc -o conftest -g -O2   conftest.c  >&5
configure:15534: $? = 0
configure:15534: result: yes
configure:15540: checking for setenv
configure:15540: result: yes
configure:15546: checking for setlinebuf
configure:15546: gcc -o conftest -g -O2   conftest.c  >&5
configure:15546: $? = 0
configure:15546: result: yes
configure:15552: checking for setlocale
configure:15552: gcc -o conftest -g -O2   conftest.c  >&5
configure:15552: $? = 0
configure:15552: result: yes
configure:15558: checking for setvbuf
configure:15558: gcc -o conftest -g -O2   conftest.c  >&5
configure:15558: $? = 0
configure:15558: result: yes
configure:15564: checking for siginterrupt
configure:15564: gcc -o conftest -g -O2   conftest.c  >&5
configure:15564: $? = 0
configure:15564: result: yes
configure:15570: checking for strchr
configure:15570: gcc -o conftest -g -O2   conftest.c  >&5
conftest.c:265:6: warning: conflicting types for built-in function 'strchr'; expected 'char *(const char *, int)' [-Wbuiltin-declaration-mismatch]
  265 | char strchr ();
      |      ^~~~~~
conftest.c:257:1: note: 'strchr' is declared in header '<string.h>'
  256 | #include <limits.h>
  257 | #undef strchr
configure:15570: $? = 0
configure:15570: result: yes
configure:15576: checking for sysconf
configure:15576: gcc -o conftest -g -O2   conftest.c  >&5
configure:15576: $? = 0
configure:15576: result: yes
configure:15582: checking for syslog
configure:15582: gcc -o conftest -g -O2   conftest.c  >&5
configure:15582: $? = 0
configure:15582: result: yes
configure:15588: checking for tcgetattr
configure:15588: gcc -o conftest -g -O2   conftest.c  >&5
configure:15588: $? = 0
configure:15588: result: yes
configure:15594: checking for tcgetwinsize
configure:15594: gcc -o conftest -g -O2   conftest.c  >&5
/usr/bin/ld: /tmp/cclI5Rc9.o: in function `main':
/root/boiler/example_repos/bash/before/conftest.c:280:(.text.startup+0xb): undefined reference to `tcgetwinsize'
collect2: error: ld returned 1 exit status
configure:15594: $? = 1
configure: failed program was:
| /* confdefs.h */
| #define PACKAGE_NAME "bash"
| #define PACKAGE_TARNAME "bash"
| #define PACKAGE_VERSION "5.3-release"
| #define PACKAGE_STRING "bash 5.3-release"
| #define PACKAGE_BUGREPORT "bug-bash@gnu.org"
| #define PACKAGE_URL ""
| #define USING_BASH_MALLOC 1
| #define ALIAS 1
| #define PUSHD_AND_POPD 1
| #define RESTRICTED_SHELL 1
| #define PROCESS_SUBSTITUTION 1
| #define PROMPT_STRING_DECODE 1
| #define SELECT_COMMAND 1
| #define HELP_BUILTIN 1
| #define ARRAY_VARS 1
| #define DPAREN_ARITHMETIC 1
| #define BRACE_EXPANSION 1
| #define COMMAND_TIMING 1
| #define EXTENDED_GLOB 1
| #define EXTGLOB_DEFAULT 0
| #define COND_COMMAND 1
| #define COND_REGEXP 1
| #define COPROCESS_SUPPORT 1
| #define ARITH_FOR_COMMAND 1
| #define NETWORK_REDIRECTIONS 1
| #define PROGRAMMABLE_COMPLETION 1
| #define DEBUGGER 1
| #define CASEMOD_ATTRS 1
| #define CASEMOD_EXPANSIONS 1
| #define GLOBASCII_DEFAULT 1
| #define FUNCTION_IMPORT 1
| #define TRANSLATABLE_STRINGS 1
| #define BASH_SOURCE_FULLPATH_DEFAULT 0
| #define MEMSCRAMBLE 1
| #define HAVE_STDIO_H 1
| #define HAVE_STDLIB_H 1
| #define HAVE_STRING_H 1
| #define HAVE_INTTYPES_H 1
| #define HAVE_STDINT_H 1
| #define HAVE_STRINGS_H 1
| #define HAVE_SYS_STAT_H 1
| #define HAVE_SYS_TYPES_H 1
| #define HAVE_UNISTD_H 1
| #define HAVE_WCHAR_H 1
| #define HAVE_STDBOOL_H 1
| #define HAVE_SYS_PARAM_H 1
| #define HAVE_THREADS_H 1
| #define HAVE_SYS_TIME_H 1
| #define STDC_HEADERS 1
| #define _ALL_SOURCE 1
| #define _DARWIN_C_SOURCE 1
| #define _GNU_SOURCE 1
| #define _HPUX_ALT_XOPEN_SOCKET_API 1
| #define _NETBSD_SOURCE 1
| #define _OPENBSD_SOURCE 1
| #define _POSIX_PTHREAD_SEMANTICS 1
| #define __STDC_WANT_IEC_60559_ATTRIBS_EXT__ 1
| #define __STDC_WANT_IEC_60559_BFP_EXT__ 1
| #define __STDC_WANT_IEC_60559_DFP_EXT__ 1
| #define __STDC_WANT_IEC_60559_FUNCS_EXT__ 1
| #define __STDC_WANT_IEC_60559_TYPES_EXT__ 1
| #define __STDC_WANT_LIB_EXT2__ 1
| #define __STDC_WANT_MATH_SPEC_FUNCS__ 1
| #define _TANDEM_SOURCE 1
| #define __EXTENSIONS__ 1
| #define READLINE 1
| #define HISTORY 1
| #define BANG_HISTORY 1
| #define HAVE_STRINGIZE 1
| #define HAVE_LONG_DOUBLE 1
| #define restrict __restrict__
| #define HAVE_VISIBILITY 1
| #define HAVE_STDINT_H_WITH_UINTMAX 1
| #define HAVE_ALLOCA_H 1
| #define HAVE_ALLOCA 1
| #define HAVE_GETPAGESIZE 1
| #define HAVE_SYMLINK 1
| #define HAVE_USELOCALE 1
| #define HAVE_VPRINTF 1
| #define HAVE_ALARM 1
| #define HAVE___FPURGE 1
| #define HAVE_SNPRINTF 1
| #define HAVE_VSNPRINTF 1
| #define HAVE_MMAP 1
| #define INTDIV0_RAISES_SIGFPE 1
| #define HAVE_INTTYPES_H_WITH_UINTMAX 1
| #define HAVE_UNSIGNED_LONG_LONG_INT 1
| #define HAVE_UINTMAX_T 1
| #define HAVE_WEAK_SYMBOLS 1
| #define HAVE_PTHREAD_API 1
| #define USE_POSIX_THREADS 1
| #define USE_POSIX_THREADS_FROM_LIBC 1
| #define HAVE_PTHREAD_RWLOCK 1
| #define HAVE_PTHREAD_MUTEX_RECURSIVE 1
| #define HAVE_ICONV 1
| #define ICONV_CONST 
| #define HAVE_BUILTIN_EXPECT 1
| #define HAVE_INTTYPES_H 1
| #define HAVE_UNISTD_H 1
| #define HAVE_SYS_PARAM_H 1
| #define HAVE_GETCWD 1
| #define HAVE_GETEGID 1
| #define HAVE_GETEUID 1
| #define HAVE_GETGID 1
| #define HAVE_GETUID 1
| #define HAVE_MEMPCPY 1
| #define HAVE_MUNMAP 1
| #define HAVE_STPCPY 1
| #define HAVE_STRCASECMP 1
| #define HAVE_TSEARCH 1
| #define HAVE___FSETLOCKING 1
| #define HAVE_DECL_FEOF_UNLOCKED 1
| #define HAVE_DECL_FGETS_UNLOCKED 1
| #define HAVE_LOCALECONV 1
| #define HAVE_LONG_LONG_INT 1
| #define HAVE_WCHAR_T 1
| #define HAVE_WINT_T 1
| #define HAVE_INTMAX_T 1
| #define HAVE_POSIX_PRINTF 1
| #define HAVE_STDINT_H 1
| #define HAVE_STDINT_H 1
| #define HAVE_WORKING_O_NOATIME 0
| #define HAVE_WORKING_O_NOFOLLOW 0
| #define HAVE_WORKING_USELOCALE 1
| #define HAVE_GOOD_USELOCALE 1
| #define FLEXIBLE_ARRAY_MEMBER /**/
| #define HAVE_FEATURES_H 1
| #define HAVE_STDDEF_H 1
| #define HAVE_STDLIB_H 1
| #define HAVE_STRING_H 1
| #define HAVE_ASPRINTF 1
| #define HAVE_WPRINTF 1
| #define HAVE_NEWLOCALE 1
| #define HAVE_PUTENV 1
| #define HAVE_SETENV 1
| #define HAVE_SNPRINTF 1
| #define HAVE_STRNLEN 1
| #define HAVE_USELOCALE 1
| #define HAVE_WCSLEN 1
| #define HAVE_WCSNLEN 1
| #define HAVE_MBRTOWC 1
| #define HAVE_WCRTOMB 1
| #define HAVE_DECL__SNPRINTF 0
| #define HAVE_DECL__SNWPRINTF 0
| #define HAVE_DECL_GETC_UNLOCKED 1
| #define HAVE_NL_LANGINFO 1
| #define HAVE_LANGINFO_CODESET 1
| #define HAVE_LC_MESSAGES 1
| #define ENABLE_NLS 1
| #define HAVE_GETTEXT 1
| #define HAVE_DCGETTEXT 1
| #define HAVE_DIRENT_H 1
| #define MAJOR_IN_SYSMACROS 1
| #define HAVE_INTTYPES_H 1
| #define HAVE_UNISTD_H 1
| #define HAVE_STDLIB_H 1
| #define HAVE_LIMITS_H 1
| #define HAVE_STRING_H 1
| #define HAVE_MEMORY_H 1
| #define HAVE_LOCALE_H 1
| #define HAVE_TERMCAP_H 1
| #define HAVE_TERMIO_H 1
| #define HAVE_TERMIOS_H 1
| #define HAVE_DLFCN_H 1
| #define HAVE_STDDEF_H 1
| #define HAVE_STDINT_H 1
| #define HAVE_NETDB_H 1
| #define HAVE_PWD_H 1
| #define HAVE_GRP_H 1
| #define HAVE_STRINGS_H 1
| #define HAVE_REGEX_H 1
| #define HAVE_SYSLOG_H 1
| #define HAVE_ULIMIT_H 1
| #define HAVE_SYS_SELECT_H 1
| #define HAVE_SYS_FILE_H 1
| #define HAVE_SYS_IOCTL_H 1
| #define HAVE_SYS_MMAN_H 1
| #define HAVE_SYS_PARAM_H 1
| #define HAVE_SYS_RANDOM_H 1
| #define HAVE_SYS_SOCKET_H 1
| #define HAVE_SYS_STAT_H 1
| #define HAVE_SYS_TIME_H 1
| #define HAVE_SYS_TIMES_H 1
| #define HAVE_SYS_TYPES_H 1
| #define HAVE_SYS_WAIT_H 1
| #define HAVE_NETINET_IN_H 1
| #define HAVE_ARPA_INET_H 1
| #define HAVE_SYS_RESOURCE_H 1
| #define HAVE_ALLOCA_H 1
| #define HAVE_ALLOCA 1
| #define HAVE_CHOWN 1
| #define GETPGRP_VOID 1
| #define HAVE_STRCOLL 1
| #define HAVE_WAIT3 1
| #define HAVE_MKFIFO 1
| #define HAVE_DUP2 1
| #define HAVE_EACCESS 1
| #define HAVE_FCNTL 1
| #define HAVE_GETDTABLESIZE 1
| #define HAVE_GETENTROPY 1
| #define HAVE_GETGROUPS 1
| #define HAVE_GETHOSTNAME 1
| #define HAVE_GETPAGESIZE 1
| #define HAVE_GETPEERNAME 1
| #define HAVE_GETRANDOM 1
| #define HAVE_GETRLIMIT 1
| #define HAVE_GETRUSAGE 1
| #define HAVE_GETTIMEOFDAY 1
| #define HAVE_KILL 1
| #define HAVE_KILLPG 1
| #define HAVE_LSTAT 1
| #define HAVE_NANOSLEEP 1
| #define HAVE_PSELECT 1
| #define HAVE_READLINK 1
| #define HAVE_SELECT 1
| #define HAVE_SETITIMER 1
| #define HAVE_STATFS 1
| #define HAVE_TCGETPGRP 1
| #define HAVE_UNAME 1
| #define HAVE_ULIMIT 1
| #define HAVE_WAITPID 1
| #define HAVE_RENAME 1
| #define HAVE_BCOPY 1
| #define HAVE_BZERO 1
| #define HAVE_CLOCK_GETTIME 1
| #define HAVE_CONFSTR 1
| #define HAVE_FACCESSAT 1
| #define HAVE_FNMATCH 1
| #define HAVE_GETADDRINFO 1
| #define HAVE_GETHOSTBYNAME 1
| #define HAVE_GETSERVBYNAME 1
| #define HAVE_GETSERVENT 1
| #define HAVE_INET_ATON 1
| #define HAVE_IMAXDIV 1
| #define HAVE_MEMMOVE 1
| #define HAVE_PATHCONF 1
| #define HAVE_PUTENV 1
| #define HAVE_RAISE 1
| #define HAVE_RANDOM 1
| #define HAVE_REGCOMP 1
| #define HAVE_REGEXEC 1
| #define HAVE_SETENV 1
| #define HAVE_SETLINEBUF 1
| #define HAVE_SETLOCALE 1
| #define HAVE_SETVBUF 1
| #define HAVE_SIGINTERRUPT 1
| #define HAVE_STRCHR 1
| #define HAVE_SYSCONF 1
| #define HAVE_SYSLOG 1
| #define HAVE_TCGETATTR 1
| /* end confdefs.h.  */
| /* Define tcgetwinsize to an innocuous variant, in case <limits.h> declares tcgetwinsize.
|    For example, HP-UX 11i <limits.h> declares gettimeofday.  */
| #define tcgetwinsize innocuous_tcgetwinsize
| 
| /* System header to define __stub macros and hopefully few prototypes,
|    which can conflict with char tcgetwinsize (); below.  */
| 
| #include <limits.h>
| #undef tcgetwinsize
| 
| /* Override any GCC internal prototype to avoid an error.
|    Use char because int might match the return type of a GCC
|    builtin and then its argument prototype would still apply.  */
| #ifdef __cplusplus
| extern "C"
| #endif
| char tcgetwinsize ();
| /* The GNU C library defines this for functions which it implements
|     to always fail with ENOSYS.  Some functions are actually named
|     something starting with __ and the normal name is an alias.  */
| #if defined __stub_tcgetwinsize || defined __stub___tcgetwinsize
| choke me
| #endif
| 
| int
| main (void)
| {
| return tcgetwinsize ();
|   ;
|   return 0;
| }
configure:15594: result: no
configure:15600: checking for tcsetwinsize
configure:15600: gcc -o conftest -g -O2   conftest.c  >&5
/usr/bin/ld: /tmp/ccydsQII.o: in function `main':
/root/boiler/example_repos/bash/before/conftest.c:280:(.text.startup+0xb): undefined reference to `tcsetwinsize'
collect2: error: ld returned 1 exit status
configure:15600: $? = 1
configure: failed program was:
| /* confdefs.h */
| #define PACKAGE_NAME "bash"
| #define PACKAGE_TARNAME "bash"
| #define PACKAGE_VERSION "5.3-release"
| #define PACKAGE_STRING "bash 5.3-release"
| #define PACKAGE_BUGREPORT "bug-bash@gnu.org"
| #define PACKAGE_URL ""
| #define USING_BASH_MALLOC 1
| #define ALIAS 1
| #define PUSHD_AND_POPD 1
| #define RESTRICTED_SHELL 1
| #define PROCESS_SUBSTITUTION 1
| #define PROMPT_STRING_DECODE 1
| #define SELECT_COMMAND 1
| #define HELP_BUILTIN 1
| #define ARRAY_VARS 1
| #define DPAREN_ARITHMETIC 1
| #define BRACE_EXPANSION 1
| #define COMMAND_TIMING 1
| #define EXTENDED_GLOB 1
| #define EXTGLOB_DEFAULT 0
| #define COND_COMMAND 1
| #define COND_REGEXP 1
| #define COPROCESS_SUPPORT 1
| #define ARITH_FOR_COMMAND 1
| #define NETWORK_REDIRECTIONS 1
| #define PROGRAMMABLE_COMPLETION 1
| #define DEBUGGER 1
| #define CASEMOD_ATTRS 1
| #define CASEMOD_EXPANSIONS 1
| #define GLOBASCII_DEFAULT 1
| #define FUNCTION_IMPORT 1
| #define TRANSLATABLE_STRINGS 1
| #define BASH_SOURCE_FULLPATH_DEFAULT 0
| #define MEMSCRAMBLE 1
| #define HAVE_STDIO_H 1
| #define HAVE_STDLIB_H 1
| #define HAVE_STRING_H 1
| #define HAVE_INTTYPES_H 1
| #define HAVE_STDINT_H 1
| #define HAVE_STRINGS_H 1
| #define HAVE_SYS_STAT_H 1
| #define HAVE_SYS_TYPES_H 1
| #define HAVE_UNISTD_H 1
| #define HAVE_WCHAR_H 1
| #define HAVE_STDBOOL_H 1
| #define HAVE_SYS_PARAM_H 1
| #define HAVE_THREADS_H 1
| #define HAVE_SYS_TIME_H 1
| #define STDC_HEADERS 1
| #define _ALL_SOURCE 1
| #define _DARWIN_C_SOURCE 1
| #define _GNU_SOURCE 1
| #define _HPUX_ALT_XOPEN_SOCKET_API 1
| #define _NETBSD_SOURCE 1
| #define _OPENBSD_SOURCE 1
| #define _POSIX_PTHREAD_SEMANTICS 1
| #define __STDC_WANT_IEC_60559_ATTRIBS_EXT__ 1
| #define __STDC_WANT_IEC_60559_BFP_EXT__ 1
| #define __STDC_WANT_IEC_60559_DFP_EXT__ 1
| #define __STDC_WANT_IEC_60559_FUNCS_EXT__ 1
| #define __STDC_WANT_IEC_60559_TYPES_EXT__ 1
| #define __STDC_WANT_LIB_EXT2__ 1
| #define __STDC_WANT_MATH_SPEC_FUNCS__ 1
| #define _TANDEM_SOURCE 1
| #define __EXTENSIONS__ 1
| #define READLINE 1
| #define HISTORY 1
| #define BANG_HISTORY 1
| #define HAVE_STRINGIZE 1
| #define HAVE_LONG_DOUBLE 1
| #define restrict __restrict__
| #define HAVE_VISIBILITY 1
| #define HAVE_STDINT_H_WITH_UINTMAX 1
| #define HAVE_ALLOCA_H 1
| #define HAVE_ALLOCA 1
| #define HAVE_GETPAGESIZE 1
| #define HAVE_SYMLINK 1
| #define HAVE_USELOCALE 1
| #define HAVE_VPRINTF 1
| #define HAVE_ALARM 1
| #define HAVE___FPURGE 1
| #define HAVE_SNPRINTF 1
| #define HAVE_VSNPRINTF 1
| #define HAVE_MMAP 1
| #define INTDIV0_RAISES_SIGFPE 1
| #define HAVE_INTTYPES_H_WITH_UINTMAX 1
| #define HAVE_UNSIGNED_LONG_LONG_INT 1
| #define HAVE_UINTMAX_T 1
| #define HAVE_WEAK_SYMBOLS 1
| #define HAVE_PTHREAD_API 1
| #define USE_POSIX_THREADS 1
| #define USE_POSIX_THREADS_FROM_LIBC 1
| #define HAVE_PTHREAD_RWLOCK 1
| #define HAVE_PTHREAD_MUTEX_RECURSIVE 1
| #define HAVE_ICONV 1
| #define ICONV_CONST 
| #define HAVE_BUILTIN_EXPECT 1
| #define HAVE_INTTYPES_H 1
| #define HAVE_UNISTD_H 1
| #define HAVE_SYS_PARAM_H 1
| #define HAVE_GETCWD 1
| #define HAVE_GETEGID 1
| #define HAVE_GETEUID 1
| #define HAVE_GETGID 1
| #define HAVE_GETUID 1
| #define HAVE_MEMPCPY 1
| #define HAVE_MUNMAP 1
| #define HAVE_STPCPY 1
| #define HAVE_STRCASECMP 1
| #define HAVE_TSEARCH 1
| #define HAVE___FSETLOCKING 1
| #define HAVE_DECL_FEOF_UNLOCKED 1
| #define HAVE_DECL_FGETS_UNLOCKED 1
| #define HAVE_LOCALECONV 1
| #define HAVE_LONG_LONG_INT 1
| #define HAVE_WCHAR_T 1
| #define HAVE_WINT_T 1
| #define HAVE_INTMAX_T 1
| #define HAVE_POSIX_PRINTF 1
| #define HAVE_STDINT_H 1
| #define HAVE_STDINT_H 1
| #define HAVE_WORKING_O_NOATIME 0
| #define HAVE_WORKING_O_NOFOLLOW 0
| #define HAVE_WORKING_USELOCALE 1
| #define HAVE_GOOD_USELOCALE 1
| #define FLEXIBLE_ARRAY_MEMBER /**/
| #define HAVE_FEATURES_H 1
| #define HAVE_STDDEF_H 1
| #define HAVE_STDLIB_H 1
| #define HAVE_STRING_H 1
| #define HAVE_ASPRINTF 1
| #define HAVE_WPRINTF 1
| #define HAVE_NEWLOCALE 1
| #define HAVE_PUTENV 1
| #define HAVE_SETENV 1
| #define HAVE_SNPRINTF 1
| #define HAVE_STRNLEN 1
| #define HAVE_USELOCALE 1
| #define HAVE_WCSLEN 1
| #define HAVE_WCSNLEN 1
| #define HAVE_MBRTOWC 1
| #define HAVE_WCRTOMB 1
| #define HAVE_DECL__SNPRINTF 0
| #define HAVE_DECL__SNWPRINTF 0
| #define HAVE_DECL_GETC_UNLOCKED 1
| #define HAVE_NL_LANGINFO 1
| #define HAVE_LANGINFO_CODESET 1
| #define HAVE_LC_MESSAGES 1
| #define ENABLE_NLS 1
| #define HAVE_GETTEXT 1
| #define HAVE_DCGETTEXT 1
| #define HAVE_DIRENT_H 1
| #define MAJOR_IN_SYSMACROS 1
| #define HAVE_INTTYPES_H 1
| #define HAVE_UNISTD_H 1
| #define HAVE_STDLIB_H 1
| #define HAVE_LIMITS_H 1
| #define HAVE_STRING_H 1
| #define HAVE_MEMORY_H 1
| #define HAVE_LOCALE_H 1
| #define HAVE_TERMCAP_H 1
| #define HAVE_TERMIO_H 1
| #define HAVE_TERMIOS_H 1
| #define HAVE_DLFCN_H 1
| #define HAVE_STDDEF_H 1
| #define HAVE_STDINT_H 1
| #define HAVE_NETDB_H 1
| #define HAVE_PWD_H 1
| #define HAVE_GRP_H 1
| #define HAVE_STRINGS_H 1
| #define HAVE_REGEX_H 1
| #define HAVE_SYSLOG_H 1
| #define HAVE_ULIMIT_H 1
| #define HAVE_SYS_SELECT_H 1
| #define HAVE_SYS_FILE_H 1
| #define HAVE_SYS_IOCTL_H 1
| #define HAVE_SYS_MMAN_H 1
| #define HAVE_SYS_PARAM_H 1
| #define HAVE_SYS_RANDOM_H 1
| #define HAVE_SYS_SOCKET_H 1
| #define HAVE_SYS_STAT_H 1
| #define HAVE_SYS_TIME_H 1
| #define HAVE_SYS_TIMES_H 1
| #define HAVE_SYS_TYPES_H 1
| #define HAVE_SYS_WAIT_H 1
| #define HAVE_NETINET_IN_H 1
| #define HAVE_ARPA_INET_H 1
| #define HAVE_SYS_RESOURCE_H 1
| #define HAVE_ALLOCA_H 1
| #define HAVE_ALLOCA 1
| #define HAVE_CHOWN 1
| #define GETPGRP_VOID 1
| #define HAVE_STRCOLL 1
| #define HAVE_WAIT3 1
| #define HAVE_MKFIFO 1
| #define HAVE_DUP2 1
| #define HAVE_EACCESS 1
| #define HAVE_FCNTL 1
| #define HAVE_GETDTABLESIZE 1
| #define HAVE_GETENTROPY 1
| #define HAVE_GETGROUPS 1
| #define HAVE_GETHOSTNAME 1
| #define HAVE_GETPAGESIZE 1
| #define HAVE_GETPEERNAME 1
| #define HAVE_GETRANDOM 1
| #define HAVE_GETRLIMIT 1
| #define HAVE_GETRUSAGE 1
| #define HAVE_GETTIMEOFDAY 1
| #define HAVE_KILL 1
| #define HAVE_KILLPG 1
| #define HAVE_LSTAT 1
| #define HAVE_NANOSLEEP 1
| #define HAVE_PSELECT 1
| #define HAVE_READLINK 1
| #define HAVE_SELECT 1
| #define HAVE_SETITIMER 1
| #define HAVE_STATFS 1
| #define HAVE_TCGETPGRP 1
| #define HAVE_UNAME 1
| #define HAVE_ULIMIT 1
| #define HAVE_WAITPID 1
| #define HAVE_RENAME 1
| #define HAVE_BCOPY 1
| #define HAVE_BZERO 1
| #define HAVE_CLOCK_GETTIME 1
| #define HAVE_CONFSTR 1
| #define HAVE_FACCESSAT 1
| #define HAVE_FNMATCH 1
| #define HAVE_GETADDRINFO 1
| #define HAVE_GETHOSTBYNAME 1
| #define HAVE_GETSERVBYNAME 1
| #define HAVE_GETSERVENT 1
| #define HAVE_INET_ATON 1
| #define HAVE_IMAXDIV 1
| #define HAVE_MEMMOVE 1
| #define HAVE_PATHCONF 1
| #define HAVE_PUTENV 1
| #define HAVE_RAISE 1
| #define HAVE_RANDOM 1
| #define HAVE_REGCOMP 1
| #define HAVE_REGEXEC 1
| #define HAVE_SETENV 1
| #define HAVE_SETLINEBUF 1
| #define HAVE_SETLOCALE 1
| #define HAVE_SETVBUF 1
| #define HAVE_SIGINTERRUPT 1
| #define HAVE_STRCHR 1
| #define HAVE_SYSCONF 1
| #define HAVE_SYSLOG 1
| #define HAVE_TCGETATTR 1
| /* end confdefs.h.  */
| /* Define tcsetwinsize to an innocuous variant, in case <limits.h> declares tcsetwinsize.
|    For example, HP-UX 11i <limits.h> declares gettimeofday.  */
| #define tcsetwinsize innocuous_tcsetwinsize
| 
| /* System header to define __stub macros and hopefully few prototypes,
|    which can conflict with char tcsetwinsize (); below.  */
| 
| #include <limits.h>
| #undef tcsetwinsize
| 
| /* Override any GCC internal prototype to avoid an error.
|    Use char because int might match the return type of a GCC
|    builtin and then its argument prototype would still apply.  */
| #ifdef __cplusplus
| extern "C"
| #endif
| char tcsetwinsize ();
| /* The GNU C library defines this for functions which it implements
|     to always fail with ENOSYS.  Some functions are actually named
|     something starting with __ and the normal name is an alias.  */
| #if defined __stub_tcsetwinsize || defined __stub___tcsetwinsize
| choke me
| #endif
| 
| int
| main (void)
| {
| return tcsetwinsize ();
|   ;
|   return 0;
| }
configure:15600: result: no
configure:15606: checking for times
configure:15606: gcc -o conftest -g -O2   conftest.c  >&5
configure:15606: $? = 0
configure:15606: result: yes
configure:15612: checking for ttyname
configure:15612: gcc -o conftest -g -O2   conftest.c  >&5
configure:15612: $? = 0
configure:15612: result: yes
configure:15618: checking for tzset
configure:15618: gcc -o conftest -g -O2   conftest.c  >&5
configure:15618: $? = 0
configure:15618: result: yes
configure:15624: checking for unsetenv
configure:15624: gcc -o conftest -g -O2   conftest.c  >&5
configure:15624: $? = 0
configure:15624: result: yes
configure:15632: checking for vasprintf
configure:15632: gcc -o conftest -g -O2   conftest.c  >&5
configure:15632: $? = 0
configure:15632: result: yes
configure:15638: checking for asprintf
configure:15638: result: yes
configure:15645: checking for isascii
configure:15645: gcc -o conftest -g -O2   conftest.c  >&5
conftest.c:275:6: warning: conflicting types for built-in function 'isascii'; expected 'int(int)' [-Wbuiltin-declaration-mismatch]
  275 | char isascii ();
      |      ^~~~~~~
configure:15645: $? = 0
configure:15645: result: yes
configure:15651: checking for isblank
configure:15651: gcc -o conftest -g -O2   conftest.c  >&5
conftest.c:276:6: warning: conflicting types for built-in function 'isblank'; expected 'int(int)' [-Wbuiltin-declaration-mismatch]
  276 | char isblank ();
      |      ^~~~~~~
conftest.c:268:1: note: 'isblank' is declared in header '<ctype.h>'
  267 | #include <limits.h>
  268 | #undef isblank
configure:15651: $? = 0
configure:15651: result: yes
configure:15657: checking for isgraph
configure:15657: gcc -o conftest -g -O2   conftest.c  >&5
conftest.c:277:6: warning: conflicting types for built-in function 'isgraph'; expected 'int(int)' [-Wbuiltin-declaration-mismatch]
  277 | char isgraph ();
      |      ^~~~~~~
conftest.c:269:1: note: 'isgraph' is declared in header '<ctype.h>'
  268 | #include <limits.h>
  269 | #undef isgraph
configure:15657: $? = 0
configure:15657: result: yes
configure:15663: checking for isprint
configure:15663: gcc -o conftest -g -O2   conftest.c  >&5
conftest.c:278:6: warning: conflicting types for built-in function 'isprint'; expected 'int(int)' [-Wbuiltin-declaration-mismatch]
  278 | char isprint ();
      |      ^~~~~~~
conftest.c:270:1: note: 'isprint' is declared in header '<ctype.h>'
  269 | #include <limits.h>
  270 | #undef isprint
configure:15663: $? = 0
configure:15663: result: yes
configure:15669: checking for isspace
configure:15669: gcc -o conftest -g -O2   conftest.c  >&5
conftest.c:279:6: warning: conflicting types for built-in function 'isspace'; expected 'int(int)' [-Wbuiltin-declaration-mismatch]
  279 | char isspace ();
      |      ^~~~~~~
conftest.c:271:1: note: 'isspace' is declared in header '<ctype.h>'
  270 | #include <limits.h>
  271 | #undef isspace
configure:15669: $? = 0
configure:15669: result: yes
configure:15675: checking for isxdigit
configure:15675: gcc -o conftest -g -O2   conftest.c  >&5
conftest.c:280:6: warning: conflicting types for built-in function 'isxdigit'; expected 'int(int)' [-Wbuiltin-declaration-mismatch]
  280 | char isxdigit ();
      |      ^~~~~~~~
conftest.c:272:1: note: 'isxdigit' is declared in header '<ctype.h>'
  271 | #include <limits.h>
  272 | #undef isxdigit
configure:15675: $? = 0
configure:15675: result: yes
configure:15682: checking for getpwent
configure:15682: gcc -o conftest -g -O2   conftest.c  >&5
configure:15682: $? = 0
configure:15682: result: yes
configure:15688: checking for getpwnam
configure:15688: gcc -o conftest -g -O2   conftest.c  >&5
configure:15688: $? = 0
configure:15688: result: yes
configure:15694: checking for getpwuid
configure:15694: gcc -o conftest -g -O2   conftest.c  >&5
configure:15694: $? = 0
configure:15694: result: yes
configure:15701: checking for mkstemp
configure:15701: gcc -o conftest -g -O2   conftest.c  >&5
configure:15701: $? = 0
configure:15701: result: yes
configure:15707: checking for mkdtemp
configure:15707: gcc -o conftest -g -O2   conftest.c  >&5
configure:15707: $? = 0
configure:15707: result: yes
configure:15714: checking for arc4random
configure:15714: gcc -o conftest -g -O2   conftest.c  >&5
configure:15714: $? = 0
configure:15714: result: yes
configure:15721: checking for strlcat
configure:15721: gcc -o conftest -g -O2   conftest.c  >&5
configure:15721: $? = 0
configure:15721: result: yes
configure:15729: checking for memfd_create
configure:15729: gcc -o conftest -g -O2   conftest.c  >&5
configure:15729: $? = 0
configure:15729: result: yes
configure:15735: checking for shm_open
configure:15735: gcc -o conftest -g -O2   conftest.c  >&5
configure:15735: $? = 0
configure:15735: result: yes
configure:15741: checking for shm_mkstemp
configure:15741: gcc -o conftest -g -O2   conftest.c  >&5
/usr/bin/ld: /tmp/ccZvqCr4.o: in function `main':
/root/boiler/example_repos/bash/before/conftest.c:301:(.text.startup+0xb): undefined reference to `shm_mkstemp'
collect2: error: ld returned 1 exit status
configure:15741: $? = 1
configure: failed program was:
| /* confdefs.h */
| #define PACKAGE_NAME "bash"
| #define PACKAGE_TARNAME "bash"
| #define PACKAGE_VERSION "5.3-release"
| #define PACKAGE_STRING "bash 5.3-release"
| #define PACKAGE_BUGREPORT "bug-bash@gnu.org"
| #define PACKAGE_URL ""
| #define USING_BASH_MALLOC 1
| #define ALIAS 1
| #define PUSHD_AND_POPD 1
| #define RESTRICTED_SHELL 1
| #define PROCESS_SUBSTITUTION 1
| #define PROMPT_STRING_DECODE 1
| #define SELECT_COMMAND 1
| #define HELP_BUILTIN 1
| #define ARRAY_VARS 1
| #define DPAREN_ARITHMETIC 1
| #define BRACE_EXPANSION 1
| #define COMMAND_TIMING 1
| #define EXTENDED_GLOB 1
| #define EXTGLOB_DEFAULT 0
| #define COND_COMMAND 1
| #define COND_REGEXP 1
| #define COPROCESS_SUPPORT 1
| #define ARITH_FOR_COMMAND 1
| #define NETWORK_REDIRECTIONS 1
| #define PROGRAMMABLE_COMPLETION 1
| #define DEBUGGER 1
| #define CASEMOD_ATTRS 1
| #define CASEMOD_EXPANSIONS 1
| #define GLOBASCII_DEFAULT 1
| #define FUNCTION_IMPORT 1
| #define TRANSLATABLE_STRINGS 1
| #define BASH_SOURCE_FULLPATH_DEFAULT 0
| #define MEMSCRAMBLE 1
| #define HAVE_STDIO_H 1
| #define HAVE_STDLIB_H 1
| #define HAVE_STRING_H 1
| #define HAVE_INTTYPES_H 1
| #define HAVE_STDINT_H 1
| #define HAVE_STRINGS_H 1
| #define HAVE_SYS_STAT_H 1
| #define HAVE_SYS_TYPES_H 1
| #define HAVE_UNISTD_H 1
| #define HAVE_WCHAR_H 1
| #define HAVE_STDBOOL_H 1
| #define HAVE_SYS_PARAM_H 1
| #define HAVE_THREADS_H 1
| #define HAVE_SYS_TIME_H 1
| #define STDC_HEADERS 1
| #define _ALL_SOURCE 1
| #define _DARWIN_C_SOURCE 1
| #define _GNU_SOURCE 1
| #define _HPUX_ALT_XOPEN_SOCKET_API 1
| #define _NETBSD_SOURCE 1
| #define _OPENBSD_SOURCE 1
| #define _POSIX_PTHREAD_SEMANTICS 1
| #define __STDC_WANT_IEC_60559_ATTRIBS_EXT__ 1
| #define __STDC_WANT_IEC_60559_BFP_EXT__ 1
| #define __STDC_WANT_IEC_60559_DFP_EXT__ 1
| #define __STDC_WANT_IEC_60559_FUNCS_EXT__ 1
| #define __STDC_WANT_IEC_60559_TYPES_EXT__ 1
| #define __STDC_WANT_LIB_EXT2__ 1
| #define __STDC_WANT_MATH_SPEC_FUNCS__ 1
| #define _TANDEM_SOURCE 1
| #define __EXTENSIONS__ 1
| #define READLINE 1
| #define HISTORY 1
| #define BANG_HISTORY 1
| #define HAVE_STRINGIZE 1
| #define HAVE_LONG_DOUBLE 1
| #define restrict __restrict__
| #define HAVE_VISIBILITY 1
| #define HAVE_STDINT_H_WITH_UINTMAX 1
| #define HAVE_ALLOCA_H 1
| #define HAVE_ALLOCA 1
| #define HAVE_GETPAGESIZE 1
| #define HAVE_SYMLINK 1
| #define HAVE_USELOCALE 1
| #define HAVE_VPRINTF 1
| #define HAVE_ALARM 1
| #define HAVE___FPURGE 1
| #define HAVE_SNPRINTF 1
| #define HAVE_VSNPRINTF 1
| #define HAVE_MMAP 1
| #define INTDIV0_RAISES_SIGFPE 1
| #define HAVE_INTTYPES_H_WITH_UINTMAX 1
| #define HAVE_UNSIGNED_LONG_LONG_INT 1
| #define HAVE_UINTMAX_T 1
| #define HAVE_WEAK_SYMBOLS 1
| #define HAVE_PTHREAD_API 1
| #define USE_POSIX_THREADS 1
| #define USE_POSIX_THREADS_FROM_LIBC 1
| #define HAVE_PTHREAD_RWLOCK 1
| #define HAVE_PTHREAD_MUTEX_RECURSIVE 1
| #define HAVE_ICONV 1
| #define ICONV_CONST 
| #define HAVE_BUILTIN_EXPECT 1
| #define HAVE_INTTYPES_H 1
| #define HAVE_UNISTD_H 1
| #define HAVE_SYS_PARAM_H 1
| #define HAVE_GETCWD 1
| #define HAVE_GETEGID 1
| #define HAVE_GETEUID 1
| #define HAVE_GETGID 1
| #define HAVE_GETUID 1
| #define HAVE_MEMPCPY 1
| #define HAVE_MUNMAP 1
| #define HAVE_STPCPY 1
| #define HAVE_STRCASECMP 1
| #define HAVE_TSEARCH 1
| #define HAVE___FSETLOCKING 1
| #define HAVE_DECL_FEOF_UNLOCKED 1
| #define HAVE_DECL_FGETS_UNLOCKED 1
| #define HAVE_LOCALECONV 1
| #define HAVE_LONG_LONG_INT 1
| #define HAVE_WCHAR_T 1
| #define HAVE_WINT_T 1
| #define HAVE_INTMAX_T 1
| #define HAVE_POSIX_PRINTF 1
| #define HAVE_STDINT_H 1
| #define HAVE_STDINT_H 1
| #define HAVE_WORKING_O_NOATIME 0
| #define HAVE_WORKING_O_NOFOLLOW 0
| #define HAVE_WORKING_USELOCALE 1
| #define HAVE_GOOD_USELOCALE 1
| #define FLEXIBLE_ARRAY_MEMBER /**/
| #define HAVE_FEATURES_H 1
| #define HAVE_STDDEF_H 1
| #define HAVE_STDLIB_H 1
| #define HAVE_STRING_H 1
| #define HAVE_ASPRINTF 1
| #define HAVE_WPRINTF 1
| #define HAVE_NEWLOCALE 1
| #define HAVE_PUTENV 1
| #define HAVE_SETENV 1
| #define HAVE_SNPRINTF 1
| #define HAVE_STRNLEN 1
| #define HAVE_USELOCALE 1
| #define HAVE_WCSLEN 1
| #define HAVE_WCSNLEN 1
| #define HAVE_MBRTOWC 1
| #define HAVE_WCRTOMB 1
| #define HAVE_DECL__SNPRINTF 0
| #define HAVE_DECL__SNWPRINTF 0
| #define HAVE_DECL_GETC_UNLOCKED 1
| #define HAVE_NL_LANGINFO 1
| #define HAVE_LANGINFO_CODESET 1
| #define HAVE_LC_MESSAGES 1
| #define ENABLE_NLS 1
| #define HAVE_GETTEXT 1
| #define HAVE_DCGETTEXT 1
| #define HAVE_DIRENT_H 1
| #define MAJOR_IN_SYSMACROS 1
| #define HAVE_INTTYPES_H 1
| #define HAVE_UNISTD_H 1
| #define HAVE_STDLIB_H 1
| #define HAVE_LIMITS_H 1
| #define HAVE_STRING_H 1
| #define HAVE_MEMORY_H 1
| #define HAVE_LOCALE_H 1
| #define HAVE_TERMCAP_H 1
| #define HAVE_TERMIO_H 1
| #define HAVE_TERMIOS_H 1
| #define HAVE_DLFCN_H 1
| #define HAVE_STDDEF_H 1
| #define HAVE_STDINT_H 1
| #define HAVE_NETDB_H 1
| #define HAVE_PWD_H 1
| #define HAVE_GRP_H 1
| #define HAVE_STRINGS_H 1
| #define HAVE_REGEX_H 1
| #define HAVE_SYSLOG_H 1
| #define HAVE_ULIMIT_H 1
| #define HAVE_SYS_SELECT_H 1
| #define HAVE_SYS_FILE_H 1
| #define HAVE_SYS_IOCTL_H 1
| #define HAVE_SYS_MMAN_H 1
| #define HAVE_SYS_PARAM_H 1
| #define HAVE_SYS_RANDOM_H 1
| #define HAVE_SYS_SOCKET_H 1
| #define HAVE_SYS_STAT_H 1
| #define HAVE_SYS_TIME_H 1
| #define HAVE_SYS_TIMES_H 1
| #define HAVE_SYS_TYPES_H 1
| #define HAVE_SYS_WAIT_H 1
| #define HAVE_NETINET_IN_H 1
| #define HAVE_ARPA_INET_H 1
| #define HAVE_SYS_RESOURCE_H 1
| #define HAVE_ALLOCA_H 1
| #define HAVE_ALLOCA 1
| #define HAVE_CHOWN 1
| #define GETPGRP_VOID 1
| #define HAVE_STRCOLL 1
| #define HAVE_WAIT3 1
| #define HAVE_MKFIFO 1
| #define HAVE_DUP2 1
| #define HAVE_EACCESS 1
| #define HAVE_FCNTL 1
| #define HAVE_GETDTABLESIZE 1
| #define HAVE_GETENTROPY 1
| #define HAVE_GETGROUPS 1
| #define HAVE_GETHOSTNAME 1
| #define HAVE_GETPAGESIZE 1
| #define HAVE_GETPEERNAME 1
| #define HAVE_GETRANDOM 1
| #define HAVE_GETRLIMIT 1
| #define HAVE_GETRUSAGE 1
| #define HAVE_GETTIMEOFDAY 1
| #define HAVE_KILL 1
| #define HAVE_KILLPG 1
| #define HAVE_LSTAT 1
| #define HAVE_NANOSLEEP 1
| #define HAVE_PSELECT 1
| #define HAVE_READLINK 1
| #define HAVE_SELECT 1
| #define HAVE_SETITIMER 1
| #define HAVE_STATFS 1
| #define HAVE_TCGETPGRP 1
| #define HAVE_UNAME 1
| #define HAVE_ULIMIT 1
| #define HAVE_WAITPID 1
| #define HAVE_RENAME 1
| #define HAVE_BCOPY 1
| #define HAVE_BZERO 1
| #define HAVE_CLOCK_GETTIME 1
| #define HAVE_CONFSTR 1
| #define HAVE_FACCESSAT 1
| #define HAVE_FNMATCH 1
| #define HAVE_GETADDRINFO 1
| #define HAVE_GETHOSTBYNAME 1
| #define HAVE_GETSERVBYNAME 1
| #define HAVE_GETSERVENT 1
| #define HAVE_INET_ATON 1
| #define HAVE_IMAXDIV 1
| #define HAVE_MEMMOVE 1
| #define HAVE_PATHCONF 1
| #define HAVE_PUTENV 1
| #define HAVE_RAISE 1
| #define HAVE_RANDOM 1
| #define HAVE_REGCOMP 1
| #define HAVE_REGEXEC 1
| #define HAVE_SETENV 1
| #define HAVE_SETLINEBUF 1
| #define HAVE_SETLOCALE 1
| #define HAVE_SETVBUF 1
| #define HAVE_SIGINTERRUPT 1
| #define HAVE_STRCHR 1
| #define HAVE_SYSCONF 1
| #define HAVE_SYSLOG 1
| #define HAVE_TCGETATTR 1
| #define HAVE_TIMES 1
| #define HAVE_TTYNAME 1
| #define HAVE_TZSET 1
| #define HAVE_UNSETENV 1
| #define HAVE_VASPRINTF 1
| #define HAVE_ASPRINTF 1
| #define HAVE_ISASCII 1
| #define HAVE_ISBLANK 1
| #define HAVE_ISGRAPH 1
| #define HAVE_ISPRINT 1
| #define HAVE_ISSPACE 1
| #define HAVE_ISXDIGIT 1
| #define HAVE_GETPWENT 1
| #define HAVE_GETPWNAM 1
| #define HAVE_GETPWUID 1
| #define HAVE_MKSTEMP 1
| #define HAVE_MKDTEMP 1
| #define HAVE_ARC4RANDOM 1
| #define HAVE_STRLCAT 1
| #define HAVE_MEMFD_CREATE 1
| #define HAVE_SHM_OPEN 1
| /* end confdefs.h.  */
| /* Define shm_mkstemp to an innocuous variant, in case <limits.h> declares shm_mkstemp.
|    For example, HP-UX 11i <limits.h> declares gettimeofday.  */
| #define shm_mkstemp innocuous_shm_mkstemp
| 
| /* System header to define __stub macros and hopefully few prototypes,
|    which can conflict with char shm_mkstemp (); below.  */
| 
| #include <limits.h>
| #undef shm_mkstemp
| 
| /* Override any GCC internal prototype to avoid an error.
|    Use char because int might match the return type of a GCC
|    builtin and then its argument prototype would still apply.  */
| #ifdef __cplusplus
| extern "C"
| #endif
| char shm_mkstemp ();
| /* The GNU C library defines this for functions which it implements
|     to always fail with ENOSYS.  Some functions are actually named
|     something starting with __ and the normal name is an alias.  */
| #if defined __stub_shm_mkstemp || defined __stub___shm_mkstemp
| choke me
| #endif
| 
| int
| main (void)
| {
| return shm_mkstemp ();
|   ;
|   return 0;
| }
configure:15741: result: no
configure:15749: checking for getcwd
configure:15749: result: yes
configure:15762: checking for memset
configure:15762: gcc -o conftest -g -O2   conftest.c  >&5
conftest.c:291:6: warning: conflicting types for built-in function 'memset'; expected 'void *(void *, int,  long unsigned int)' [-Wbuiltin-declaration-mismatch]
  291 | char memset ();
      |      ^~~~~~
conftest.c:283:1: note: 'memset' is declared in header '<string.h>'
  282 | #include <limits.h>
  283 | #undef memset
configure:15762: $? = 0
configure:15762: result: yes
configure:15776: checking for strcasecmp
configure:15776: result: yes
configure:15789: checking for strcasestr
configure:15789: gcc -o conftest -g -O2   conftest.c  >&5
configure:15789: $? = 0
configure:15789: result: yes
configure:15802: checking for strerror
configure:15802: gcc -o conftest -g -O2   conftest.c  >&5
configure:15802: $? = 0
configure:15802: result: yes
configure:15815: checking for strftime
configure:15815: gcc -o conftest -g -O2   conftest.c  >&5
conftest.c:295:6: warning: conflicting types for built-in function 'strftime'; expected 'long unsigned int(char *, long unsigned int,  const char *, const void *)' [-Wbuiltin-declaration-mismatch]
  295 | char strftime ();
      |      ^~~~~~~~
conftest.c:287:1: note: 'strftime' is declared in header '<time.h>'
  286 | #include <limits.h>
  287 | #undef strftime
configure:15815: $? = 0
configure:15815: result: yes
configure:15828: checking for strnlen
configure:15828: result: yes
configure:15841: checking for strpbrk
configure:15841: gcc -o conftest -g -O2   conftest.c  >&5
conftest.c:297:6: warning: conflicting types for built-in function 'strpbrk'; expected 'char *(const char *, const char *)' [-Wbuiltin-declaration-mismatch]
  297 | char strpbrk ();
      |      ^~~~~~~
conftest.c:289:1: note: 'strpbrk' is declared in header '<string.h>'
  288 | #include <limits.h>
  289 | #undef strpbrk
configure:15841: $? = 0
configure:15841: result: yes
configure:15854: checking for strstr
configure:15854: gcc -o conftest -g -O2   conftest.c  >&5
conftest.c:298:6: warning: conflicting types for built-in function 'strstr'; expected 'char *(const char *, const char *)' [-Wbuiltin-declaration-mismatch]
  298 | char strstr ();
      |      ^~~~~~
conftest.c:290:1: note: 'strstr' is declared in header '<string.h>'
  289 | #include <limits.h>
  290 | #undef strstr
configure:15854: $? = 0
configure:15854: result: yes
configure:15868: checking for strtod
configure:15868: gcc -o conftest -g -O2   conftest.c  >&5
configure:15868: $? = 0
configure:15868: result: yes
configure:15881: checking for strtol
configure:15881: gcc -o conftest -g -O2   conftest.c  >&5
configure:15881: $? = 0
configure:15881: result: yes
configure:15894: checking for strtoul
configure:15894: gcc -o conftest -g -O2   conftest.c  >&5
configure:15894: $? = 0
configure:15894: result: yes
configure:15907: checking for strtoll
configure:15907: gcc -o conftest -g -O2   conftest.c  >&5
configure:15907: $? = 0
configure:15907: result: yes
configure:15920: checking for strtoull
configure:15920: gcc -o conftest -g -O2   conftest.c  >&5
configure:15920: $? = 0
configure:15920: result: yes
configure:15933: checking for strtoumax
configure:15933: gcc -o conftest -g -O2   conftest.c  >&5
configure:15933: $? = 0
configure:15933: result: yes
configure:15947: checking for dprintf
configure:15947: gcc -o conftest -g -O2   conftest.c  >&5
configure:15947: $? = 0
configure:15947: result: yes
configure:15961: checking for strdup
configure:15961: gcc -o conftest -g -O2   conftest.c  >&5
conftest.c:306:6: warning: conflicting types for built-in function 'strdup'; expected 'char *(const char *)' [-Wbuiltin-declaration-mismatch]
  306 | char strdup ();
      |      ^~~~~~
configure:15961: $? = 0
configure:15961: result: yes
configure:15975: checking for strlcpy
configure:15975: gcc -o conftest -g -O2   conftest.c  >&5
configure:15975: $? = 0
configure:15975: result: yes
configure:15989: checking for reallocarray
configure:15989: gcc -o conftest -g -O2   conftest.c  >&5
configure:15989: $? = 0
configure:15989: result: yes
configure:16004: checking for libaudit.h
configure:16004: gcc -c -g -O2  conftest.c >&5
conftest.c:321:10: fatal error: libaudit.h: No such file or directory
  321 | #include <libaudit.h>
      |          ^~~~~~~~~~~~
compilation terminated.
configure:16004: $? = 1
configure: failed program was:
| /* confdefs.h */
| #define PACKAGE_NAME "bash"
| #define PACKAGE_TARNAME "bash"
| #define PACKAGE_VERSION "5.3-release"
| #define PACKAGE_STRING "bash 5.3-release"
| #define PACKAGE_BUGREPORT "bug-bash@gnu.org"
| #define PACKAGE_URL ""
| #define USING_BASH_MALLOC 1
| #define ALIAS 1
| #define PUSHD_AND_POPD 1
| #define RESTRICTED_SHELL 1
| #define PROCESS_SUBSTITUTION 1
| #define PROMPT_STRING_DECODE 1
| #define SELECT_COMMAND 1
| #define HELP_BUILTIN 1
| #define ARRAY_VARS 1
| #define DPAREN_ARITHMETIC 1
| #define BRACE_EXPANSION 1
| #define COMMAND_TIMING 1
| #define EXTENDED_GLOB 1
| #define EXTGLOB_DEFAULT 0
| #define COND_COMMAND 1
| #define COND_REGEXP 1
| #define COPROCESS_SUPPORT 1
| #define ARITH_FOR_COMMAND 1
| #define NETWORK_REDIRECTIONS 1
| #define PROGRAMMABLE_COMPLETION 1
| #define DEBUGGER 1
| #define CASEMOD_ATTRS 1
| #define CASEMOD_EXPANSIONS 1
| #define GLOBASCII_DEFAULT 1
| #define FUNCTION_IMPORT 1
| #define TRANSLATABLE_STRINGS 1
| #define BASH_SOURCE_FULLPATH_DEFAULT 0
| #define MEMSCRAMBLE 1
| #define HAVE_STDIO_H 1
| #define HAVE_STDLIB_H 1
| #define HAVE_STRING_H 1
| #define HAVE_INTTYPES_H 1
| #define HAVE_STDINT_H 1
| #define HAVE_STRINGS_H 1
| #define HAVE_SYS_STAT_H 1
| #define HAVE_SYS_TYPES_H 1
| #define HAVE_UNISTD_H 1
| #define HAVE_WCHAR_H 1
| #define HAVE_STDBOOL_H 1
| #define HAVE_SYS_PARAM_H 1
| #define HAVE_THREADS_H 1
| #define HAVE_SYS_TIME_H 1
| #define STDC_HEADERS 1
| #define _ALL_SOURCE 1
| #define _DARWIN_C_SOURCE 1
| #define _GNU_SOURCE 1
| #define _HPUX_ALT_XOPEN_SOCKET_API 1
| #define _NETBSD_SOURCE 1
| #define _OPENBSD_SOURCE 1
| #define _POSIX_PTHREAD_SEMANTICS 1
| #define __STDC_WANT_IEC_60559_ATTRIBS_EXT__ 1
| #define __STDC_WANT_IEC_60559_BFP_EXT__ 1
| #define __STDC_WANT_IEC_60559_DFP_EXT__ 1
| #define __STDC_WANT_IEC_60559_FUNCS_EXT__ 1
| #define __STDC_WANT_IEC_60559_TYPES_EXT__ 1
| #define __STDC_WANT_LIB_EXT2__ 1
| #define __STDC_WANT_MATH_SPEC_FUNCS__ 1
| #define _TANDEM_SOURCE 1
| #define __EXTENSIONS__ 1
| #define READLINE 1
| #define HISTORY 1
| #define BANG_HISTORY 1
| #define HAVE_STRINGIZE 1
| #define HAVE_LONG_DOUBLE 1
| #define restrict __restrict__
| #define HAVE_VISIBILITY 1
| #define HAVE_STDINT_H_WITH_UINTMAX 1
| #define HAVE_ALLOCA_H 1
| #define HAVE_ALLOCA 1
| #define HAVE_GETPAGESIZE 1
| #define HAVE_SYMLINK 1
| #define HAVE_USELOCALE 1
| #define HAVE_VPRINTF 1
| #define HAVE_ALARM 1
| #define HAVE___FPURGE 1
| #define HAVE_SNPRINTF 1
| #define HAVE_VSNPRINTF 1
| #define HAVE_MMAP 1
| #define INTDIV0_RAISES_SIGFPE 1
| #define HAVE_INTTYPES_H_WITH_UINTMAX 1
| #define HAVE_UNSIGNED_LONG_LONG_INT 1
| #define HAVE_UINTMAX_T 1
| #define HAVE_WEAK_SYMBOLS 1
| #define HAVE_PTHREAD_API 1
| #define USE_POSIX_THREADS 1
| #define USE_POSIX_THREADS_FROM_LIBC 1
| #define HAVE_PTHREAD_RWLOCK 1
| #define HAVE_PTHREAD_MUTEX_RECURSIVE 1
| #define HAVE_ICONV 1
| #define ICONV_CONST 
| #define HAVE_BUILTIN_EXPECT 1
| #define HAVE_INTTYPES_H 1
| #define HAVE_UNISTD_H 1
| #define HAVE_SYS_PARAM_H 1
| #define HAVE_GETCWD 1
| #define HAVE_GETEGID 1
| #define HAVE_GETEUID 1
| #define HAVE_GETGID 1
| #define HAVE_GETUID 1
| #define HAVE_MEMPCPY 1
| #define HAVE_MUNMAP 1
| #define HAVE_STPCPY 1
| #define HAVE_STRCASECMP 1
| #define HAVE_TSEARCH 1
| #define HAVE___FSETLOCKING 1
| #define HAVE_DECL_FEOF_UNLOCKED 1
| #define HAVE_DECL_FGETS_UNLOCKED 1
| #define HAVE_LOCALECONV 1
| #define HAVE_LONG_LONG_INT 1
| #define HAVE_WCHAR_T 1
| #define HAVE_WINT_T 1
| #define HAVE_INTMAX_T 1
| #define HAVE_POSIX_PRINTF 1
| #define HAVE_STDINT_H 1
| #define HAVE_STDINT_H 1
| #define HAVE_WORKING_O_NOATIME 0
| #define HAVE_WORKING_O_NOFOLLOW 0
| #define HAVE_WORKING_USELOCALE 1
| #define HAVE_GOOD_USELOCALE 1
| #define FLEXIBLE_ARRAY_MEMBER /**/
| #define HAVE_FEATURES_H 1
| #define HAVE_STDDEF_H 1
| #define HAVE_STDLIB_H 1
| #define HAVE_STRING_H 1
| #define HAVE_ASPRINTF 1
| #define HAVE_WPRINTF 1
| #define HAVE_NEWLOCALE 1
| #define HAVE_PUTENV 1
| #define HAVE_SETENV 1
| #define HAVE_SNPRINTF 1
| #define HAVE_STRNLEN 1
| #define HAVE_USELOCALE 1
| #define HAVE_WCSLEN 1
| #define HAVE_WCSNLEN 1
| #define HAVE_MBRTOWC 1
| #define HAVE_WCRTOMB 1
| #define HAVE_DECL__SNPRINTF 0
| #define HAVE_DECL__SNWPRINTF 0
| #define HAVE_DECL_GETC_UNLOCKED 1
| #define HAVE_NL_LANGINFO 1
| #define HAVE_LANGINFO_CODESET 1
| #define HAVE_LC_MESSAGES 1
| #define ENABLE_NLS 1
| #define HAVE_GETTEXT 1
| #define HAVE_DCGETTEXT 1
| #define HAVE_DIRENT_H 1
| #define MAJOR_IN_SYSMACROS 1
| #define HAVE_INTTYPES_H 1
| #define HAVE_UNISTD_H 1
| #define HAVE_STDLIB_H 1
| #define HAVE_LIMITS_H 1
| #define HAVE_STRING_H 1
| #define HAVE_MEMORY_H 1
| #define HAVE_LOCALE_H 1
| #define HAVE_TERMCAP_H 1
| #define HAVE_TERMIO_H 1
| #define HAVE_TERMIOS_H 1
| #define HAVE_DLFCN_H 1
| #define HAVE_STDDEF_H 1
| #define HAVE_STDINT_H 1
| #define HAVE_NETDB_H 1
| #define HAVE_PWD_H 1
| #define HAVE_GRP_H 1
| #define HAVE_STRINGS_H 1
| #define HAVE_REGEX_H 1
| #define HAVE_SYSLOG_H 1
| #define HAVE_ULIMIT_H 1
| #define HAVE_SYS_SELECT_H 1
| #define HAVE_SYS_FILE_H 1
| #define HAVE_SYS_IOCTL_H 1
| #define HAVE_SYS_MMAN_H 1
| #define HAVE_SYS_PARAM_H 1
| #define HAVE_SYS_RANDOM_H 1
| #define HAVE_SYS_SOCKET_H 1
| #define HAVE_SYS_STAT_H 1
| #define HAVE_SYS_TIME_H 1
| #define HAVE_SYS_TIMES_H 1
| #define HAVE_SYS_TYPES_H 1
| #define HAVE_SYS_WAIT_H 1
| #define HAVE_NETINET_IN_H 1
| #define HAVE_ARPA_INET_H 1
| #define HAVE_SYS_RESOURCE_H 1
| #define HAVE_ALLOCA_H 1
| #define HAVE_ALLOCA 1
| #define HAVE_CHOWN 1
| #define GETPGRP_VOID 1
| #define HAVE_STRCOLL 1
| #define HAVE_WAIT3 1
| #define HAVE_MKFIFO 1
| #define HAVE_DUP2 1
| #define HAVE_EACCESS 1
| #define HAVE_FCNTL 1
| #define HAVE_GETDTABLESIZE 1
| #define HAVE_GETENTROPY 1
| #define HAVE_GETGROUPS 1
| #define HAVE_GETHOSTNAME 1
| #define HAVE_GETPAGESIZE 1
| #define HAVE_GETPEERNAME 1
| #define HAVE_GETRANDOM 1
| #define HAVE_GETRLIMIT 1
| #define HAVE_GETRUSAGE 1
| #define HAVE_GETTIMEOFDAY 1
| #define HAVE_KILL 1
| #define HAVE_KILLPG 1
| #define HAVE_LSTAT 1
| #define HAVE_NANOSLEEP 1
| #define HAVE_PSELECT 1
| #define HAVE_READLINK 1
| #define HAVE_SELECT 1
| #define HAVE_SETITIMER 1
| #define HAVE_STATFS 1
| #define HAVE_TCGETPGRP 1
| #define HAVE_UNAME 1
| #define HAVE_ULIMIT 1
| #define HAVE_WAITPID 1
| #define HAVE_RENAME 1
| #define HAVE_BCOPY 1
| #define HAVE_BZERO 1
| #define HAVE_CLOCK_GETTIME 1
| #define HAVE_CONFSTR 1
| #define HAVE_FACCESSAT 1
| #define HAVE_FNMATCH 1
| #define HAVE_GETADDRINFO 1
| #define HAVE_GETHOSTBYNAME 1
| #define HAVE_GETSERVBYNAME 1
| #define HAVE_GETSERVENT 1
| #define HAVE_INET_ATON 1
| #define HAVE_IMAXDIV 1
| #define HAVE_MEMMOVE 1
| #define HAVE_PATHCONF 1
| #define HAVE_PUTENV 1
| #define HAVE_RAISE 1
| #define HAVE_RANDOM 1
| #define HAVE_REGCOMP 1
| #define HAVE_REGEXEC 1
| #define HAVE_SETENV 1
| #define HAVE_SETLINEBUF 1
| #define HAVE_SETLOCALE 1
| #define HAVE_SETVBUF 1
| #define HAVE_SIGINTERRUPT 1
| #define HAVE_STRCHR 1
| #define HAVE_SYSCONF 1
| #define HAVE_SYSLOG 1
| #define HAVE_TCGETATTR 1
| #define HAVE_TIMES 1
| #define HAVE_TTYNAME 1
| #define HAVE_TZSET 1
| #define HAVE_UNSETENV 1
| #define HAVE_VASPRINTF 1
| #define HAVE_ASPRINTF 1
| #define HAVE_ISASCII 1
| #define HAVE_ISBLANK 1
| #define HAVE_ISGRAPH 1
| #define HAVE_ISPRINT 1
| #define HAVE_ISSPACE 1
| #define HAVE_ISXDIGIT 1
| #define HAVE_GETPWENT 1
| #define HAVE_GETPWNAM 1
| #define HAVE_GETPWUID 1
| #define HAVE_MKSTEMP 1
| #define HAVE_MKDTEMP 1
| #define HAVE_ARC4RANDOM 1
| #define HAVE_STRLCAT 1
| #define HAVE_MEMFD_CREATE 1
| #define HAVE_SHM_OPEN 1
| #define HAVE_GETCWD 1
| #define HAVE_MEMSET 1
| #define HAVE_STRCASECMP 1
| #define HAVE_STRCASESTR 1
| #define HAVE_STRERROR 1
| #define HAVE_STRFTIME 1
| #define HAVE_STRNLEN 1
| #define HAVE_STRPBRK 1
| #define HAVE_STRSTR 1
| #define HAVE_STRTOD 1
| #define HAVE_STRTOL 1
| #define HAVE_STRTOUL 1
| #define HAVE_STRTOLL 1
| #define HAVE_STRTOULL 1
| #define HAVE_STRTOUMAX 1
| #define HAVE_DPRINTF 1
| #define HAVE_STRDUP 1
| #define HAVE_STRLCPY 1
| #define HAVE_REALLOCARRAY 1
| /* end confdefs.h.  */
| #include <stddef.h>
| #ifdef HAVE_STDIO_H
| # include <stdio.h>
| #endif
| #ifdef HAVE_STDLIB_H
| # include <stdlib.h>
| #endif
| #ifdef HAVE_STRING_H
| # include <string.h>
| #endif
| #ifdef HAVE_INTTYPES_H
| # include <inttypes.h>
| #endif
| #ifdef HAVE_STDINT_H
| # include <stdint.h>
| #endif
| #ifdef HAVE_STRINGS_H
| # include <strings.h>
| #endif
| #ifdef HAVE_SYS_TYPES_H
| # include <sys/types.h>
| #endif
| #ifdef HAVE_SYS_STAT_H
| # include <sys/stat.h>
| #endif
| #ifdef HAVE_UNISTD_H
| # include <unistd.h>
| #endif
| #include <libaudit.h>
configure:16004: result: no
configure:16011: checking whether AUDIT_USER_TTY is declared
configure:16011: gcc -c -g -O2   conftest.c >&5
configure:16011: $? = 0
configure:16011: result: yes
configure:16022: checking whether confstr is declared
configure:16022: gcc -c -g -O2   conftest.c >&5
configure:16022: $? = 0
configure:16022: result: yes
configure:16031: checking whether printf is declared
configure:16031: gcc -c -g -O2   conftest.c >&5
configure:16031: $? = 0
configure:16031: result: yes
configure:16040: checking whether brk is declared
configure:16040: gcc -c -g -O2   conftest.c >&5
configure:16040: $? = 0
configure:16040: result: yes
configure:16049: checking whether sbrk is declared
configure:16049: gcc -c -g -O2   conftest.c >&5
configure:16049: $? = 0
configure:16049: result: yes
configure:16058: checking whether setregid is declared
configure:16058: gcc -c -g -O2   conftest.c >&5
configure:16058: $? = 0
configure:16058: result: yes
configure:16067: checking whether strcpy is declared
configure:16067: gcc -c -g -O2   conftest.c >&5
configure:16067: $? = 0
configure:16067: result: yes
configure:16076: checking whether strsignal is declared
configure:16076: gcc -c -g -O2   conftest.c >&5
configure:16076: $? = 0
configure:16076: result: yes
configure:16086: checking for setresuid
configure:16086: gcc -o conftest -g -O2   conftest.c  >&5
configure:16086: $? = 0
configure:16086: result: yes
configure:16092: checking for setresgid
configure:16092: gcc -o conftest -g -O2   conftest.c  >&5
configure:16092: $? = 0
configure:16092: result: yes
configure:16100: checking whether strtold is declared
configure:16100: gcc -c -g -O2   conftest.c >&5
configure:16100: $? = 0
configure:16100: result: yes
configure:16111: checking for broken strtold
configure:16129: gcc -c -g -O2  conftest.c >&5
configure:16129: $? = 0
configure:16140: result: no
configure:16150: checking whether strtol is declared
configure:16150: gcc -c -g -O2   conftest.c >&5
configure:16150: $? = 0
configure:16150: result: yes
configure:16159: checking whether strtoll is declared
configure:16159: gcc -c -g -O2   conftest.c >&5
configure:16159: $? = 0
configure:16159: result: yes
configure:16168: checking whether strtoul is declared
configure:16168: gcc -c -g -O2   conftest.c >&5
configure:16168: $? = 0
configure:16168: result: yes
configure:16177: checking whether strtoull is declared
configure:16177: gcc -c -g -O2   conftest.c >&5
configure:16177: $? = 0
configure:16177: result: yes
configure:16186: checking whether strtoumax is declared
configure:16186: gcc -c -g -O2   conftest.c >&5
configure:16186: $? = 0
configure:16186: result: yes
configure:16200: checking for working mktime
configure:16398: gcc -o conftest -g -O2   conftest.c  >&5
configure:16398: $? = 0
configure:16398: ./conftest
configure:16398: $? = 0
configure:16409: result: yes
configure:16422: checking for argz.h
configure:16422: gcc -c -g -O2  conftest.c >&5
configure:16422: $? = 0
configure:16422: result: yes
configure:16428: checking for errno.h
configure:16428: gcc -c -g -O2  conftest.c >&5
configure:16428: $? = 0
configure:16428: result: yes
configure:16434: checking for fcntl.h
configure:16434: gcc -c -g -O2  conftest.c >&5
configure:16434: $? = 0
configure:16434: result: yes
configure:16440: checking for malloc.h
configure:16440: gcc -c -g -O2  conftest.c >&5
configure:16440: $? = 0
configure:16440: result: yes
configure:16446: checking for stdio_ext.h
configure:16446: gcc -c -g -O2  conftest.c >&5
configure:16446: $? = 0
configure:16446: result: yes
configure:16458: checking for working mmap
configure:16621: result: yes
configure:16630: checking for __argz_count
configure:16630: gcc -o conftest -g -O2   conftest.c  >&5
configure:16630: $? = 0
configure:16630: result: yes
configure:16636: checking for __argz_next
configure:16636: gcc -o conftest -g -O2   conftest.c  >&5
configure:16636: $? = 0
configure:16636: result: yes
configure:16642: checking for __argz_stringify
configure:16642: gcc -o conftest -g -O2   conftest.c  >&5
configure:16642: $? = 0
configure:16642: result: yes
configure:16648: checking for dcgettext
configure:16648: gcc -o conftest -g -O2   conftest.c  >&5
conftest.c:335:6: warning: conflicting types for built-in function 'dcgettext'; expected 'char *(const char *, const char *, int)' [-Wbuiltin-declaration-mismatch]
  335 | char dcgettext ();
      |      ^~~~~~~~~
configure:16648: $? = 0
configure:16648: result: yes
configure:16654: checking for locale_charset
configure:16654: gcc -o conftest -g -O2   conftest.c  >&5
/usr/bin/ld: /tmp/ccnGrgFB.o: in function `main':
/root/boiler/example_repos/bash/before/conftest.c:347:(.text.startup+0xb): undefined reference to `locale_charset'
collect2: error: ld returned 1 exit status
configure:16654: $? = 1
configure: failed program was:
| /* confdefs.h */
| #define PACKAGE_NAME "bash"
| #define PACKAGE_TARNAME "bash"
| #define PACKAGE_VERSION "5.3-release"
| #define PACKAGE_STRING "bash 5.3-release"
| #define PACKAGE_BUGREPORT "bug-bash@gnu.org"
| #define PACKAGE_URL ""
| #define USING_BASH_MALLOC 1
| #define ALIAS 1
| #define PUSHD_AND_POPD 1
| #define RESTRICTED_SHELL 1
| #define PROCESS_SUBSTITUTION 1
| #define PROMPT_STRING_DECODE 1
| #define SELECT_COMMAND 1
| #define HELP_BUILTIN 1
| #define ARRAY_VARS 1
| #define DPAREN_ARITHMETIC 1
| #define BRACE_EXPANSION 1
| #define COMMAND_TIMING 1
| #define EXTENDED_GLOB 1
| #define EXTGLOB_DEFAULT 0
| #define COND_COMMAND 1
| #define COND_REGEXP 1
| #define COPROCESS_SUPPORT 1
| #define ARITH_FOR_COMMAND 1
| #define NETWORK_REDIRECTIONS 1
| #define PROGRAMMABLE_COMPLETION 1
| #define DEBUGGER 1
| #define CASEMOD_ATTRS 1
| #define CASEMOD_EXPANSIONS 1
| #define GLOBASCII_DEFAULT 1
| #define FUNCTION_IMPORT 1
| #define TRANSLATABLE_STRINGS 1
| #define BASH_SOURCE_FULLPATH_DEFAULT 0
| #define MEMSCRAMBLE 1
| #define HAVE_STDIO_H 1
| #define HAVE_STDLIB_H 1
| #define HAVE_STRING_H 1
| #define HAVE_INTTYPES_H 1
| #define HAVE_STDINT_H 1
| #define HAVE_STRINGS_H 1
| #define HAVE_SYS_STAT_H 1
| #define HAVE_SYS_TYPES_H 1
| #define HAVE_UNISTD_H 1
| #define HAVE_WCHAR_H 1
| #define HAVE_STDBOOL_H 1
| #define HAVE_SYS_PARAM_H 1
| #define HAVE_THREADS_H 1
| #define HAVE_SYS_TIME_H 1
| #define STDC_HEADERS 1
| #define _ALL_SOURCE 1
| #define _DARWIN_C_SOURCE 1
| #define _GNU_SOURCE 1
| #define _HPUX_ALT_XOPEN_SOCKET_API 1
| #define _NETBSD_SOURCE 1
| #define _OPENBSD_SOURCE 1
| #define _POSIX_PTHREAD_SEMANTICS 1
| #define __STDC_WANT_IEC_60559_ATTRIBS_EXT__ 1
| #define __STDC_WANT_IEC_60559_BFP_EXT__ 1
| #define __STDC_WANT_IEC_60559_DFP_EXT__ 1
| #define __STDC_WANT_IEC_60559_FUNCS_EXT__ 1
| #define __STDC_WANT_IEC_60559_TYPES_EXT__ 1
| #define __STDC_WANT_LIB_EXT2__ 1
| #define __STDC_WANT_MATH_SPEC_FUNCS__ 1
| #define _TANDEM_SOURCE 1
| #define __EXTENSIONS__ 1
| #define READLINE 1
| #define HISTORY 1
| #define BANG_HISTORY 1
| #define HAVE_STRINGIZE 1
| #define HAVE_LONG_DOUBLE 1
| #define restrict __restrict__
| #define HAVE_VISIBILITY 1
| #define HAVE_STDINT_H_WITH_UINTMAX 1
| #define HAVE_ALLOCA_H 1
| #define HAVE_ALLOCA 1
| #define HAVE_GETPAGESIZE 1
| #define HAVE_SYMLINK 1
| #define HAVE_USELOCALE 1
| #define HAVE_VPRINTF 1
| #define HAVE_ALARM 1
| #define HAVE___FPURGE 1
| #define HAVE_SNPRINTF 1
| #define HAVE_VSNPRINTF 1
| #define HAVE_MMAP 1
| #define INTDIV0_RAISES_SIGFPE 1
| #define HAVE_INTTYPES_H_WITH_UINTMAX 1
| #define HAVE_UNSIGNED_LONG_LONG_INT 1
| #define HAVE_UINTMAX_T 1
| #define HAVE_WEAK_SYMBOLS 1
| #define HAVE_PTHREAD_API 1
| #define USE_POSIX_THREADS 1
| #define USE_POSIX_THREADS_FROM_LIBC 1
| #define HAVE_PTHREAD_RWLOCK 1
| #define HAVE_PTHREAD_MUTEX_RECURSIVE 1
| #define HAVE_ICONV 1
| #define ICONV_CONST 
| #define HAVE_BUILTIN_EXPECT 1
| #define HAVE_INTTYPES_H 1
| #define HAVE_UNISTD_H 1
| #define HAVE_SYS_PARAM_H 1
| #define HAVE_GETCWD 1
| #define HAVE_GETEGID 1
| #define HAVE_GETEUID 1
| #define HAVE_GETGID 1
| #define HAVE_GETUID 1
| #define HAVE_MEMPCPY 1
| #define HAVE_MUNMAP 1
| #define HAVE_STPCPY 1
| #define HAVE_STRCASECMP 1
| #define HAVE_TSEARCH 1
| #define HAVE___FSETLOCKING 1
| #define HAVE_DECL_FEOF_UNLOCKED 1
| #define HAVE_DECL_FGETS_UNLOCKED 1
| #define HAVE_LOCALECONV 1
| #define HAVE_LONG_LONG_INT 1
| #define HAVE_WCHAR_T 1
| #define HAVE_WINT_T 1
| #define HAVE_INTMAX_T 1
| #define HAVE_POSIX_PRINTF 1
| #define HAVE_STDINT_H 1
| #define HAVE_STDINT_H 1
| #define HAVE_WORKING_O_NOATIME 0
| #define HAVE_WORKING_O_NOFOLLOW 0
| #define HAVE_WORKING_USELOCALE 1
| #define HAVE_GOOD_USELOCALE 1
| #define FLEXIBLE_ARRAY_MEMBER /**/
| #define HAVE_FEATURES_H 1
| #define HAVE_STDDEF_H 1
| #define HAVE_STDLIB_H 1
| #define HAVE_STRING_H 1
| #define HAVE_ASPRINTF 1
| #define HAVE_WPRINTF 1
| #define HAVE_NEWLOCALE 1
| #define HAVE_PUTENV 1
| #define HAVE_SETENV 1
| #define HAVE_SNPRINTF 1
| #define HAVE_STRNLEN 1
| #define HAVE_USELOCALE 1
| #define HAVE_WCSLEN 1
| #define HAVE_WCSNLEN 1
| #define HAVE_MBRTOWC 1
| #define HAVE_WCRTOMB 1
| #define HAVE_DECL__SNPRINTF 0
| #define HAVE_DECL__SNWPRINTF 0
| #define HAVE_DECL_GETC_UNLOCKED 1
| #define HAVE_NL_LANGINFO 1
| #define HAVE_LANGINFO_CODESET 1
| #define HAVE_LC_MESSAGES 1
| #define ENABLE_NLS 1
| #define HAVE_GETTEXT 1
| #define HAVE_DCGETTEXT 1
| #define HAVE_DIRENT_H 1
| #define MAJOR_IN_SYSMACROS 1
| #define HAVE_INTTYPES_H 1
| #define HAVE_UNISTD_H 1
| #define HAVE_STDLIB_H 1
| #define HAVE_LIMITS_H 1
| #define HAVE_STRING_H 1
| #define HAVE_MEMORY_H 1
| #define HAVE_LOCALE_H 1
| #define HAVE_TERMCAP_H 1
| #define HAVE_TERMIO_H 1
| #define HAVE_TERMIOS_H 1
| #define HAVE_DLFCN_H 1
| #define HAVE_STDDEF_H 1
| #define HAVE_STDINT_H 1
| #define HAVE_NETDB_H 1
| #define HAVE_PWD_H 1
| #define HAVE_GRP_H 1
| #define HAVE_STRINGS_H 1
| #define HAVE_REGEX_H 1
| #define HAVE_SYSLOG_H 1
| #define HAVE_ULIMIT_H 1
| #define HAVE_SYS_SELECT_H 1
| #define HAVE_SYS_FILE_H 1
| #define HAVE_SYS_IOCTL_H 1
| #define HAVE_SYS_MMAN_H 1
| #define HAVE_SYS_PARAM_H 1
| #define HAVE_SYS_RANDOM_H 1
| #define HAVE_SYS_SOCKET_H 1
| #define HAVE_SYS_STAT_H 1
| #define HAVE_SYS_TIME_H 1
| #define HAVE_SYS_TIMES_H 1
| #define HAVE_SYS_TYPES_H 1
| #define HAVE_SYS_WAIT_H 1
| #define HAVE_NETINET_IN_H 1
| #define HAVE_ARPA_INET_H 1
| #define HAVE_SYS_RESOURCE_H 1
| #define HAVE_ALLOCA_H 1
| #define HAVE_ALLOCA 1
| #define HAVE_CHOWN 1
| #define GETPGRP_VOID 1
| #define HAVE_STRCOLL 1
| #define HAVE_WAIT3 1
| #define HAVE_MKFIFO 1
| #define HAVE_DUP2 1
| #define HAVE_EACCESS 1
| #define HAVE_FCNTL 1
| #define HAVE_GETDTABLESIZE 1
| #define HAVE_GETENTROPY 1
| #define HAVE_GETGROUPS 1
| #define HAVE_GETHOSTNAME 1
| #define HAVE_GETPAGESIZE 1
| #define HAVE_GETPEERNAME 1
| #define HAVE_GETRANDOM 1
| #define HAVE_GETRLIMIT 1
| #define HAVE_GETRUSAGE 1
| #define HAVE_GETTIMEOFDAY 1
| #define HAVE_KILL 1
| #define HAVE_KILLPG 1
| #define HAVE_LSTAT 1
| #define HAVE_NANOSLEEP 1
| #define HAVE_PSELECT 1
| #define HAVE_READLINK 1
| #define HAVE_SELECT 1
| #define HAVE_SETITIMER 1
| #define HAVE_STATFS 1
| #define HAVE_TCGETPGRP 1
| #define HAVE_UNAME 1
| #define HAVE_ULIMIT 1
| #define HAVE_WAITPID 1
| #define HAVE_RENAME 1
| #define HAVE_BCOPY 1
| #define HAVE_BZERO 1
| #define HAVE_CLOCK_GETTIME 1
| #define HAVE_CONFSTR 1
| #define HAVE_FACCESSAT 1
| #define HAVE_FNMATCH 1
| #define HAVE_GETADDRINFO 1
| #define HAVE_GETHOSTBYNAME 1
| #define HAVE_GETSERVBYNAME 1
| #define HAVE_GETSERVENT 1
| #define HAVE_INET_ATON 1
| #define HAVE_IMAXDIV 1
| #define HAVE_MEMMOVE 1
| #define HAVE_PATHCONF 1
| #define HAVE_PUTENV 1
| #define HAVE_RAISE 1
| #define HAVE_RANDOM 1
| #define HAVE_REGCOMP 1
| #define HAVE_REGEXEC 1
| #define HAVE_SETENV 1
| #define HAVE_SETLINEBUF 1
| #define HAVE_SETLOCALE 1
| #define HAVE_SETVBUF 1
| #define HAVE_SIGINTERRUPT 1
| #define HAVE_STRCHR 1
| #define HAVE_SYSCONF 1
| #define HAVE_SYSLOG 1
| #define HAVE_TCGETATTR 1
| #define HAVE_TIMES 1
| #define HAVE_TTYNAME 1
| #define HAVE_TZSET 1
| #define HAVE_UNSETENV 1
| #define HAVE_VASPRINTF 1
| #define HAVE_ASPRINTF 1
| #define HAVE_ISASCII 1
| #define HAVE_ISBLANK 1
| #define HAVE_ISGRAPH 1
| #define HAVE_ISPRINT 1
| #define HAVE_ISSPACE 1
| #define HAVE_ISXDIGIT 1
| #define HAVE_GETPWENT 1
| #define HAVE_GETPWNAM 1
| #define HAVE_GETPWUID 1
| #define HAVE_MKSTEMP 1
| #define HAVE_MKDTEMP 1
| #define HAVE_ARC4RANDOM 1
| #define HAVE_STRLCAT 1
| #define HAVE_MEMFD_CREATE 1
| #define HAVE_SHM_OPEN 1
| #define HAVE_GETCWD 1
| #define HAVE_MEMSET 1
| #define HAVE_STRCASECMP 1
| #define HAVE_STRCASESTR 1
| #define HAVE_STRERROR 1
| #define HAVE_STRFTIME 1
| #define HAVE_STRNLEN 1
| #define HAVE_STRPBRK 1
| #define HAVE_STRSTR 1
| #define HAVE_STRTOD 1
| #define HAVE_STRTOL 1
| #define HAVE_STRTOUL 1
| #define HAVE_STRTOLL 1
| #define HAVE_STRTOULL 1
| #define HAVE_STRTOUMAX 1
| #define HAVE_DPRINTF 1
| #define HAVE_STRDUP 1
| #define HAVE_STRLCPY 1
| #define HAVE_REALLOCARRAY 1
| #define HAVE_DECL_AUDIT_USER_TTY 1
| #define HAVE_DECL_CONFSTR 1
| #define HAVE_DECL_PRINTF 1
| #define HAVE_DECL_BRK 1
| #define HAVE_DECL_SBRK 1
| #define HAVE_DECL_SETREGID 1
| #define HAVE_DECL_STRCPY 1
| #define HAVE_DECL_STRSIGNAL 1
| #define HAVE_SETRESUID 1
| #define HAVE_SETRESGID 1
| #define HAVE_DECL_STRTOLD 1
| #define HAVE_DECL_STRTOL 1
| #define HAVE_DECL_STRTOLL 1
| #define HAVE_DECL_STRTOUL 1
| #define HAVE_DECL_STRTOULL 1
| #define HAVE_DECL_STRTOUMAX 1
| #define HAVE_ARGZ_H 1
| #define HAVE_ERRNO_H 1
| #define HAVE_FCNTL_H 1
| #define HAVE_MALLOC_H 1
| #define HAVE_STDIO_EXT_H 1
| #define HAVE_MALLOC 1
| #define HAVE_MMAP 1
| #define HAVE___ARGZ_COUNT 1
| #define HAVE___ARGZ_NEXT 1
| #define HAVE___ARGZ_STRINGIFY 1
| #define HAVE_DCGETTEXT 1
| /* end confdefs.h.  */
| /* Define locale_charset to an innocuous variant, in case <limits.h> declares locale_charset.
|    For example, HP-UX 11i <limits.h> declares gettimeofday.  */
| #define locale_charset innocuous_locale_charset
| 
| /* System header to define __stub macros and hopefully few prototypes,
|    which can conflict with char locale_charset (); below.  */
| 
| #include <limits.h>
| #undef locale_charset
| 
| /* Override any GCC internal prototype to avoid an error.
|    Use char because int might match the return type of a GCC
|    builtin and then its argument prototype would still apply.  */
| #ifdef __cplusplus
| extern "C"
| #endif
| char locale_charset ();
| /* The GNU C library defines this for functions which it implements
|     to always fail with ENOSYS.  Some functions are actually named
|     something starting with __ and the normal name is an alias.  */
| #if defined __stub_locale_charset || defined __stub___locale_charset
| choke me
| #endif
| 
| int
| main (void)
| {
| return locale_charset ();
|   ;
|   return 0;
| }
configure:16654: result: no
configure:16660: checking for mempcpy
configure:16660: result: yes
configure:16666: checking for munmap
configure:16666: result: yes
configure:16672: checking for mremap
configure:16672: gcc -o conftest -g -O2   conftest.c  >&5
configure:16672: $? = 0
configure:16672: result: yes
configure:16678: checking for stpcpy
configure:16678: result: yes
configure:16684: checking for strcspn
configure:16684: gcc -o conftest -g -O2   conftest.c  >&5
conftest.c:340:6: warning: conflicting types for built-in function 'strcspn'; expected 'long unsigned int(const char *, const char *)' [-Wbuiltin-declaration-mismatch]
  340 | char strcspn ();
      |      ^~~~~~~
conftest.c:332:1: note: 'strcspn' is declared in header '<string.h>'
  331 | #include <limits.h>
  332 | #undef strcspn
configure:16684: $? = 0
configure:16684: result: yes
configure:16707: checking for wctype.h
configure:16707: gcc -c -g -O2  conftest.c >&5
configure:16707: $? = 0
configure:16707: result: yes
configure:16714: checking for wchar.h
configure:16714: result: yes
configure:16721: checking for langinfo.h
configure:16721: gcc -c -g -O2  conftest.c >&5
configure:16721: $? = 0
configure:16721: result: yes
configure:16729: checking for mbstr.h
configure:16729: gcc -c -g -O2  conftest.c >&5
conftest.c:356:10: fatal error: mbstr.h: No such file or directory
  356 | #include <mbstr.h>
      |          ^~~~~~~~~
compilation terminated.
configure:16729: $? = 1
configure: failed program was:
| /* confdefs.h */
| #define PACKAGE_NAME "bash"
| #define PACKAGE_TARNAME "bash"
| #define PACKAGE_VERSION "5.3-release"
| #define PACKAGE_STRING "bash 5.3-release"
| #define PACKAGE_BUGREPORT "bug-bash@gnu.org"
| #define PACKAGE_URL ""
| #define USING_BASH_MALLOC 1
| #define ALIAS 1
| #define PUSHD_AND_POPD 1
| #define RESTRICTED_SHELL 1
| #define PROCESS_SUBSTITUTION 1
| #define PROMPT_STRING_DECODE 1
| #define SELECT_COMMAND 1
| #define HELP_BUILTIN 1
| #define ARRAY_VARS 1
| #define DPAREN_ARITHMETIC 1
| #define BRACE_EXPANSION 1
| #define COMMAND_TIMING 1
| #define EXTENDED_GLOB 1
| #define EXTGLOB_DEFAULT 0
| #define COND_COMMAND 1
| #define COND_REGEXP 1
| #define COPROCESS_SUPPORT 1
| #define ARITH_FOR_COMMAND 1
| #define NETWORK_REDIRECTIONS 1
| #define PROGRAMMABLE_COMPLETION 1
| #define DEBUGGER 1
| #define CASEMOD_ATTRS 1
| #define CASEMOD_EXPANSIONS 1
| #define GLOBASCII_DEFAULT 1
| #define FUNCTION_IMPORT 1
| #define TRANSLATABLE_STRINGS 1
| #define BASH_SOURCE_FULLPATH_DEFAULT 0
| #define MEMSCRAMBLE 1
| #define HAVE_STDIO_H 1
| #define HAVE_STDLIB_H 1
| #define HAVE_STRING_H 1
| #define HAVE_INTTYPES_H 1
| #define HAVE_STDINT_H 1
| #define HAVE_STRINGS_H 1
| #define HAVE_SYS_STAT_H 1
| #define HAVE_SYS_TYPES_H 1
| #define HAVE_UNISTD_H 1
| #define HAVE_WCHAR_H 1
| #define HAVE_STDBOOL_H 1
| #define HAVE_SYS_PARAM_H 1
| #define HAVE_THREADS_H 1
| #define HAVE_SYS_TIME_H 1
| #define STDC_HEADERS 1
| #define _ALL_SOURCE 1
| #define _DARWIN_C_SOURCE 1
| #define _GNU_SOURCE 1
| #define _HPUX_ALT_XOPEN_SOCKET_API 1
| #define _NETBSD_SOURCE 1
| #define _OPENBSD_SOURCE 1
| #define _POSIX_PTHREAD_SEMANTICS 1
| #define __STDC_WANT_IEC_60559_ATTRIBS_EXT__ 1
| #define __STDC_WANT_IEC_60559_BFP_EXT__ 1
| #define __STDC_WANT_IEC_60559_DFP_EXT__ 1
| #define __STDC_WANT_IEC_60559_FUNCS_EXT__ 1
| #define __STDC_WANT_IEC_60559_TYPES_EXT__ 1
| #define __STDC_WANT_LIB_EXT2__ 1
| #define __STDC_WANT_MATH_SPEC_FUNCS__ 1
| #define _TANDEM_SOURCE 1
| #define __EXTENSIONS__ 1
| #define READLINE 1
| #define HISTORY 1
| #define BANG_HISTORY 1
| #define HAVE_STRINGIZE 1
| #define HAVE_LONG_DOUBLE 1
| #define restrict __restrict__
| #define HAVE_VISIBILITY 1
| #define HAVE_STDINT_H_WITH_UINTMAX 1
| #define HAVE_ALLOCA_H 1
| #define HAVE_ALLOCA 1
| #define HAVE_GETPAGESIZE 1
| #define HAVE_SYMLINK 1
| #define HAVE_USELOCALE 1
| #define HAVE_VPRINTF 1
| #define HAVE_ALARM 1
| #define HAVE___FPURGE 1
| #define HAVE_SNPRINTF 1
| #define HAVE_VSNPRINTF 1
| #define HAVE_MMAP 1
| #define INTDIV0_RAISES_SIGFPE 1
| #define HAVE_INTTYPES_H_WITH_UINTMAX 1
| #define HAVE_UNSIGNED_LONG_LONG_INT 1
| #define HAVE_UINTMAX_T 1
| #define HAVE_WEAK_SYMBOLS 1
| #define HAVE_PTHREAD_API 1
| #define USE_POSIX_THREADS 1
| #define USE_POSIX_THREADS_FROM_LIBC 1
| #define HAVE_PTHREAD_RWLOCK 1
| #define HAVE_PTHREAD_MUTEX_RECURSIVE 1
| #define HAVE_ICONV 1
| #define ICONV_CONST 
| #define HAVE_BUILTIN_EXPECT 1
| #define HAVE_INTTYPES_H 1
| #define HAVE_UNISTD_H 1
| #define HAVE_SYS_PARAM_H 1
| #define HAVE_GETCWD 1
| #define HAVE_GETEGID 1
| #define HAVE_GETEUID 1
| #define HAVE_GETGID 1
| #define HAVE_GETUID 1
| #define HAVE_MEMPCPY 1
| #define HAVE_MUNMAP 1
| #define HAVE_STPCPY 1
| #define HAVE_STRCASECMP 1
| #define HAVE_TSEARCH 1
| #define HAVE___FSETLOCKING 1
| #define HAVE_DECL_FEOF_UNLOCKED 1
| #define HAVE_DECL_FGETS_UNLOCKED 1
| #define HAVE_LOCALECONV 1
| #define HAVE_LONG_LONG_INT 1
| #define HAVE_WCHAR_T 1
| #define HAVE_WINT_T 1
| #define HAVE_INTMAX_T 1
| #define HAVE_POSIX_PRINTF 1
| #define HAVE_STDINT_H 1
| #define HAVE_STDINT_H 1
| #define HAVE_WORKING_O_NOATIME 0
| #define HAVE_WORKING_O_NOFOLLOW 0
| #define HAVE_WORKING_USELOCALE 1
| #define HAVE_GOOD_USELOCALE 1
| #define FLEXIBLE_ARRAY_MEMBER /**/
| #define HAVE_FEATURES_H 1
| #define HAVE_STDDEF_H 1
| #define HAVE_STDLIB_H 1
| #define HAVE_STRING_H 1
| #define HAVE_ASPRINTF 1
| #define HAVE_WPRINTF 1
| #define HAVE_NEWLOCALE 1
| #define HAVE_PUTENV 1
| #define HAVE_SETENV 1
| #define HAVE_SNPRINTF 1
| #define HAVE_STRNLEN 1
| #define HAVE_USELOCALE 1
| #define HAVE_WCSLEN 1
| #define HAVE_WCSNLEN 1
| #define HAVE_MBRTOWC 1
| #define HAVE_WCRTOMB 1
| #define HAVE_DECL__SNPRINTF 0
| #define HAVE_DECL__SNWPRINTF 0
| #define HAVE_DECL_GETC_UNLOCKED 1
| #define HAVE_NL_LANGINFO 1
| #define HAVE_LANGINFO_CODESET 1
| #define HAVE_LC_MESSAGES 1
| #define ENABLE_NLS 1
| #define HAVE_GETTEXT 1
| #define HAVE_DCGETTEXT 1
| #define HAVE_DIRENT_H 1
| #define MAJOR_IN_SYSMACROS 1
| #define HAVE_INTTYPES_H 1
| #define HAVE_UNISTD_H 1
| #define HAVE_STDLIB_H 1
| #define HAVE_LIMITS_H 1
| #define HAVE_STRING_H 1
| #define HAVE_MEMORY_H 1
| #define HAVE_LOCALE_H 1
| #define HAVE_TERMCAP_H 1
| #define HAVE_TERMIO_H 1
| #define HAVE_TERMIOS_H 1
| #define HAVE_DLFCN_H 1
| #define HAVE_STDDEF_H 1
| #define HAVE_STDINT_H 1
| #define HAVE_NETDB_H 1
| #define HAVE_PWD_H 1
| #define HAVE_GRP_H 1
| #define HAVE_STRINGS_H 1
| #define HAVE_REGEX_H 1
| #define HAVE_SYSLOG_H 1
| #define HAVE_ULIMIT_H 1
| #define HAVE_SYS_SELECT_H 1
| #define HAVE_SYS_FILE_H 1
| #define HAVE_SYS_IOCTL_H 1
| #define HAVE_SYS_MMAN_H 1
| #define HAVE_SYS_PARAM_H 1
| #define HAVE_SYS_RANDOM_H 1
| #define HAVE_SYS_SOCKET_H 1
| #define HAVE_SYS_STAT_H 1
| #define HAVE_SYS_TIME_H 1
| #define HAVE_SYS_TIMES_H 1
| #define HAVE_SYS_TYPES_H 1
| #define HAVE_SYS_WAIT_H 1
| #define HAVE_NETINET_IN_H 1
| #define HAVE_ARPA_INET_H 1
| #define HAVE_SYS_RESOURCE_H 1
| #define HAVE_ALLOCA_H 1
| #define HAVE_ALLOCA 1
| #define HAVE_CHOWN 1
| #define GETPGRP_VOID 1
| #define HAVE_STRCOLL 1
| #define HAVE_WAIT3 1
| #define HAVE_MKFIFO 1
| #define HAVE_DUP2 1
| #define HAVE_EACCESS 1
| #define HAVE_FCNTL 1
| #define HAVE_GETDTABLESIZE 1
| #define HAVE_GETENTROPY 1
| #define HAVE_GETGROUPS 1
| #define HAVE_GETHOSTNAME 1
| #define HAVE_GETPAGESIZE 1
| #define HAVE_GETPEERNAME 1
| #define HAVE_GETRANDOM 1
| #define HAVE_GETRLIMIT 1
| #define HAVE_GETRUSAGE 1
| #define HAVE_GETTIMEOFDAY 1
| #define HAVE_KILL 1
| #define HAVE_KILLPG 1
| #define HAVE_LSTAT 1
| #define HAVE_NANOSLEEP 1
| #define HAVE_PSELECT 1
| #define HAVE_READLINK 1
| #define HAVE_SELECT 1
| #define HAVE_SETITIMER 1
| #define HAVE_STATFS 1
| #define HAVE_TCGETPGRP 1
| #define HAVE_UNAME 1
| #define HAVE_ULIMIT 1
| #define HAVE_WAITPID 1
| #define HAVE_RENAME 1
| #define HAVE_BCOPY 1
| #define HAVE_BZERO 1
| #define HAVE_CLOCK_GETTIME 1
| #define HAVE_CONFSTR 1
| #define HAVE_FACCESSAT 1
| #define HAVE_FNMATCH 1
| #define HAVE_GETADDRINFO 1
| #define HAVE_GETHOSTBYNAME 1
| #define HAVE_GETSERVBYNAME 1
| #define HAVE_GETSERVENT 1
| #define HAVE_INET_ATON 1
| #define HAVE_IMAXDIV 1
| #define HAVE_MEMMOVE 1
| #define HAVE_PATHCONF 1
| #define HAVE_PUTENV 1
| #define HAVE_RAISE 1
| #define HAVE_RANDOM 1
| #define HAVE_REGCOMP 1
| #define HAVE_REGEXEC 1
| #define HAVE_SETENV 1
| #define HAVE_SETLINEBUF 1
| #define HAVE_SETLOCALE 1
| #define HAVE_SETVBUF 1
| #define HAVE_SIGINTERRUPT 1
| #define HAVE_STRCHR 1
| #define HAVE_SYSCONF 1
| #define HAVE_SYSLOG 1
| #define HAVE_TCGETATTR 1
| #define HAVE_TIMES 1
| #define HAVE_TTYNAME 1
| #define HAVE_TZSET 1
| #define HAVE_UNSETENV 1
| #define HAVE_VASPRINTF 1
| #define HAVE_ASPRINTF 1
| #define HAVE_ISASCII 1
| #define HAVE_ISBLANK 1
| #define HAVE_ISGRAPH 1
| #define HAVE_ISPRINT 1
| #define HAVE_ISSPACE 1
| #define HAVE_ISXDIGIT 1
| #define HAVE_GETPWENT 1
| #define HAVE_GETPWNAM 1
| #define HAVE_GETPWUID 1
| #define HAVE_MKSTEMP 1
| #define HAVE_MKDTEMP 1
| #define HAVE_ARC4RANDOM 1
| #define HAVE_STRLCAT 1
| #define HAVE_MEMFD_CREATE 1
| #define HAVE_SHM_OPEN 1
| #define HAVE_GETCWD 1
| #define HAVE_MEMSET 1
| #define HAVE_STRCASECMP 1
| #define HAVE_STRCASESTR 1
| #define HAVE_STRERROR 1
| #define HAVE_STRFTIME 1
| #define HAVE_STRNLEN 1
| #define HAVE_STRPBRK 1
| #define HAVE_STRSTR 1
| #define HAVE_STRTOD 1
| #define HAVE_STRTOL 1
| #define HAVE_STRTOUL 1
| #define HAVE_STRTOLL 1
| #define HAVE_STRTOULL 1
| #define HAVE_STRTOUMAX 1
| #define HAVE_DPRINTF 1
| #define HAVE_STRDUP 1
| #define HAVE_STRLCPY 1
| #define HAVE_REALLOCARRAY 1
| #define HAVE_DECL_AUDIT_USER_TTY 1
| #define HAVE_DECL_CONFSTR 1
| #define HAVE_DECL_PRINTF 1
| #define HAVE_DECL_BRK 1
| #define HAVE_DECL_SBRK 1
| #define HAVE_DECL_SETREGID 1
| #define HAVE_DECL_STRCPY 1
| #define HAVE_DECL_STRSIGNAL 1
| #define HAVE_SETRESUID 1
| #define HAVE_SETRESGID 1
| #define HAVE_DECL_STRTOLD 1
| #define HAVE_DECL_STRTOL 1
| #define HAVE_DECL_STRTOLL 1
| #define HAVE_DECL_STRTOUL 1
| #define HAVE_DECL_STRTOULL 1
| #define HAVE_DECL_STRTOUMAX 1
| #define HAVE_ARGZ_H 1
| #define HAVE_ERRNO_H 1
| #define HAVE_FCNTL_H 1
| #define HAVE_MALLOC_H 1
| #define HAVE_STDIO_EXT_H 1
| #define HAVE_MALLOC 1
| #define HAVE_MMAP 1
| #define HAVE___ARGZ_COUNT 1
| #define HAVE___ARGZ_NEXT 1
| #define HAVE___ARGZ_STRINGIFY 1
| #define HAVE_DCGETTEXT 1
| #define HAVE_MEMPCPY 1
| #define HAVE_MUNMAP 1
| #define HAVE_MREMAP 1
| #define HAVE_STPCPY 1
| #define HAVE_STRCSPN 1
| #define HAVE_WCTYPE_H 1
| #define HAVE_WCHAR_H 1
| #define HAVE_LANGINFO_H 1
| /* end confdefs.h.  */
| #include <stddef.h>
| #ifdef HAVE_STDIO_H
| # include <stdio.h>
| #endif
| #ifdef HAVE_STDLIB_H
| # include <stdlib.h>
| #endif
| #ifdef HAVE_STRING_H
| # include <string.h>
| #endif
| #ifdef HAVE_INTTYPES_H
| # include <inttypes.h>
| #endif
| #ifdef HAVE_STDINT_H
| # include <stdint.h>
| #endif
| #ifdef HAVE_STRINGS_H
| # include <strings.h>
| #endif
| #ifdef HAVE_SYS_TYPES_H
| # include <sys/types.h>
| #endif
| #ifdef HAVE_SYS_STAT_H
| # include <sys/stat.h>
| #endif
| #ifdef HAVE_UNISTD_H
| # include <unistd.h>
| #endif
| #include <mbstr.h>
configure:16729: result: no
configure:16737: checking for mbrlen
configure:16737: gcc -o conftest -g -O2   conftest.c  >&5
configure:16737: $? = 0
configure:16737: result: yes
configure:16744: checking for mbscasecmp
configure:16744: gcc -o conftest -g -O2   conftest.c  >&5
/usr/bin/ld: /tmp/ccdTRqX5.o: in function `main':
/root/boiler/example_repos/bash/before/conftest.c:356:(.text.startup+0xb): undefined reference to `mbscasecmp'
collect2: error: ld returned 1 exit status
configure:16744: $? = 1
configure: failed program was:
| /* confdefs.h */
| #define PACKAGE_NAME "bash"
| #define PACKAGE_TARNAME "bash"
| #define PACKAGE_VERSION "5.3-release"
| #define PACKAGE_STRING "bash 5.3-release"
| #define PACKAGE_BUGREPORT "bug-bash@gnu.org"
| #define PACKAGE_URL ""
| #define USING_BASH_MALLOC 1
| #define ALIAS 1
| #define PUSHD_AND_POPD 1
| #define RESTRICTED_SHELL 1
| #define PROCESS_SUBSTITUTION 1
| #define PROMPT_STRING_DECODE 1
| #define SELECT_COMMAND 1
| #define HELP_BUILTIN 1
| #define ARRAY_VARS 1
| #define DPAREN_ARITHMETIC 1
| #define BRACE_EXPANSION 1
| #define COMMAND_TIMING 1
| #define EXTENDED_GLOB 1
| #define EXTGLOB_DEFAULT 0
| #define COND_COMMAND 1
| #define COND_REGEXP 1
| #define COPROCESS_SUPPORT 1
| #define ARITH_FOR_COMMAND 1
| #define NETWORK_REDIRECTIONS 1
| #define PROGRAMMABLE_COMPLETION 1
| #define DEBUGGER 1
| #define CASEMOD_ATTRS 1
| #define CASEMOD_EXPANSIONS 1
| #define GLOBASCII_DEFAULT 1
| #define FUNCTION_IMPORT 1
| #define TRANSLATABLE_STRINGS 1
| #define BASH_SOURCE_FULLPATH_DEFAULT 0
| #define MEMSCRAMBLE 1
| #define HAVE_STDIO_H 1
| #define HAVE_STDLIB_H 1
| #define HAVE_STRING_H 1
| #define HAVE_INTTYPES_H 1
| #define HAVE_STDINT_H 1
| #define HAVE_STRINGS_H 1
| #define HAVE_SYS_STAT_H 1
| #define HAVE_SYS_TYPES_H 1
| #define HAVE_UNISTD_H 1
| #define HAVE_WCHAR_H 1
| #define HAVE_STDBOOL_H 1
| #define HAVE_SYS_PARAM_H 1
| #define HAVE_THREADS_H 1
| #define HAVE_SYS_TIME_H 1
| #define STDC_HEADERS 1
| #define _ALL_SOURCE 1
| #define _DARWIN_C_SOURCE 1
| #define _GNU_SOURCE 1
| #define _HPUX_ALT_XOPEN_SOCKET_API 1
| #define _NETBSD_SOURCE 1
| #define _OPENBSD_SOURCE 1
| #define _POSIX_PTHREAD_SEMANTICS 1
| #define __STDC_WANT_IEC_60559_ATTRIBS_EXT__ 1
| #define __STDC_WANT_IEC_60559_BFP_EXT__ 1
| #define __STDC_WANT_IEC_60559_DFP_EXT__ 1
| #define __STDC_WANT_IEC_60559_FUNCS_EXT__ 1
| #define __STDC_WANT_IEC_60559_TYPES_EXT__ 1
| #define __STDC_WANT_LIB_EXT2__ 1
| #define __STDC_WANT_MATH_SPEC_FUNCS__ 1
| #define _TANDEM_SOURCE 1
| #define __EXTENSIONS__ 1
| #define READLINE 1
| #define HISTORY 1
| #define BANG_HISTORY 1
| #define HAVE_STRINGIZE 1
| #define HAVE_LONG_DOUBLE 1
| #define restrict __restrict__
| #define HAVE_VISIBILITY 1
| #define HAVE_STDINT_H_WITH_UINTMAX 1
| #define HAVE_ALLOCA_H 1
| #define HAVE_ALLOCA 1
| #define HAVE_GETPAGESIZE 1
| #define HAVE_SYMLINK 1
| #define HAVE_USELOCALE 1
| #define HAVE_VPRINTF 1
| #define HAVE_ALARM 1
| #define HAVE___FPURGE 1
| #define HAVE_SNPRINTF 1
| #define HAVE_VSNPRINTF 1
| #define HAVE_MMAP 1
| #define INTDIV0_RAISES_SIGFPE 1
| #define HAVE_INTTYPES_H_WITH_UINTMAX 1
| #define HAVE_UNSIGNED_LONG_LONG_INT 1
| #define HAVE_UINTMAX_T 1
| #define HAVE_WEAK_SYMBOLS 1
| #define HAVE_PTHREAD_API 1
| #define USE_POSIX_THREADS 1
| #define USE_POSIX_THREADS_FROM_LIBC 1
| #define HAVE_PTHREAD_RWLOCK 1
| #define HAVE_PTHREAD_MUTEX_RECURSIVE 1
| #define HAVE_ICONV 1
| #define ICONV_CONST 
| #define HAVE_BUILTIN_EXPECT 1
| #define HAVE_INTTYPES_H 1
| #define HAVE_UNISTD_H 1
| #define HAVE_SYS_PARAM_H 1
| #define HAVE_GETCWD 1
| #define HAVE_GETEGID 1
| #define HAVE_GETEUID 1
| #define HAVE_GETGID 1
| #define HAVE_GETUID 1
| #define HAVE_MEMPCPY 1
| #define HAVE_MUNMAP 1
| #define HAVE_STPCPY 1
| #define HAVE_STRCASECMP 1
| #define HAVE_TSEARCH 1
| #define HAVE___FSETLOCKING 1
| #define HAVE_DECL_FEOF_UNLOCKED 1
| #define HAVE_DECL_FGETS_UNLOCKED 1
| #define HAVE_LOCALECONV 1
| #define HAVE_LONG_LONG_INT 1
| #define HAVE_WCHAR_T 1
| #define HAVE_WINT_T 1
| #define HAVE_INTMAX_T 1
| #define HAVE_POSIX_PRINTF 1
| #define HAVE_STDINT_H 1
| #define HAVE_STDINT_H 1
| #define HAVE_WORKING_O_NOATIME 0
| #define HAVE_WORKING_O_NOFOLLOW 0
| #define HAVE_WORKING_USELOCALE 1
| #define HAVE_GOOD_USELOCALE 1
| #define FLEXIBLE_ARRAY_MEMBER /**/
| #define HAVE_FEATURES_H 1
| #define HAVE_STDDEF_H 1
| #define HAVE_STDLIB_H 1
| #define HAVE_STRING_H 1
| #define HAVE_ASPRINTF 1
| #define HAVE_WPRINTF 1
| #define HAVE_NEWLOCALE 1
| #define HAVE_PUTENV 1
| #define HAVE_SETENV 1
| #define HAVE_SNPRINTF 1
| #define HAVE_STRNLEN 1
| #define HAVE_USELOCALE 1
| #define HAVE_WCSLEN 1
| #define HAVE_WCSNLEN 1
| #define HAVE_MBRTOWC 1
| #define HAVE_WCRTOMB 1
| #define HAVE_DECL__SNPRINTF 0
| #define HAVE_DECL__SNWPRINTF 0
| #define HAVE_DECL_GETC_UNLOCKED 1
| #define HAVE_NL_LANGINFO 1
| #define HAVE_LANGINFO_CODESET 1
| #define HAVE_LC_MESSAGES 1
| #define ENABLE_NLS 1
| #define HAVE_GETTEXT 1
| #define HAVE_DCGETTEXT 1
| #define HAVE_DIRENT_H 1
| #define MAJOR_IN_SYSMACROS 1
| #define HAVE_INTTYPES_H 1
| #define HAVE_UNISTD_H 1
| #define HAVE_STDLIB_H 1
| #define HAVE_LIMITS_H 1
| #define HAVE_STRING_H 1
| #define HAVE_MEMORY_H 1
| #define HAVE_LOCALE_H 1
| #define HAVE_TERMCAP_H 1
| #define HAVE_TERMIO_H 1
| #define HAVE_TERMIOS_H 1
| #define HAVE_DLFCN_H 1
| #define HAVE_STDDEF_H 1
| #define HAVE_STDINT_H 1
| #define HAVE_NETDB_H 1
| #define HAVE_PWD_H 1
| #define HAVE_GRP_H 1
| #define HAVE_STRINGS_H 1
| #define HAVE_REGEX_H 1
| #define HAVE_SYSLOG_H 1
| #define HAVE_ULIMIT_H 1
| #define HAVE_SYS_SELECT_H 1
| #define HAVE_SYS_FILE_H 1
| #define HAVE_SYS_IOCTL_H 1
| #define HAVE_SYS_MMAN_H 1
| #define HAVE_SYS_PARAM_H 1
| #define HAVE_SYS_RANDOM_H 1
| #define HAVE_SYS_SOCKET_H 1
| #define HAVE_SYS_STAT_H 1
| #define HAVE_SYS_TIME_H 1
| #define HAVE_SYS_TIMES_H 1
| #define HAVE_SYS_TYPES_H 1
| #define HAVE_SYS_WAIT_H 1
| #define HAVE_NETINET_IN_H 1
| #define HAVE_ARPA_INET_H 1
| #define HAVE_SYS_RESOURCE_H 1
| #define HAVE_ALLOCA_H 1
| #define HAVE_ALLOCA 1
| #define HAVE_CHOWN 1
| #define GETPGRP_VOID 1
| #define HAVE_STRCOLL 1
| #define HAVE_WAIT3 1
| #define HAVE_MKFIFO 1
| #define HAVE_DUP2 1
| #define HAVE_EACCESS 1
| #define HAVE_FCNTL 1
| #define HAVE_GETDTABLESIZE 1
| #define HAVE_GETENTROPY 1
| #define HAVE_GETGROUPS 1
| #define HAVE_GETHOSTNAME 1
| #define HAVE_GETPAGESIZE 1
| #define HAVE_GETPEERNAME 1
| #define HAVE_GETRANDOM 1
| #define HAVE_GETRLIMIT 1
| #define HAVE_GETRUSAGE 1
| #define HAVE_GETTIMEOFDAY 1
| #define HAVE_KILL 1
| #define HAVE_KILLPG 1
| #define HAVE_LSTAT 1
| #define HAVE_NANOSLEEP 1
| #define HAVE_PSELECT 1
| #define HAVE_READLINK 1
| #define HAVE_SELECT 1
| #define HAVE_SETITIMER 1
| #define HAVE_STATFS 1
| #define HAVE_TCGETPGRP 1
| #define HAVE_UNAME 1
| #define HAVE_ULIMIT 1
| #define HAVE_WAITPID 1
| #define HAVE_RENAME 1
| #define HAVE_BCOPY 1
| #define HAVE_BZERO 1
| #define HAVE_CLOCK_GETTIME 1
| #define HAVE_CONFSTR 1
| #define HAVE_FACCESSAT 1
| #define HAVE_FNMATCH 1
| #define HAVE_GETADDRINFO 1
| #define HAVE_GETHOSTBYNAME 1
| #define HAVE_GETSERVBYNAME 1
| #define HAVE_GETSERVENT 1
| #define HAVE_INET_ATON 1
| #define HAVE_IMAXDIV 1
| #define HAVE_MEMMOVE 1
| #define HAVE_PATHCONF 1
| #define HAVE_PUTENV 1
| #define HAVE_RAISE 1
| #define HAVE_RANDOM 1
| #define HAVE_REGCOMP 1
| #define HAVE_REGEXEC 1
| #define HAVE_SETENV 1
| #define HAVE_SETLINEBUF 1
| #define HAVE_SETLOCALE 1
| #define HAVE_SETVBUF 1
| #define HAVE_SIGINTERRUPT 1
| #define HAVE_STRCHR 1
| #define HAVE_SYSCONF 1
| #define HAVE_SYSLOG 1
| #define HAVE_TCGETATTR 1
| #define HAVE_TIMES 1
| #define HAVE_TTYNAME 1
| #define HAVE_TZSET 1
| #define HAVE_UNSETENV 1
| #define HAVE_VASPRINTF 1
| #define HAVE_ASPRINTF 1
| #define HAVE_ISASCII 1
| #define HAVE_ISBLANK 1
| #define HAVE_ISGRAPH 1
| #define HAVE_ISPRINT 1
| #define HAVE_ISSPACE 1
| #define HAVE_ISXDIGIT 1
| #define HAVE_GETPWENT 1
| #define HAVE_GETPWNAM 1
| #define HAVE_GETPWUID 1
| #define HAVE_MKSTEMP 1
| #define HAVE_MKDTEMP 1
| #define HAVE_ARC4RANDOM 1
| #define HAVE_STRLCAT 1
| #define HAVE_MEMFD_CREATE 1
| #define HAVE_SHM_OPEN 1
| #define HAVE_GETCWD 1
| #define HAVE_MEMSET 1
| #define HAVE_STRCASECMP 1
| #define HAVE_STRCASESTR 1
| #define HAVE_STRERROR 1
| #define HAVE_STRFTIME 1
| #define HAVE_STRNLEN 1
| #define HAVE_STRPBRK 1
| #define HAVE_STRSTR 1
| #define HAVE_STRTOD 1
| #define HAVE_STRTOL 1
| #define HAVE_STRTOUL 1
| #define HAVE_STRTOLL 1
| #define HAVE_STRTOULL 1
| #define HAVE_STRTOUMAX 1
| #define HAVE_DPRINTF 1
| #define HAVE_STRDUP 1
| #define HAVE_STRLCPY 1
| #define HAVE_REALLOCARRAY 1
| #define HAVE_DECL_AUDIT_USER_TTY 1
| #define HAVE_DECL_CONFSTR 1
| #define HAVE_DECL_PRINTF 1
| #define HAVE_DECL_BRK 1
| #define HAVE_DECL_SBRK 1
| #define HAVE_DECL_SETREGID 1
| #define HAVE_DECL_STRCPY 1
| #define HAVE_DECL_STRSIGNAL 1
| #define HAVE_SETRESUID 1
| #define HAVE_SETRESGID 1
| #define HAVE_DECL_STRTOLD 1
| #define HAVE_DECL_STRTOL 1
| #define HAVE_DECL_STRTOLL 1
| #define HAVE_DECL_STRTOUL 1
| #define HAVE_DECL_STRTOULL 1
| #define HAVE_DECL_STRTOUMAX 1
| #define HAVE_ARGZ_H 1
| #define HAVE_ERRNO_H 1
| #define HAVE_FCNTL_H 1
| #define HAVE_MALLOC_H 1
| #define HAVE_STDIO_EXT_H 1
| #define HAVE_MALLOC 1
| #define HAVE_MMAP 1
| #define HAVE___ARGZ_COUNT 1
| #define HAVE___ARGZ_NEXT 1
| #define HAVE___ARGZ_STRINGIFY 1
| #define HAVE_DCGETTEXT 1
| #define HAVE_MEMPCPY 1
| #define HAVE_MUNMAP 1
| #define HAVE_MREMAP 1
| #define HAVE_STPCPY 1
| #define HAVE_STRCSPN 1
| #define HAVE_WCTYPE_H 1
| #define HAVE_WCHAR_H 1
| #define HAVE_LANGINFO_H 1
| #define HAVE_MBRLEN 1
| /* end confdefs.h.  */
| /* Define mbscasecmp to an innocuous variant, in case <limits.h> declares mbscasecmp.
|    For example, HP-UX 11i <limits.h> declares gettimeofday.  */
| #define mbscasecmp innocuous_mbscasecmp
| 
| /* System header to define __stub macros and hopefully few prototypes,
|    which can conflict with char mbscasecmp (); below.  */
| 
| #include <limits.h>
| #undef mbscasecmp
| 
| /* Override any GCC internal prototype to avoid an error.
|    Use char because int might match the return type of a GCC
|    builtin and then its argument prototype would still apply.  */
| #ifdef __cplusplus
| extern "C"
| #endif
| char mbscasecmp ();
| /* The GNU C library defines this for functions which it implements
|     to always fail with ENOSYS.  Some functions are actually named
|     something starting with __ and the normal name is an alias.  */
| #if defined __stub_mbscasecmp || defined __stub___mbscasecmp
| choke me
| #endif
| 
| int
| main (void)
| {
| return mbscasecmp ();
|   ;
|   return 0;
| }
configure:16744: result: no
configure:16751: checking for mbscmp
configure:16751: gcc -o conftest -g -O2   conftest.c  >&5
/usr/bin/ld: /tmp/ccymE9gS.o: in function `main':
/root/boiler/example_repos/bash/before/conftest.c:356:(.text.startup+0xb): undefined reference to `mbscmp'
collect2: error: ld returned 1 exit status
configure:16751: $? = 1
configure: failed program was:
| /* confdefs.h */
| #define PACKAGE_NAME "bash"
| #define PACKAGE_TARNAME "bash"
| #define PACKAGE_VERSION "5.3-release"
| #define PACKAGE_STRING "bash 5.3-release"
| #define PACKAGE_BUGREPORT "bug-bash@gnu.org"
| #define PACKAGE_URL ""
| #define USING_BASH_MALLOC 1
| #define ALIAS 1
| #define PUSHD_AND_POPD 1
| #define RESTRICTED_SHELL 1
| #define PROCESS_SUBSTITUTION 1
| #define PROMPT_STRING_DECODE 1
| #define SELECT_COMMAND 1
| #define HELP_BUILTIN 1
| #define ARRAY_VARS 1
| #define DPAREN_ARITHMETIC 1
| #define BRACE_EXPANSION 1
| #define COMMAND_TIMING 1
| #define EXTENDED_GLOB 1
| #define EXTGLOB_DEFAULT 0
| #define COND_COMMAND 1
| #define COND_REGEXP 1
| #define COPROCESS_SUPPORT 1
| #define ARITH_FOR_COMMAND 1
| #define NETWORK_REDIRECTIONS 1
| #define PROGRAMMABLE_COMPLETION 1
| #define DEBUGGER 1
| #define CASEMOD_ATTRS 1
| #define CASEMOD_EXPANSIONS 1
| #define GLOBASCII_DEFAULT 1
| #define FUNCTION_IMPORT 1
| #define TRANSLATABLE_STRINGS 1
| #define BASH_SOURCE_FULLPATH_DEFAULT 0
| #define MEMSCRAMBLE 1
| #define HAVE_STDIO_H 1
| #define HAVE_STDLIB_H 1
| #define HAVE_STRING_H 1
| #define HAVE_INTTYPES_H 1
| #define HAVE_STDINT_H 1
| #define HAVE_STRINGS_H 1
| #define HAVE_SYS_STAT_H 1
| #define HAVE_SYS_TYPES_H 1
| #define HAVE_UNISTD_H 1
| #define HAVE_WCHAR_H 1
| #define HAVE_STDBOOL_H 1
| #define HAVE_SYS_PARAM_H 1
| #define HAVE_THREADS_H 1
| #define HAVE_SYS_TIME_H 1
| #define STDC_HEADERS 1
| #define _ALL_SOURCE 1
| #define _DARWIN_C_SOURCE 1
| #define _GNU_SOURCE 1
| #define _HPUX_ALT_XOPEN_SOCKET_API 1
| #define _NETBSD_SOURCE 1
| #define _OPENBSD_SOURCE 1
| #define _POSIX_PTHREAD_SEMANTICS 1
| #define __STDC_WANT_IEC_60559_ATTRIBS_EXT__ 1
| #define __STDC_WANT_IEC_60559_BFP_EXT__ 1
| #define __STDC_WANT_IEC_60559_DFP_EXT__ 1
| #define __STDC_WANT_IEC_60559_FUNCS_EXT__ 1
| #define __STDC_WANT_IEC_60559_TYPES_EXT__ 1
| #define __STDC_WANT_LIB_EXT2__ 1
| #define __STDC_WANT_MATH_SPEC_FUNCS__ 1
| #define _TANDEM_SOURCE 1
| #define __EXTENSIONS__ 1
| #define READLINE 1
| #define HISTORY 1
| #define BANG_HISTORY 1
| #define HAVE_STRINGIZE 1
| #define HAVE_LONG_DOUBLE 1
| #define restrict __restrict__
| #define HAVE_VISIBILITY 1
| #define HAVE_STDINT_H_WITH_UINTMAX 1
| #define HAVE_ALLOCA_H 1
| #define HAVE_ALLOCA 1
| #define HAVE_GETPAGESIZE 1
| #define HAVE_SYMLINK 1
| #define HAVE_USELOCALE 1
| #define HAVE_VPRINTF 1
| #define HAVE_ALARM 1
| #define HAVE___FPURGE 1
| #define HAVE_SNPRINTF 1
| #define HAVE_VSNPRINTF 1
| #define HAVE_MMAP 1
| #define INTDIV0_RAISES_SIGFPE 1
| #define HAVE_INTTYPES_H_WITH_UINTMAX 1
| #define HAVE_UNSIGNED_LONG_LONG_INT 1
| #define HAVE_UINTMAX_T 1
| #define HAVE_WEAK_SYMBOLS 1
| #define HAVE_PTHREAD_API 1
| #define USE_POSIX_THREADS 1
| #define USE_POSIX_THREADS_FROM_LIBC 1
| #define HAVE_PTHREAD_RWLOCK 1
| #define HAVE_PTHREAD_MUTEX_RECURSIVE 1
| #define HAVE_ICONV 1
| #define ICONV_CONST 
| #define HAVE_BUILTIN_EXPECT 1
| #define HAVE_INTTYPES_H 1
| #define HAVE_UNISTD_H 1
| #define HAVE_SYS_PARAM_H 1
| #define HAVE_GETCWD 1
| #define HAVE_GETEGID 1
| #define HAVE_GETEUID 1
| #define HAVE_GETGID 1
| #define HAVE_GETUID 1
| #define HAVE_MEMPCPY 1
| #define HAVE_MUNMAP 1
| #define HAVE_STPCPY 1
| #define HAVE_STRCASECMP 1
| #define HAVE_TSEARCH 1
| #define HAVE___FSETLOCKING 1
| #define HAVE_DECL_FEOF_UNLOCKED 1
| #define HAVE_DECL_FGETS_UNLOCKED 1
| #define HAVE_LOCALECONV 1
| #define HAVE_LONG_LONG_INT 1
| #define HAVE_WCHAR_T 1
| #define HAVE_WINT_T 1
| #define HAVE_INTMAX_T 1
| #define HAVE_POSIX_PRINTF 1
| #define HAVE_STDINT_H 1
| #define HAVE_STDINT_H 1
| #define HAVE_WORKING_O_NOATIME 0
| #define HAVE_WORKING_O_NOFOLLOW 0
| #define HAVE_WORKING_USELOCALE 1
| #define HAVE_GOOD_USELOCALE 1
| #define FLEXIBLE_ARRAY_MEMBER /**/
| #define HAVE_FEATURES_H 1
| #define HAVE_STDDEF_H 1
| #define HAVE_STDLIB_H 1
| #define HAVE_STRING_H 1
| #define HAVE_ASPRINTF 1
| #define HAVE_WPRINTF 1
| #define HAVE_NEWLOCALE 1
| #define HAVE_PUTENV 1
| #define HAVE_SETENV 1
| #define HAVE_SNPRINTF 1
| #define HAVE_STRNLEN 1
| #define HAVE_USELOCALE 1
| #define HAVE_WCSLEN 1
| #define HAVE_WCSNLEN 1
| #define HAVE_MBRTOWC 1
| #define HAVE_WCRTOMB 1
| #define HAVE_DECL__SNPRINTF 0
| #define HAVE_DECL__SNWPRINTF 0
| #define HAVE_DECL_GETC_UNLOCKED 1
| #define HAVE_NL_LANGINFO 1
| #define HAVE_LANGINFO_CODESET 1
| #define HAVE_LC_MESSAGES 1
| #define ENABLE_NLS 1
| #define HAVE_GETTEXT 1
| #define HAVE_DCGETTEXT 1
| #define HAVE_DIRENT_H 1
| #define MAJOR_IN_SYSMACROS 1
| #define HAVE_INTTYPES_H 1
| #define HAVE_UNISTD_H 1
| #define HAVE_STDLIB_H 1
| #define HAVE_LIMITS_H 1
| #define HAVE_STRING_H 1
| #define HAVE_MEMORY_H 1
| #define HAVE_LOCALE_H 1
| #define HAVE_TERMCAP_H 1
| #define HAVE_TERMIO_H 1
| #define HAVE_TERMIOS_H 1
| #define HAVE_DLFCN_H 1
| #define HAVE_STDDEF_H 1
| #define HAVE_STDINT_H 1
| #define HAVE_NETDB_H 1
| #define HAVE_PWD_H 1
| #define HAVE_GRP_H 1
| #define HAVE_STRINGS_H 1
| #define HAVE_REGEX_H 1
| #define HAVE_SYSLOG_H 1
| #define HAVE_ULIMIT_H 1
| #define HAVE_SYS_SELECT_H 1
| #define HAVE_SYS_FILE_H 1
| #define HAVE_SYS_IOCTL_H 1
| #define HAVE_SYS_MMAN_H 1
| #define HAVE_SYS_PARAM_H 1
| #define HAVE_SYS_RANDOM_H 1
| #define HAVE_SYS_SOCKET_H 1
| #define HAVE_SYS_STAT_H 1
| #define HAVE_SYS_TIME_H 1
| #define HAVE_SYS_TIMES_H 1
| #define HAVE_SYS_TYPES_H 1
| #define HAVE_SYS_WAIT_H 1
| #define HAVE_NETINET_IN_H 1
| #define HAVE_ARPA_INET_H 1
| #define HAVE_SYS_RESOURCE_H 1
| #define HAVE_ALLOCA_H 1
| #define HAVE_ALLOCA 1
| #define HAVE_CHOWN 1
| #define GETPGRP_VOID 1
| #define HAVE_STRCOLL 1
| #define HAVE_WAIT3 1
| #define HAVE_MKFIFO 1
| #define HAVE_DUP2 1
| #define HAVE_EACCESS 1
| #define HAVE_FCNTL 1
| #define HAVE_GETDTABLESIZE 1
| #define HAVE_GETENTROPY 1
| #define HAVE_GETGROUPS 1
| #define HAVE_GETHOSTNAME 1
| #define HAVE_GETPAGESIZE 1
| #define HAVE_GETPEERNAME 1
| #define HAVE_GETRANDOM 1
| #define HAVE_GETRLIMIT 1
| #define HAVE_GETRUSAGE 1
| #define HAVE_GETTIMEOFDAY 1
| #define HAVE_KILL 1
| #define HAVE_KILLPG 1
| #define HAVE_LSTAT 1
| #define HAVE_NANOSLEEP 1
| #define HAVE_PSELECT 1
| #define HAVE_READLINK 1
| #define HAVE_SELECT 1
| #define HAVE_SETITIMER 1
| #define HAVE_STATFS 1
| #define HAVE_TCGETPGRP 1
| #define HAVE_UNAME 1
| #define HAVE_ULIMIT 1
| #define HAVE_WAITPID 1
| #define HAVE_RENAME 1
| #define HAVE_BCOPY 1
| #define HAVE_BZERO 1
| #define HAVE_CLOCK_GETTIME 1
| #define HAVE_CONFSTR 1
| #define HAVE_FACCESSAT 1
| #define HAVE_FNMATCH 1
| #define HAVE_GETADDRINFO 1
| #define HAVE_GETHOSTBYNAME 1
| #define HAVE_GETSERVBYNAME 1
| #define HAVE_GETSERVENT 1
| #define HAVE_INET_ATON 1
| #define HAVE_IMAXDIV 1
| #define HAVE_MEMMOVE 1
| #define HAVE_PATHCONF 1
| #define HAVE_PUTENV 1
| #define HAVE_RAISE 1
| #define HAVE_RANDOM 1
| #define HAVE_REGCOMP 1
| #define HAVE_REGEXEC 1
| #define HAVE_SETENV 1
| #define HAVE_SETLINEBUF 1
| #define HAVE_SETLOCALE 1
| #define HAVE_SETVBUF 1
| #define HAVE_SIGINTERRUPT 1
| #define HAVE_STRCHR 1
| #define HAVE_SYSCONF 1
| #define HAVE_SYSLOG 1
| #define HAVE_TCGETATTR 1
| #define HAVE_TIMES 1
| #define HAVE_TTYNAME 1
| #define HAVE_TZSET 1
| #define HAVE_UNSETENV 1
| #define HAVE_VASPRINTF 1
| #define HAVE_ASPRINTF 1
| #define HAVE_ISASCII 1
| #define HAVE_ISBLANK 1
| #define HAVE_ISGRAPH 1
| #define HAVE_ISPRINT 1
| #define HAVE_ISSPACE 1
| #define HAVE_ISXDIGIT 1
| #define HAVE_GETPWENT 1
| #define HAVE_GETPWNAM 1
| #define HAVE_GETPWUID 1
| #define HAVE_MKSTEMP 1
| #define HAVE_MKDTEMP 1
| #define HAVE_ARC4RANDOM 1
| #define HAVE_STRLCAT 1
| #define HAVE_MEMFD_CREATE 1
| #define HAVE_SHM_OPEN 1
| #define HAVE_GETCWD 1
| #define HAVE_MEMSET 1
| #define HAVE_STRCASECMP 1
| #define HAVE_STRCASESTR 1
| #define HAVE_STRERROR 1
| #define HAVE_STRFTIME 1
| #define HAVE_STRNLEN 1
| #define HAVE_STRPBRK 1
| #define HAVE_STRSTR 1
| #define HAVE_STRTOD 1
| #define HAVE_STRTOL 1
| #define HAVE_STRTOUL 1
| #define HAVE_STRTOLL 1
| #define HAVE_STRTOULL 1
| #define HAVE_STRTOUMAX 1
| #define HAVE_DPRINTF 1
| #define HAVE_STRDUP 1
| #define HAVE_STRLCPY 1
| #define HAVE_REALLOCARRAY 1
| #define HAVE_DECL_AUDIT_USER_TTY 1
| #define HAVE_DECL_CONFSTR 1
| #define HAVE_DECL_PRINTF 1
| #define HAVE_DECL_BRK 1
| #define HAVE_DECL_SBRK 1
| #define HAVE_DECL_SETREGID 1
| #define HAVE_DECL_STRCPY 1
| #define HAVE_DECL_STRSIGNAL 1
| #define HAVE_SETRESUID 1
| #define HAVE_SETRESGID 1
| #define HAVE_DECL_STRTOLD 1
| #define HAVE_DECL_STRTOL 1
| #define HAVE_DECL_STRTOLL 1
| #define HAVE_DECL_STRTOUL 1
| #define HAVE_DECL_STRTOULL 1
| #define HAVE_DECL_STRTOUMAX 1
| #define HAVE_ARGZ_H 1
| #define HAVE_ERRNO_H 1
| #define HAVE_FCNTL_H 1
| #define HAVE_MALLOC_H 1
| #define HAVE_STDIO_EXT_H 1
| #define HAVE_MALLOC 1
| #define HAVE_MMAP 1
| #define HAVE___ARGZ_COUNT 1
| #define HAVE___ARGZ_NEXT 1
| #define HAVE___ARGZ_STRINGIFY 1
| #define HAVE_DCGETTEXT 1
| #define HAVE_MEMPCPY 1
| #define HAVE_MUNMAP 1
| #define HAVE_MREMAP 1
| #define HAVE_STPCPY 1
| #define HAVE_STRCSPN 1
| #define HAVE_WCTYPE_H 1
| #define HAVE_WCHAR_H 1
| #define HAVE_LANGINFO_H 1
| #define HAVE_MBRLEN 1
| /* end confdefs.h.  */
| /* Define mbscmp to an innocuous variant, in case <limits.h> declares mbscmp.
|    For example, HP-UX 11i <limits.h> declares gettimeofday.  */
| #define mbscmp innocuous_mbscmp
| 
| /* System header to define __stub macros and hopefully few prototypes,
|    which can conflict with char mbscmp (); below.  */
| 
| #include <limits.h>
| #undef mbscmp
| 
| /* Override any GCC internal prototype to avoid an error.
|    Use char because int might match the return type of a GCC
|    builtin and then its argument prototype would still apply.  */
| #ifdef __cplusplus
| extern "C"
| #endif
| char mbscmp ();
| /* The GNU C library defines this for functions which it implements
|     to always fail with ENOSYS.  Some functions are actually named
|     something starting with __ and the normal name is an alias.  */
| #if defined __stub_mbscmp || defined __stub___mbscmp
| choke me
| #endif
| 
| int
| main (void)
| {
| return mbscmp ();
|   ;
|   return 0;
| }
configure:16751: result: no
configure:16758: checking for mbsncmp
configure:16758: gcc -o conftest -g -O2   conftest.c  >&5
/usr/bin/ld: /tmp/ccL2T2lu.o: in function `main':
/root/boiler/example_repos/bash/before/conftest.c:356:(.text.startup+0xb): undefined reference to `mbsncmp'
collect2: error: ld returned 1 exit status
configure:16758: $? = 1
configure: failed program was:
| /* confdefs.h */
| #define PACKAGE_NAME "bash"
| #define PACKAGE_TARNAME "bash"
| #define PACKAGE_VERSION "5.3-release"
| #define PACKAGE_STRING "bash 5.3-release"
| #define PACKAGE_BUGREPORT "bug-bash@gnu.org"
| #define PACKAGE_URL ""
| #define USING_BASH_MALLOC 1
| #define ALIAS 1
| #define PUSHD_AND_POPD 1
| #define RESTRICTED_SHELL 1
| #define PROCESS_SUBSTITUTION 1
| #define PROMPT_STRING_DECODE 1
| #define SELECT_COMMAND 1
| #define HELP_BUILTIN 1
| #define ARRAY_VARS 1
| #define DPAREN_ARITHMETIC 1
| #define BRACE_EXPANSION 1
| #define COMMAND_TIMING 1
| #define EXTENDED_GLOB 1
| #define EXTGLOB_DEFAULT 0
| #define COND_COMMAND 1
| #define COND_REGEXP 1
| #define COPROCESS_SUPPORT 1
| #define ARITH_FOR_COMMAND 1
| #define NETWORK_REDIRECTIONS 1
| #define PROGRAMMABLE_COMPLETION 1
| #define DEBUGGER 1
| #define CASEMOD_ATTRS 1
| #define CASEMOD_EXPANSIONS 1
| #define GLOBASCII_DEFAULT 1
| #define FUNCTION_IMPORT 1
| #define TRANSLATABLE_STRINGS 1
| #define BASH_SOURCE_FULLPATH_DEFAULT 0
| #define MEMSCRAMBLE 1
| #define HAVE_STDIO_H 1
| #define HAVE_STDLIB_H 1
| #define HAVE_STRING_H 1
| #define HAVE_INTTYPES_H 1
| #define HAVE_STDINT_H 1
| #define HAVE_STRINGS_H 1
| #define HAVE_SYS_STAT_H 1
| #define HAVE_SYS_TYPES_H 1
| #define HAVE_UNISTD_H 1
| #define HAVE_WCHAR_H 1
| #define HAVE_STDBOOL_H 1
| #define HAVE_SYS_PARAM_H 1
| #define HAVE_THREADS_H 1
| #define HAVE_SYS_TIME_H 1
| #define STDC_HEADERS 1
| #define _ALL_SOURCE 1
| #define _DARWIN_C_SOURCE 1
| #define _GNU_SOURCE 1
| #define _HPUX_ALT_XOPEN_SOCKET_API 1
| #define _NETBSD_SOURCE 1
| #define _OPENBSD_SOURCE 1
| #define _POSIX_PTHREAD_SEMANTICS 1
| #define __STDC_WANT_IEC_60559_ATTRIBS_EXT__ 1
| #define __STDC_WANT_IEC_60559_BFP_EXT__ 1
| #define __STDC_WANT_IEC_60559_DFP_EXT__ 1
| #define __STDC_WANT_IEC_60559_FUNCS_EXT__ 1
| #define __STDC_WANT_IEC_60559_TYPES_EXT__ 1
| #define __STDC_WANT_LIB_EXT2__ 1
| #define __STDC_WANT_MATH_SPEC_FUNCS__ 1
| #define _TANDEM_SOURCE 1
| #define __EXTENSIONS__ 1
| #define READLINE 1
| #define HISTORY 1
| #define BANG_HISTORY 1
| #define HAVE_STRINGIZE 1
| #define HAVE_LONG_DOUBLE 1
| #define restrict __restrict__
| #define HAVE_VISIBILITY 1
| #define HAVE_STDINT_H_WITH_UINTMAX 1
| #define HAVE_ALLOCA_H 1
| #define HAVE_ALLOCA 1
| #define HAVE_GETPAGESIZE 1
| #define HAVE_SYMLINK 1
| #define HAVE_USELOCALE 1
| #define HAVE_VPRINTF 1
| #define HAVE_ALARM 1
| #define HAVE___FPURGE 1
| #define HAVE_SNPRINTF 1
| #define HAVE_VSNPRINTF 1
| #define HAVE_MMAP 1
| #define INTDIV0_RAISES_SIGFPE 1
| #define HAVE_INTTYPES_H_WITH_UINTMAX 1
| #define HAVE_UNSIGNED_LONG_LONG_INT 1
| #define HAVE_UINTMAX_T 1
| #define HAVE_WEAK_SYMBOLS 1
| #define HAVE_PTHREAD_API 1
| #define USE_POSIX_THREADS 1
| #define USE_POSIX_THREADS_FROM_LIBC 1
| #define HAVE_PTHREAD_RWLOCK 1
| #define HAVE_PTHREAD_MUTEX_RECURSIVE 1
| #define HAVE_ICONV 1
| #define ICONV_CONST 
| #define HAVE_BUILTIN_EXPECT 1
| #define HAVE_INTTYPES_H 1
| #define HAVE_UNISTD_H 1
| #define HAVE_SYS_PARAM_H 1
| #define HAVE_GETCWD 1
| #define HAVE_GETEGID 1
| #define HAVE_GETEUID 1
| #define HAVE_GETGID 1
| #define HAVE_GETUID 1
| #define HAVE_MEMPCPY 1
| #define HAVE_MUNMAP 1
| #define HAVE_STPCPY 1
| #define HAVE_STRCASECMP 1
| #define HAVE_TSEARCH 1
| #define HAVE___FSETLOCKING 1
| #define HAVE_DECL_FEOF_UNLOCKED 1
| #define HAVE_DECL_FGETS_UNLOCKED 1
| #define HAVE_LOCALECONV 1
| #define HAVE_LONG_LONG_INT 1
| #define HAVE_WCHAR_T 1
| #define HAVE_WINT_T 1
| #define HAVE_INTMAX_T 1
| #define HAVE_POSIX_PRINTF 1
| #define HAVE_STDINT_H 1
| #define HAVE_STDINT_H 1
| #define HAVE_WORKING_O_NOATIME 0
| #define HAVE_WORKING_O_NOFOLLOW 0
| #define HAVE_WORKING_USELOCALE 1
| #define HAVE_GOOD_USELOCALE 1
| #define FLEXIBLE_ARRAY_MEMBER /**/
| #define HAVE_FEATURES_H 1
| #define HAVE_STDDEF_H 1
| #define HAVE_STDLIB_H 1
| #define HAVE_STRING_H 1
| #define HAVE_ASPRINTF 1
| #define HAVE_WPRINTF 1
| #define HAVE_NEWLOCALE 1
| #define HAVE_PUTENV 1
| #define HAVE_SETENV 1
| #define HAVE_SNPRINTF 1
| #define HAVE_STRNLEN 1
| #define HAVE_USELOCALE 1
| #define HAVE_WCSLEN 1
| #define HAVE_WCSNLEN 1
| #define HAVE_MBRTOWC 1
| #define HAVE_WCRTOMB 1
| #define HAVE_DECL__SNPRINTF 0
| #define HAVE_DECL__SNWPRINTF 0
| #define HAVE_DECL_GETC_UNLOCKED 1
| #define HAVE_NL_LANGINFO 1
| #define HAVE_LANGINFO_CODESET 1
| #define HAVE_LC_MESSAGES 1
| #define ENABLE_NLS 1
| #define HAVE_GETTEXT 1
| #define HAVE_DCGETTEXT 1
| #define HAVE_DIRENT_H 1
| #define MAJOR_IN_SYSMACROS 1
| #define HAVE_INTTYPES_H 1
| #define HAVE_UNISTD_H 1
| #define HAVE_STDLIB_H 1
| #define HAVE_LIMITS_H 1
| #define HAVE_STRING_H 1
| #define HAVE_MEMORY_H 1
| #define HAVE_LOCALE_H 1
| #define HAVE_TERMCAP_H 1
| #define HAVE_TERMIO_H 1
| #define HAVE_TERMIOS_H 1
| #define HAVE_DLFCN_H 1
| #define HAVE_STDDEF_H 1
| #define HAVE_STDINT_H 1
| #define HAVE_NETDB_H 1
| #define HAVE_PWD_H 1
| #define HAVE_GRP_H 1
| #define HAVE_STRINGS_H 1
| #define HAVE_REGEX_H 1
| #define HAVE_SYSLOG_H 1
| #define HAVE_ULIMIT_H 1
| #define HAVE_SYS_SELECT_H 1
| #define HAVE_SYS_FILE_H 1
| #define HAVE_SYS_IOCTL_H 1
| #define HAVE_SYS_MMAN_H 1
| #define HAVE_SYS_PARAM_H 1
| #define HAVE_SYS_RANDOM_H 1
| #define HAVE_SYS_SOCKET_H 1
| #define HAVE_SYS_STAT_H 1
| #define HAVE_SYS_TIME_H 1
| #define HAVE_SYS_TIMES_H 1
| #define HAVE_SYS_TYPES_H 1
| #define HAVE_SYS_WAIT_H 1
| #define HAVE_NETINET_IN_H 1
| #define HAVE_ARPA_INET_H 1
| #define HAVE_SYS_RESOURCE_H 1
| #define HAVE_ALLOCA_H 1
| #define HAVE_ALLOCA 1
| #define HAVE_CHOWN 1
| #define GETPGRP_VOID 1
| #define HAVE_STRCOLL 1
| #define HAVE_WAIT3 1
| #define HAVE_MKFIFO 1
| #define HAVE_DUP2 1
| #define HAVE_EACCESS 1
| #define HAVE_FCNTL 1
| #define HAVE_GETDTABLESIZE 1
| #define HAVE_GETENTROPY 1
| #define HAVE_GETGROUPS 1
| #define HAVE_GETHOSTNAME 1
| #define HAVE_GETPAGESIZE 1
| #define HAVE_GETPEERNAME 1
| #define HAVE_GETRANDOM 1
| #define HAVE_GETRLIMIT 1
| #define HAVE_GETRUSAGE 1
| #define HAVE_GETTIMEOFDAY 1
| #define HAVE_KILL 1
| #define HAVE_KILLPG 1
| #define HAVE_LSTAT 1
| #define HAVE_NANOSLEEP 1
| #define HAVE_PSELECT 1
| #define HAVE_READLINK 1
| #define HAVE_SELECT 1
| #define HAVE_SETITIMER 1
| #define HAVE_STATFS 1
| #define HAVE_TCGETPGRP 1
| #define HAVE_UNAME 1
| #define HAVE_ULIMIT 1
| #define HAVE_WAITPID 1
| #define HAVE_RENAME 1
| #define HAVE_BCOPY 1
| #define HAVE_BZERO 1
| #define HAVE_CLOCK_GETTIME 1
| #define HAVE_CONFSTR 1
| #define HAVE_FACCESSAT 1
| #define HAVE_FNMATCH 1
| #define HAVE_GETADDRINFO 1
| #define HAVE_GETHOSTBYNAME 1
| #define HAVE_GETSERVBYNAME 1
| #define HAVE_GETSERVENT 1
| #define HAVE_INET_ATON 1
| #define HAVE_IMAXDIV 1
| #define HAVE_MEMMOVE 1
| #define HAVE_PATHCONF 1
| #define HAVE_PUTENV 1
| #define HAVE_RAISE 1
| #define HAVE_RANDOM 1
| #define HAVE_REGCOMP 1
| #define HAVE_REGEXEC 1
| #define HAVE_SETENV 1
| #define HAVE_SETLINEBUF 1
| #define HAVE_SETLOCALE 1
| #define HAVE_SETVBUF 1
| #define HAVE_SIGINTERRUPT 1
| #define HAVE_STRCHR 1
| #define HAVE_SYSCONF 1
| #define HAVE_SYSLOG 1
| #define HAVE_TCGETATTR 1
| #define HAVE_TIMES 1
| #define HAVE_TTYNAME 1
| #define HAVE_TZSET 1
| #define HAVE_UNSETENV 1
| #define HAVE_VASPRINTF 1
| #define HAVE_ASPRINTF 1
| #define HAVE_ISASCII 1
| #define HAVE_ISBLANK 1
| #define HAVE_ISGRAPH 1
| #define HAVE_ISPRINT 1
| #define HAVE_ISSPACE 1
| #define HAVE_ISXDIGIT 1
| #define HAVE_GETPWENT 1
| #define HAVE_GETPWNAM 1
| #define HAVE_GETPWUID 1
| #define HAVE_MKSTEMP 1
| #define HAVE_MKDTEMP 1
| #define HAVE_ARC4RANDOM 1
| #define HAVE_STRLCAT 1
| #define HAVE_MEMFD_CREATE 1
| #define HAVE_SHM_OPEN 1
| #define HAVE_GETCWD 1
| #define HAVE_MEMSET 1
| #define HAVE_STRCASECMP 1
| #define HAVE_STRCASESTR 1
| #define HAVE_STRERROR 1
| #define HAVE_STRFTIME 1
| #define HAVE_STRNLEN 1
| #define HAVE_STRPBRK 1
| #define HAVE_STRSTR 1
| #define HAVE_STRTOD 1
| #define HAVE_STRTOL 1
| #define HAVE_STRTOUL 1
| #define HAVE_STRTOLL 1
| #define HAVE_STRTOULL 1
| #define HAVE_STRTOUMAX 1
| #define HAVE_DPRINTF 1
| #define HAVE_STRDUP 1
| #define HAVE_STRLCPY 1
| #define HAVE_REALLOCARRAY 1
| #define HAVE_DECL_AUDIT_USER_TTY 1
| #define HAVE_DECL_CONFSTR 1
| #define HAVE_DECL_PRINTF 1
| #define HAVE_DECL_BRK 1
| #define HAVE_DECL_SBRK 1
| #define HAVE_DECL_SETREGID 1
| #define HAVE_DECL_STRCPY 1
| #define HAVE_DECL_STRSIGNAL 1
| #define HAVE_SETRESUID 1
| #define HAVE_SETRESGID 1
| #define HAVE_DECL_STRTOLD 1
| #define HAVE_DECL_STRTOL 1
| #define HAVE_DECL_STRTOLL 1
| #define HAVE_DECL_STRTOUL 1
| #define HAVE_DECL_STRTOULL 1
| #define HAVE_DECL_STRTOUMAX 1
| #define HAVE_ARGZ_H 1
| #define HAVE_ERRNO_H 1
| #define HAVE_FCNTL_H 1
| #define HAVE_MALLOC_H 1
| #define HAVE_STDIO_EXT_H 1
| #define HAVE_MALLOC 1
| #define HAVE_MMAP 1
| #define HAVE___ARGZ_COUNT 1
| #define HAVE___ARGZ_NEXT 1
| #define HAVE___ARGZ_STRINGIFY 1
| #define HAVE_DCGETTEXT 1
| #define HAVE_MEMPCPY 1
| #define HAVE_MUNMAP 1
| #define HAVE_MREMAP 1
| #define HAVE_STPCPY 1
| #define HAVE_STRCSPN 1
| #define HAVE_WCTYPE_H 1
| #define HAVE_WCHAR_H 1
| #define HAVE_LANGINFO_H 1
| #define HAVE_MBRLEN 1
| /* end confdefs.h.  */
| /* Define mbsncmp to an innocuous variant, in case <limits.h> declares mbsncmp.
|    For example, HP-UX 11i <limits.h> declares gettimeofday.  */
| #define mbsncmp innocuous_mbsncmp
| 
| /* System header to define __stub macros and hopefully few prototypes,
|    which can conflict with char mbsncmp (); below.  */
| 
| #include <limits.h>
| #undef mbsncmp
| 
| /* Override any GCC internal prototype to avoid an error.
|    Use char because int might match the return type of a GCC
|    builtin and then its argument prototype would still apply.  */
| #ifdef __cplusplus
| extern "C"
| #endif
| char mbsncmp ();
| /* The GNU C library defines this for functions which it implements
|     to always fail with ENOSYS.  Some functions are actually named
|     something starting with __ and the normal name is an alias.  */
| #if defined __stub_mbsncmp || defined __stub___mbsncmp
| choke me
| #endif
| 
| int
| main (void)
| {
| return mbsncmp ();
|   ;
|   return 0;
| }
configure:16758: result: no
configure:16765: checking for mbsnrtowcs
configure:16765: gcc -o conftest -g -O2   conftest.c  >&5
configure:16765: $? = 0
configure:16765: result: yes
configure:16772: checking for mbsrtowcs
configure:16772: gcc -o conftest -g -O2   conftest.c  >&5
configure:16772: $? = 0
configure:16772: result: yes
configure:16780: checking for mbschr
configure:16780: gcc -o conftest -g -O2   conftest.c  >&5
/usr/bin/ld: /tmp/ccjz2UGx.o: in function `main':
/root/boiler/example_repos/bash/before/conftest.c:358:(.text.startup+0xb): undefined reference to `mbschr'
collect2: error: ld returned 1 exit status
configure:16780: $? = 1
configure: failed program was:
| /* confdefs.h */
| #define PACKAGE_NAME "bash"
| #define PACKAGE_TARNAME "bash"
| #define PACKAGE_VERSION "5.3-release"
| #define PACKAGE_STRING "bash 5.3-release"
| #define PACKAGE_BUGREPORT "bug-bash@gnu.org"
| #define PACKAGE_URL ""
| #define USING_BASH_MALLOC 1
| #define ALIAS 1
| #define PUSHD_AND_POPD 1
| #define RESTRICTED_SHELL 1
| #define PROCESS_SUBSTITUTION 1
| #define PROMPT_STRING_DECODE 1
| #define SELECT_COMMAND 1
| #define HELP_BUILTIN 1
| #define ARRAY_VARS 1
| #define DPAREN_ARITHMETIC 1
| #define BRACE_EXPANSION 1
| #define COMMAND_TIMING 1
| #define EXTENDED_GLOB 1
| #define EXTGLOB_DEFAULT 0
| #define COND_COMMAND 1
| #define COND_REGEXP 1
| #define COPROCESS_SUPPORT 1
| #define ARITH_FOR_COMMAND 1
| #define NETWORK_REDIRECTIONS 1
| #define PROGRAMMABLE_COMPLETION 1
| #define DEBUGGER 1
| #define CASEMOD_ATTRS 1
| #define CASEMOD_EXPANSIONS 1
| #define GLOBASCII_DEFAULT 1
| #define FUNCTION_IMPORT 1
| #define TRANSLATABLE_STRINGS 1
| #define BASH_SOURCE_FULLPATH_DEFAULT 0
| #define MEMSCRAMBLE 1
| #define HAVE_STDIO_H 1
| #define HAVE_STDLIB_H 1
| #define HAVE_STRING_H 1
| #define HAVE_INTTYPES_H 1
| #define HAVE_STDINT_H 1
| #define HAVE_STRINGS_H 1
| #define HAVE_SYS_STAT_H 1
| #define HAVE_SYS_TYPES_H 1
| #define HAVE_UNISTD_H 1
| #define HAVE_WCHAR_H 1
| #define HAVE_STDBOOL_H 1
| #define HAVE_SYS_PARAM_H 1
| #define HAVE_THREADS_H 1
| #define HAVE_SYS_TIME_H 1
| #define STDC_HEADERS 1
| #define _ALL_SOURCE 1
| #define _DARWIN_C_SOURCE 1
| #define _GNU_SOURCE 1
| #define _HPUX_ALT_XOPEN_SOCKET_API 1
| #define _NETBSD_SOURCE 1
| #define _OPENBSD_SOURCE 1
| #define _POSIX_PTHREAD_SEMANTICS 1
| #define __STDC_WANT_IEC_60559_ATTRIBS_EXT__ 1
| #define __STDC_WANT_IEC_60559_BFP_EXT__ 1
| #define __STDC_WANT_IEC_60559_DFP_EXT__ 1
| #define __STDC_WANT_IEC_60559_FUNCS_EXT__ 1
| #define __STDC_WANT_IEC_60559_TYPES_EXT__ 1
| #define __STDC_WANT_LIB_EXT2__ 1
| #define __STDC_WANT_MATH_SPEC_FUNCS__ 1
| #define _TANDEM_SOURCE 1
| #define __EXTENSIONS__ 1
| #define READLINE 1
| #define HISTORY 1
| #define BANG_HISTORY 1
| #define HAVE_STRINGIZE 1
| #define HAVE_LONG_DOUBLE 1
| #define restrict __restrict__
| #define HAVE_VISIBILITY 1
| #define HAVE_STDINT_H_WITH_UINTMAX 1
| #define HAVE_ALLOCA_H 1
| #define HAVE_ALLOCA 1
| #define HAVE_GETPAGESIZE 1
| #define HAVE_SYMLINK 1
| #define HAVE_USELOCALE 1
| #define HAVE_VPRINTF 1
| #define HAVE_ALARM 1
| #define HAVE___FPURGE 1
| #define HAVE_SNPRINTF 1
| #define HAVE_VSNPRINTF 1
| #define HAVE_MMAP 1
| #define INTDIV0_RAISES_SIGFPE 1
| #define HAVE_INTTYPES_H_WITH_UINTMAX 1
| #define HAVE_UNSIGNED_LONG_LONG_INT 1
| #define HAVE_UINTMAX_T 1
| #define HAVE_WEAK_SYMBOLS 1
| #define HAVE_PTHREAD_API 1
| #define USE_POSIX_THREADS 1
| #define USE_POSIX_THREADS_FROM_LIBC 1
| #define HAVE_PTHREAD_RWLOCK 1
| #define HAVE_PTHREAD_MUTEX_RECURSIVE 1
| #define HAVE_ICONV 1
| #define ICONV_CONST 
| #define HAVE_BUILTIN_EXPECT 1
| #define HAVE_INTTYPES_H 1
| #define HAVE_UNISTD_H 1
| #define HAVE_SYS_PARAM_H 1
| #define HAVE_GETCWD 1
| #define HAVE_GETEGID 1
| #define HAVE_GETEUID 1
| #define HAVE_GETGID 1
| #define HAVE_GETUID 1
| #define HAVE_MEMPCPY 1
| #define HAVE_MUNMAP 1
| #define HAVE_STPCPY 1
| #define HAVE_STRCASECMP 1
| #define HAVE_TSEARCH 1
| #define HAVE___FSETLOCKING 1
| #define HAVE_DECL_FEOF_UNLOCKED 1
| #define HAVE_DECL_FGETS_UNLOCKED 1
| #define HAVE_LOCALECONV 1
| #define HAVE_LONG_LONG_INT 1
| #define HAVE_WCHAR_T 1
| #define HAVE_WINT_T 1
| #define HAVE_INTMAX_T 1
| #define HAVE_POSIX_PRINTF 1
| #define HAVE_STDINT_H 1
| #define HAVE_STDINT_H 1
| #define HAVE_WORKING_O_NOATIME 0
| #define HAVE_WORKING_O_NOFOLLOW 0
| #define HAVE_WORKING_USELOCALE 1
| #define HAVE_GOOD_USELOCALE 1
| #define FLEXIBLE_ARRAY_MEMBER /**/
| #define HAVE_FEATURES_H 1
| #define HAVE_STDDEF_H 1
| #define HAVE_STDLIB_H 1
| #define HAVE_STRING_H 1
| #define HAVE_ASPRINTF 1
| #define HAVE_WPRINTF 1
| #define HAVE_NEWLOCALE 1
| #define HAVE_PUTENV 1
| #define HAVE_SETENV 1
| #define HAVE_SNPRINTF 1
| #define HAVE_STRNLEN 1
| #define HAVE_USELOCALE 1
| #define HAVE_WCSLEN 1
| #define HAVE_WCSNLEN 1
| #define HAVE_MBRTOWC 1
| #define HAVE_WCRTOMB 1
| #define HAVE_DECL__SNPRINTF 0
| #define HAVE_DECL__SNWPRINTF 0
| #define HAVE_DECL_GETC_UNLOCKED 1
| #define HAVE_NL_LANGINFO 1
| #define HAVE_LANGINFO_CODESET 1
| #define HAVE_LC_MESSAGES 1
| #define ENABLE_NLS 1
| #define HAVE_GETTEXT 1
| #define HAVE_DCGETTEXT 1
| #define HAVE_DIRENT_H 1
| #define MAJOR_IN_SYSMACROS 1
| #define HAVE_INTTYPES_H 1
| #define HAVE_UNISTD_H 1
| #define HAVE_STDLIB_H 1
| #define HAVE_LIMITS_H 1
| #define HAVE_STRING_H 1
| #define HAVE_MEMORY_H 1
| #define HAVE_LOCALE_H 1
| #define HAVE_TERMCAP_H 1
| #define HAVE_TERMIO_H 1
| #define HAVE_TERMIOS_H 1
| #define HAVE_DLFCN_H 1
| #define HAVE_STDDEF_H 1
| #define HAVE_STDINT_H 1
| #define HAVE_NETDB_H 1
| #define HAVE_PWD_H 1
| #define HAVE_GRP_H 1
| #define HAVE_STRINGS_H 1
| #define HAVE_REGEX_H 1
| #define HAVE_SYSLOG_H 1
| #define HAVE_ULIMIT_H 1
| #define HAVE_SYS_SELECT_H 1
| #define HAVE_SYS_FILE_H 1
| #define HAVE_SYS_IOCTL_H 1
| #define HAVE_SYS_MMAN_H 1
| #define HAVE_SYS_PARAM_H 1
| #define HAVE_SYS_RANDOM_H 1
| #define HAVE_SYS_SOCKET_H 1
| #define HAVE_SYS_STAT_H 1
| #define HAVE_SYS_TIME_H 1
| #define HAVE_SYS_TIMES_H 1
| #define HAVE_SYS_TYPES_H 1
| #define HAVE_SYS_WAIT_H 1
| #define HAVE_NETINET_IN_H 1
| #define HAVE_ARPA_INET_H 1
| #define HAVE_SYS_RESOURCE_H 1
| #define HAVE_ALLOCA_H 1
| #define HAVE_ALLOCA 1
| #define HAVE_CHOWN 1
| #define GETPGRP_VOID 1
| #define HAVE_STRCOLL 1
| #define HAVE_WAIT3 1
| #define HAVE_MKFIFO 1
| #define HAVE_DUP2 1
| #define HAVE_EACCESS 1
| #define HAVE_FCNTL 1
| #define HAVE_GETDTABLESIZE 1
| #define HAVE_GETENTROPY 1
| #define HAVE_GETGROUPS 1
| #define HAVE_GETHOSTNAME 1
| #define HAVE_GETPAGESIZE 1
| #define HAVE_GETPEERNAME 1
| #define HAVE_GETRANDOM 1
| #define HAVE_GETRLIMIT 1
| #define HAVE_GETRUSAGE 1
| #define HAVE_GETTIMEOFDAY 1
| #define HAVE_KILL 1
| #define HAVE_KILLPG 1
| #define HAVE_LSTAT 1
| #define HAVE_NANOSLEEP 1
| #define HAVE_PSELECT 1
| #define HAVE_READLINK 1
| #define HAVE_SELECT 1
| #define HAVE_SETITIMER 1
| #define HAVE_STATFS 1
| #define HAVE_TCGETPGRP 1
| #define HAVE_UNAME 1
| #define HAVE_ULIMIT 1
| #define HAVE_WAITPID 1
| #define HAVE_RENAME 1
| #define HAVE_BCOPY 1
| #define HAVE_BZERO 1
| #define HAVE_CLOCK_GETTIME 1
| #define HAVE_CONFSTR 1
| #define HAVE_FACCESSAT 1
| #define HAVE_FNMATCH 1
| #define HAVE_GETADDRINFO 1
| #define HAVE_GETHOSTBYNAME 1
| #define HAVE_GETSERVBYNAME 1
| #define HAVE_GETSERVENT 1
| #define HAVE_INET_ATON 1
| #define HAVE_IMAXDIV 1
| #define HAVE_MEMMOVE 1
| #define HAVE_PATHCONF 1
| #define HAVE_PUTENV 1
| #define HAVE_RAISE 1
| #define HAVE_RANDOM 1
| #define HAVE_REGCOMP 1
| #define HAVE_REGEXEC 1
| #define HAVE_SETENV 1
| #define HAVE_SETLINEBUF 1
| #define HAVE_SETLOCALE 1
| #define HAVE_SETVBUF 1
| #define HAVE_SIGINTERRUPT 1
| #define HAVE_STRCHR 1
| #define HAVE_SYSCONF 1
| #define HAVE_SYSLOG 1
| #define HAVE_TCGETATTR 1
| #define HAVE_TIMES 1
| #define HAVE_TTYNAME 1
| #define HAVE_TZSET 1
| #define HAVE_UNSETENV 1
| #define HAVE_VASPRINTF 1
| #define HAVE_ASPRINTF 1
| #define HAVE_ISASCII 1
| #define HAVE_ISBLANK 1
| #define HAVE_ISGRAPH 1
| #define HAVE_ISPRINT 1
| #define HAVE_ISSPACE 1
| #define HAVE_ISXDIGIT 1
| #define HAVE_GETPWENT 1
| #define HAVE_GETPWNAM 1
| #define HAVE_GETPWUID 1
| #define HAVE_MKSTEMP 1
| #define HAVE_MKDTEMP 1
| #define HAVE_ARC4RANDOM 1
| #define HAVE_STRLCAT 1
| #define HAVE_MEMFD_CREATE 1
| #define HAVE_SHM_OPEN 1
| #define HAVE_GETCWD 1
| #define HAVE_MEMSET 1
| #define HAVE_STRCASECMP 1
| #define HAVE_STRCASESTR 1
| #define HAVE_STRERROR 1
| #define HAVE_STRFTIME 1
| #define HAVE_STRNLEN 1
| #define HAVE_STRPBRK 1
| #define HAVE_STRSTR 1
| #define HAVE_STRTOD 1
| #define HAVE_STRTOL 1
| #define HAVE_STRTOUL 1
| #define HAVE_STRTOLL 1
| #define HAVE_STRTOULL 1
| #define HAVE_STRTOUMAX 1
| #define HAVE_DPRINTF 1
| #define HAVE_STRDUP 1
| #define HAVE_STRLCPY 1
| #define HAVE_REALLOCARRAY 1
| #define HAVE_DECL_AUDIT_USER_TTY 1
| #define HAVE_DECL_CONFSTR 1
| #define HAVE_DECL_PRINTF 1
| #define HAVE_DECL_BRK 1
| #define HAVE_DECL_SBRK 1
| #define HAVE_DECL_SETREGID 1
| #define HAVE_DECL_STRCPY 1
| #define HAVE_DECL_STRSIGNAL 1
| #define HAVE_SETRESUID 1
| #define HAVE_SETRESGID 1
| #define HAVE_DECL_STRTOLD 1
| #define HAVE_DECL_STRTOL 1
| #define HAVE_DECL_STRTOLL 1
| #define HAVE_DECL_STRTOUL 1
| #define HAVE_DECL_STRTOULL 1
| #define HAVE_DECL_STRTOUMAX 1
| #define HAVE_ARGZ_H 1
| #define HAVE_ERRNO_H 1
| #define HAVE_FCNTL_H 1
| #define HAVE_MALLOC_H 1
| #define HAVE_STDIO_EXT_H 1
| #define HAVE_MALLOC 1
| #define HAVE_MMAP 1
| #define HAVE___ARGZ_COUNT 1
| #define HAVE___ARGZ_NEXT 1
| #define HAVE___ARGZ_STRINGIFY 1
| #define HAVE_DCGETTEXT 1
| #define HAVE_MEMPCPY 1
| #define HAVE_MUNMAP 1
| #define HAVE_MREMAP 1
| #define HAVE_STPCPY 1
| #define HAVE_STRCSPN 1
| #define HAVE_WCTYPE_H 1
| #define HAVE_WCHAR_H 1
| #define HAVE_LANGINFO_H 1
| #define HAVE_MBRLEN 1
| #define HAVE_MBSNRTOWCS 1
| #define HAVE_MBSRTOWCS 1
| /* end confdefs.h.  */
| /* Define mbschr to an innocuous variant, in case <limits.h> declares mbschr.
|    For example, HP-UX 11i <limits.h> declares gettimeofday.  */
| #define mbschr innocuous_mbschr
| 
| /* System header to define __stub macros and hopefully few prototypes,
|    which can conflict with char mbschr (); below.  */
| 
| #include <limits.h>
| #undef mbschr
| 
| /* Override any GCC internal prototype to avoid an error.
|    Use char because int might match the return type of a GCC
|    builtin and then its argument prototype would still apply.  */
| #ifdef __cplusplus
| extern "C"
| #endif
| char mbschr ();
| /* The GNU C library defines this for functions which it implements
|     to always fail with ENOSYS.  Some functions are actually named
|     something starting with __ and the normal name is an alias.  */
| #if defined __stub_mbschr || defined __stub___mbschr
| choke me
| #endif
| 
| int
| main (void)
| {
| return mbschr ();
|   ;
|   return 0;
| }
configure:16780: result: no
configure:16795: checking for wcrtomb
configure:16795: result: yes
configure:16802: checking for wcscoll
configure:16802: gcc -o conftest -g -O2   conftest.c  >&5
configure:16802: $? = 0
configure:16802: result: yes
configure:16809: checking for wcsdup
configure:16809: gcc -o conftest -g -O2   conftest.c  >&5
configure:16809: $? = 0
configure:16809: result: yes
configure:16816: checking for wcwidth
configure:16816: gcc -o conftest -g -O2   conftest.c  >&5
configure:16816: $? = 0
configure:16816: result: yes
configure:16823: checking for wctype
configure:16823: gcc -o conftest -g -O2   conftest.c  >&5
configure:16823: $? = 0
configure:16823: result: yes
configure:16830: checking for wcsnrtombs
configure:16830: gcc -o conftest -g -O2   conftest.c  >&5
configure:16830: $? = 0
configure:16830: result: yes
configure:16838: checking for wcswidth
configure:16838: gcc -o conftest -g -O2   conftest.c  >&5
configure:16838: $? = 0
configure:16838: result: yes
configure:16854: checking whether mbrtowc and mbstate_t are properly declared
configure:16884: result: yes
configure:16897: checking for iswlower
configure:16897: gcc -o conftest -g -O2   conftest.c  >&5
conftest.c:356:6: warning: conflicting types for built-in function 'iswlower'; expected 'int(unsigned int)' [-Wbuiltin-declaration-mismatch]
  356 | char iswlower ();
      |      ^~~~~~~~
conftest.c:348:1: note: 'iswlower' is declared in header '<wctype.h>'
  347 | #include <limits.h>
  348 | #undef iswlower
configure:16897: $? = 0
configure:16897: result: yes
configure:16903: checking for iswupper
configure:16903: gcc -o conftest -g -O2   conftest.c  >&5
conftest.c:357:6: warning: conflicting types for built-in function 'iswupper'; expected 'int(unsigned int)' [-Wbuiltin-declaration-mismatch]
  357 | char iswupper ();
      |      ^~~~~~~~
conftest.c:349:1: note: 'iswupper' is declared in header '<wctype.h>'
  348 | #include <limits.h>
  349 | #undef iswupper
configure:16903: $? = 0
configure:16903: result: yes
configure:16909: checking for towlower
configure:16909: gcc -o conftest -g -O2   conftest.c  >&5
conftest.c:358:6: warning: conflicting types for built-in function 'towlower'; expected 'unsigned int(unsigned int)' [-Wbuiltin-declaration-mismatch]
  358 | char towlower ();
      |      ^~~~~~~~
conftest.c:350:1: note: 'towlower' is declared in header '<wctype.h>'
  349 | #include <limits.h>
  350 | #undef towlower
configure:16909: $? = 0
configure:16909: result: yes
configure:16915: checking for towupper
configure:16915: gcc -o conftest -g -O2   conftest.c  >&5
conftest.c:359:6: warning: conflicting types for built-in function 'towupper'; expected 'unsigned int(unsigned int)' [-Wbuiltin-declaration-mismatch]
  359 | char towupper ();
      |      ^~~~~~~~
conftest.c:351:1: note: 'towupper' is declared in header '<wctype.h>'
  350 | #include <limits.h>
  351 | #undef towupper
configure:16915: $? = 0
configure:16915: result: yes
configure:16921: checking for iswctype
configure:16921: gcc -o conftest -g -O2   conftest.c  >&5
configure:16921: $? = 0
configure:16921: result: yes
configure:16931: checking for wchar_t in wchar.h
configure:16952: gcc -c -g -O2  conftest.c >&5
configure:16952: $? = 0
configure:16961: result: yes
configure:16969: checking for wctype_t in wctype.h
configure:16990: gcc -c -g -O2  conftest.c >&5
configure:16990: $? = 0
configure:16999: result: yes
configure:17007: checking for wint_t in wctype.h
configure:17028: gcc -c -g -O2  conftest.c >&5
configure:17028: $? = 0
configure:17037: result: yes
configure:17045: checking for wcwidth broken with unicode combining characters
configure:17080: gcc -o conftest -g -O2   conftest.c  >&5
configure:17080: $? = 0
configure:17080: ./conftest
configure:17080: $? = 1
configure: program exited with status 1
configure: failed program was:
| /* confdefs.h */
| #define PACKAGE_NAME "bash"
| #define PACKAGE_TARNAME "bash"
| #define PACKAGE_VERSION "5.3-release"
| #define PACKAGE_STRING "bash 5.3-release"
| #define PACKAGE_BUGREPORT "bug-bash@gnu.org"
| #define PACKAGE_URL ""
| #define USING_BASH_MALLOC 1
| #define ALIAS 1
| #define PUSHD_AND_POPD 1
| #define RESTRICTED_SHELL 1
| #define PROCESS_SUBSTITUTION 1
| #define PROMPT_STRING_DECODE 1
| #define SELECT_COMMAND 1
| #define HELP_BUILTIN 1
| #define ARRAY_VARS 1
| #define DPAREN_ARITHMETIC 1
| #define BRACE_EXPANSION 1
| #define COMMAND_TIMING 1
| #define EXTENDED_GLOB 1
| #define EXTGLOB_DEFAULT 0
| #define COND_COMMAND 1
| #define COND_REGEXP 1
| #define COPROCESS_SUPPORT 1
| #define ARITH_FOR_COMMAND 1
| #define NETWORK_REDIRECTIONS 1
| #define PROGRAMMABLE_COMPLETION 1
| #define DEBUGGER 1
| #define CASEMOD_ATTRS 1
| #define CASEMOD_EXPANSIONS 1
| #define GLOBASCII_DEFAULT 1
| #define FUNCTION_IMPORT 1
| #define TRANSLATABLE_STRINGS 1
| #define BASH_SOURCE_FULLPATH_DEFAULT 0
| #define MEMSCRAMBLE 1
| #define HAVE_STDIO_H 1
| #define HAVE_STDLIB_H 1
| #define HAVE_STRING_H 1
| #define HAVE_INTTYPES_H 1
| #define HAVE_STDINT_H 1
| #define HAVE_STRINGS_H 1
| #define HAVE_SYS_STAT_H 1
| #define HAVE_SYS_TYPES_H 1
| #define HAVE_UNISTD_H 1
| #define HAVE_WCHAR_H 1
| #define HAVE_STDBOOL_H 1
| #define HAVE_SYS_PARAM_H 1
| #define HAVE_THREADS_H 1
| #define HAVE_SYS_TIME_H 1
| #define STDC_HEADERS 1
| #define _ALL_SOURCE 1
| #define _DARWIN_C_SOURCE 1
| #define _GNU_SOURCE 1
| #define _HPUX_ALT_XOPEN_SOCKET_API 1
| #define _NETBSD_SOURCE 1
| #define _OPENBSD_SOURCE 1
| #define _POSIX_PTHREAD_SEMANTICS 1
| #define __STDC_WANT_IEC_60559_ATTRIBS_EXT__ 1
| #define __STDC_WANT_IEC_60559_BFP_EXT__ 1
| #define __STDC_WANT_IEC_60559_DFP_EXT__ 1
| #define __STDC_WANT_IEC_60559_FUNCS_EXT__ 1
| #define __STDC_WANT_IEC_60559_TYPES_EXT__ 1
| #define __STDC_WANT_LIB_EXT2__ 1
| #define __STDC_WANT_MATH_SPEC_FUNCS__ 1
| #define _TANDEM_SOURCE 1
| #define __EXTENSIONS__ 1
| #define READLINE 1
| #define HISTORY 1
| #define BANG_HISTORY 1
| #define HAVE_STRINGIZE 1
| #define HAVE_LONG_DOUBLE 1
| #define restrict __restrict__
| #define HAVE_VISIBILITY 1
| #define HAVE_STDINT_H_WITH_UINTMAX 1
| #define HAVE_ALLOCA_H 1
| #define HAVE_ALLOCA 1
| #define HAVE_GETPAGESIZE 1
| #define HAVE_SYMLINK 1
| #define HAVE_USELOCALE 1
| #define HAVE_VPRINTF 1
| #define HAVE_ALARM 1
| #define HAVE___FPURGE 1
| #define HAVE_SNPRINTF 1
| #define HAVE_VSNPRINTF 1
| #define HAVE_MMAP 1
| #define INTDIV0_RAISES_SIGFPE 1
| #define HAVE_INTTYPES_H_WITH_UINTMAX 1
| #define HAVE_UNSIGNED_LONG_LONG_INT 1
| #define HAVE_UINTMAX_T 1
| #define HAVE_WEAK_SYMBOLS 1
| #define HAVE_PTHREAD_API 1
| #define USE_POSIX_THREADS 1
| #define USE_POSIX_THREADS_FROM_LIBC 1
| #define HAVE_PTHREAD_RWLOCK 1
| #define HAVE_PTHREAD_MUTEX_RECURSIVE 1
| #define HAVE_ICONV 1
| #define ICONV_CONST 
| #define HAVE_BUILTIN_EXPECT 1
| #define HAVE_INTTYPES_H 1
| #define HAVE_UNISTD_H 1
| #define HAVE_SYS_PARAM_H 1
| #define HAVE_GETCWD 1
| #define HAVE_GETEGID 1
| #define HAVE_GETEUID 1
| #define HAVE_GETGID 1
| #define HAVE_GETUID 1
| #define HAVE_MEMPCPY 1
| #define HAVE_MUNMAP 1
| #define HAVE_STPCPY 1
| #define HAVE_STRCASECMP 1
| #define HAVE_TSEARCH 1
| #define HAVE___FSETLOCKING 1
| #define HAVE_DECL_FEOF_UNLOCKED 1
| #define HAVE_DECL_FGETS_UNLOCKED 1
| #define HAVE_LOCALECONV 1
| #define HAVE_LONG_LONG_INT 1
| #define HAVE_WCHAR_T 1
| #define HAVE_WINT_T 1
| #define HAVE_INTMAX_T 1
| #define HAVE_POSIX_PRINTF 1
| #define HAVE_STDINT_H 1
| #define HAVE_STDINT_H 1
| #define HAVE_WORKING_O_NOATIME 0
| #define HAVE_WORKING_O_NOFOLLOW 0
| #define HAVE_WORKING_USELOCALE 1
| #define HAVE_GOOD_USELOCALE 1
| #define FLEXIBLE_ARRAY_MEMBER /**/
| #define HAVE_FEATURES_H 1
| #define HAVE_STDDEF_H 1
| #define HAVE_STDLIB_H 1
| #define HAVE_STRING_H 1
| #define HAVE_ASPRINTF 1
| #define HAVE_WPRINTF 1
| #define HAVE_NEWLOCALE 1
| #define HAVE_PUTENV 1
| #define HAVE_SETENV 1
| #define HAVE_SNPRINTF 1
| #define HAVE_STRNLEN 1
| #define HAVE_USELOCALE 1
| #define HAVE_WCSLEN 1
| #define HAVE_WCSNLEN 1
| #define HAVE_MBRTOWC 1
| #define HAVE_WCRTOMB 1
| #define HAVE_DECL__SNPRINTF 0
| #define HAVE_DECL__SNWPRINTF 0
| #define HAVE_DECL_GETC_UNLOCKED 1
| #define HAVE_NL_LANGINFO 1
| #define HAVE_LANGINFO_CODESET 1
| #define HAVE_LC_MESSAGES 1
| #define ENABLE_NLS 1
| #define HAVE_GETTEXT 1
| #define HAVE_DCGETTEXT 1
| #define HAVE_DIRENT_H 1
| #define MAJOR_IN_SYSMACROS 1
| #define HAVE_INTTYPES_H 1
| #define HAVE_UNISTD_H 1
| #define HAVE_STDLIB_H 1
| #define HAVE_LIMITS_H 1
| #define HAVE_STRING_H 1
| #define HAVE_MEMORY_H 1
| #define HAVE_LOCALE_H 1
| #define HAVE_TERMCAP_H 1
| #define HAVE_TERMIO_H 1
| #define HAVE_TERMIOS_H 1
| #define HAVE_DLFCN_H 1
| #define HAVE_STDDEF_H 1
| #define HAVE_STDINT_H 1
| #define HAVE_NETDB_H 1
| #define HAVE_PWD_H 1
| #define HAVE_GRP_H 1
| #define HAVE_STRINGS_H 1
| #define HAVE_REGEX_H 1
| #define HAVE_SYSLOG_H 1
| #define HAVE_ULIMIT_H 1
| #define HAVE_SYS_SELECT_H 1
| #define HAVE_SYS_FILE_H 1
| #define HAVE_SYS_IOCTL_H 1
| #define HAVE_SYS_MMAN_H 1
| #define HAVE_SYS_PARAM_H 1
| #define HAVE_SYS_RANDOM_H 1
| #define HAVE_SYS_SOCKET_H 1
| #define HAVE_SYS_STAT_H 1
| #define HAVE_SYS_TIME_H 1
| #define HAVE_SYS_TIMES_H 1
| #define HAVE_SYS_TYPES_H 1
| #define HAVE_SYS_WAIT_H 1
| #define HAVE_NETINET_IN_H 1
| #define HAVE_ARPA_INET_H 1
| #define HAVE_SYS_RESOURCE_H 1
| #define HAVE_ALLOCA_H 1
| #define HAVE_ALLOCA 1
| #define HAVE_CHOWN 1
| #define GETPGRP_VOID 1
| #define HAVE_STRCOLL 1
| #define HAVE_WAIT3 1
| #define HAVE_MKFIFO 1
| #define HAVE_DUP2 1
| #define HAVE_EACCESS 1
| #define HAVE_FCNTL 1
| #define HAVE_GETDTABLESIZE 1
| #define HAVE_GETENTROPY 1
| #define HAVE_GETGROUPS 1
| #define HAVE_GETHOSTNAME 1
| #define HAVE_GETPAGESIZE 1
| #define HAVE_GETPEERNAME 1
| #define HAVE_GETRANDOM 1
| #define HAVE_GETRLIMIT 1
| #define HAVE_GETRUSAGE 1
| #define HAVE_GETTIMEOFDAY 1
| #define HAVE_KILL 1
| #define HAVE_KILLPG 1
| #define HAVE_LSTAT 1
| #define HAVE_NANOSLEEP 1
| #define HAVE_PSELECT 1
| #define HAVE_READLINK 1
| #define HAVE_SELECT 1
| #define HAVE_SETITIMER 1
| #define HAVE_STATFS 1
| #define HAVE_TCGETPGRP 1
| #define HAVE_UNAME 1
| #define HAVE_ULIMIT 1
| #define HAVE_WAITPID 1
| #define HAVE_RENAME 1
| #define HAVE_BCOPY 1
| #define HAVE_BZERO 1
| #define HAVE_CLOCK_GETTIME 1
| #define HAVE_CONFSTR 1
| #define HAVE_FACCESSAT 1
| #define HAVE_FNMATCH 1
| #define HAVE_GETADDRINFO 1
| #define HAVE_GETHOSTBYNAME 1
| #define HAVE_GETSERVBYNAME 1
| #define HAVE_GETSERVENT 1
| #define HAVE_INET_ATON 1
| #define HAVE_IMAXDIV 1
| #define HAVE_MEMMOVE 1
| #define HAVE_PATHCONF 1
| #define HAVE_PUTENV 1
| #define HAVE_RAISE 1
| #define HAVE_RANDOM 1
| #define HAVE_REGCOMP 1
| #define HAVE_REGEXEC 1
| #define HAVE_SETENV 1
| #define HAVE_SETLINEBUF 1
| #define HAVE_SETLOCALE 1
| #define HAVE_SETVBUF 1
| #define HAVE_SIGINTERRUPT 1
| #define HAVE_STRCHR 1
| #define HAVE_SYSCONF 1
| #define HAVE_SYSLOG 1
| #define HAVE_TCGETATTR 1
| #define HAVE_TIMES 1
| #define HAVE_TTYNAME 1
| #define HAVE_TZSET 1
| #define HAVE_UNSETENV 1
| #define HAVE_VASPRINTF 1
| #define HAVE_ASPRINTF 1
| #define HAVE_ISASCII 1
| #define HAVE_ISBLANK 1
| #define HAVE_ISGRAPH 1
| #define HAVE_ISPRINT 1
| #define HAVE_ISSPACE 1
| #define HAVE_ISXDIGIT 1
| #define HAVE_GETPWENT 1
| #define HAVE_GETPWNAM 1
| #define HAVE_GETPWUID 1
| #define HAVE_MKSTEMP 1
| #define HAVE_MKDTEMP 1
| #define HAVE_ARC4RANDOM 1
| #define HAVE_STRLCAT 1
| #define HAVE_MEMFD_CREATE 1
| #define HAVE_SHM_OPEN 1
| #define HAVE_GETCWD 1
| #define HAVE_MEMSET 1
| #define HAVE_STRCASECMP 1
| #define HAVE_STRCASESTR 1
| #define HAVE_STRERROR 1
| #define HAVE_STRFTIME 1
| #define HAVE_STRNLEN 1
| #define HAVE_STRPBRK 1
| #define HAVE_STRSTR 1
| #define HAVE_STRTOD 1
| #define HAVE_STRTOL 1
| #define HAVE_STRTOUL 1
| #define HAVE_STRTOLL 1
| #define HAVE_STRTOULL 1
| #define HAVE_STRTOUMAX 1
| #define HAVE_DPRINTF 1
| #define HAVE_STRDUP 1
| #define HAVE_STRLCPY 1
| #define HAVE_REALLOCARRAY 1
| #define HAVE_DECL_AUDIT_USER_TTY 1
| #define HAVE_DECL_CONFSTR 1
| #define HAVE_DECL_PRINTF 1
| #define HAVE_DECL_BRK 1
| #define HAVE_DECL_SBRK 1
| #define HAVE_DECL_SETREGID 1
| #define HAVE_DECL_STRCPY 1
| #define HAVE_DECL_STRSIGNAL 1
| #define HAVE_SETRESUID 1
| #define HAVE_SETRESGID 1
| #define HAVE_DECL_STRTOLD 1
| #define HAVE_DECL_STRTOL 1
| #define HAVE_DECL_STRTOLL 1
| #define HAVE_DECL_STRTOUL 1
| #define HAVE_DECL_STRTOULL 1
| #define HAVE_DECL_STRTOUMAX 1
| #define HAVE_ARGZ_H 1
| #define HAVE_ERRNO_H 1
| #define HAVE_FCNTL_H 1
| #define HAVE_MALLOC_H 1
| #define HAVE_STDIO_EXT_H 1
| #define HAVE_MALLOC 1
| #define HAVE_MMAP 1
| #define HAVE___ARGZ_COUNT 1
| #define HAVE___ARGZ_NEXT 1
| #define HAVE___ARGZ_STRINGIFY 1
| #define HAVE_DCGETTEXT 1
| #define HAVE_MEMPCPY 1
| #define HAVE_MUNMAP 1
| #define HAVE_MREMAP 1
| #define HAVE_STPCPY 1
| #define HAVE_STRCSPN 1
| #define HAVE_WCTYPE_H 1
| #define HAVE_WCHAR_H 1
| #define HAVE_LANGINFO_H 1
| #define HAVE_MBRLEN 1
| #define HAVE_MBSNRTOWCS 1
| #define HAVE_MBSRTOWCS 1
| #define HAVE_WCRTOMB 1
| #define HAVE_WCSCOLL 1
| #define HAVE_WCSDUP 1
| #define HAVE_WCWIDTH 1
| #define HAVE_WCTYPE 1
| #define HAVE_WCSNRTOMBS 1
| #define HAVE_WCSWIDTH 1
| #define HAVE_MBRTOWC 1
| #define HAVE_MBSTATE_T 1
| #define HAVE_ISWLOWER 1
| #define HAVE_ISWUPPER 1
| #define HAVE_TOWLOWER 1
| #define HAVE_TOWUPPER 1
| #define HAVE_ISWCTYPE 1
| #define HAVE_WCHAR_T 1
| #define HAVE_WCTYPE_T 1
| #define HAVE_WINT_T 1
| /* end confdefs.h.  */
| 
| #include <unistd.h>
| #include <stdlib.h>
| #include <stdio.h>
| 
| #include <locale.h>
| #include <wchar.h>
| 
| int
| main(int c, char **v)
| {
|         int     w;
| 
|         setlocale(LC_ALL, "en_US.UTF-8");
|         w = wcwidth (0x0301);
| 	if (w != 0)
| 	  exit (0);
| 	w = wcwidth (0x200b);
|         exit (w == 0);  /* exit 0 if wcwidth broken */
| }
| 
configure:17091: result: no
configure:17102: checking for locale_charset
configure:17102: result: no
configure:17116: checking size of wchar_t
configure:17122: gcc -o conftest -g -O2   conftest.c  >&5
configure:17122: $? = 0
configure:17122: ./conftest
configure:17122: $? = 0
configure:17137: result: 4
configure:17149: checking for dlopen in -ldl
configure:17172: gcc -o conftest -g -O2   conftest.c -ldl   >&5
configure:17172: $? = 0
configure:17182: result: yes
configure:17192: checking for dlopen
configure:17192: gcc -o conftest -g -O2   conftest.c -ldl  >&5
configure:17192: $? = 0
configure:17192: result: yes
configure:17198: checking for dlclose
configure:17198: gcc -o conftest -g -O2   conftest.c -ldl  >&5
configure:17198: $? = 0
configure:17198: result: yes
configure:17204: checking for dlsym
configure:17204: gcc -o conftest -g -O2   conftest.c -ldl  >&5
configure:17204: $? = 0
configure:17204: result: yes
configure:17495: checking type of array argument to getgroups
configure:17531: gcc -o conftest -g -O2   conftest.c -ldl  >&5
configure:17531: $? = 0
configure:17531: ./conftest
configure:17531: $? = 0
configure:17558: result: gid_t
configure:17564: checking for off_t
configure:17564: gcc -c -g -O2  conftest.c >&5
configure:17564: $? = 0
configure:17564: gcc -c -g -O2  conftest.c >&5
conftest.c: In function 'main':
conftest.c:385:20: error: expected expression before ')' token
  385 | if (sizeof ((off_t)))
      |                    ^
configure:17564: $? = 1
configure: failed program was:
| /* confdefs.h */
| #define PACKAGE_NAME "bash"
| #define PACKAGE_TARNAME "bash"
| #define PACKAGE_VERSION "5.3-release"
| #define PACKAGE_STRING "bash 5.3-release"
| #define PACKAGE_BUGREPORT "bug-bash@gnu.org"
| #define PACKAGE_URL ""
| #define USING_BASH_MALLOC 1
| #define ALIAS 1
| #define PUSHD_AND_POPD 1
| #define RESTRICTED_SHELL 1
| #define PROCESS_SUBSTITUTION 1
| #define PROMPT_STRING_DECODE 1
| #define SELECT_COMMAND 1
| #define HELP_BUILTIN 1
| #define ARRAY_VARS 1
| #define DPAREN_ARITHMETIC 1
| #define BRACE_EXPANSION 1
| #define COMMAND_TIMING 1
| #define EXTENDED_GLOB 1
| #define EXTGLOB_DEFAULT 0
| #define COND_COMMAND 1
| #define COND_REGEXP 1
| #define COPROCESS_SUPPORT 1
| #define ARITH_FOR_COMMAND 1
| #define NETWORK_REDIRECTIONS 1
| #define PROGRAMMABLE_COMPLETION 1
| #define DEBUGGER 1
| #define CASEMOD_ATTRS 1
| #define CASEMOD_EXPANSIONS 1
| #define GLOBASCII_DEFAULT 1
| #define FUNCTION_IMPORT 1
| #define TRANSLATABLE_STRINGS 1
| #define BASH_SOURCE_FULLPATH_DEFAULT 0
| #define MEMSCRAMBLE 1
| #define HAVE_STDIO_H 1
| #define HAVE_STDLIB_H 1
| #define HAVE_STRING_H 1
| #define HAVE_INTTYPES_H 1
| #define HAVE_STDINT_H 1
| #define HAVE_STRINGS_H 1
| #define HAVE_SYS_STAT_H 1
| #define HAVE_SYS_TYPES_H 1
| #define HAVE_UNISTD_H 1
| #define HAVE_WCHAR_H 1
| #define HAVE_STDBOOL_H 1
| #define HAVE_SYS_PARAM_H 1
| #define HAVE_THREADS_H 1
| #define HAVE_SYS_TIME_H 1
| #define STDC_HEADERS 1
| #define _ALL_SOURCE 1
| #define _DARWIN_C_SOURCE 1
| #define _GNU_SOURCE 1
| #define _HPUX_ALT_XOPEN_SOCKET_API 1
| #define _NETBSD_SOURCE 1
| #define _OPENBSD_SOURCE 1
| #define _POSIX_PTHREAD_SEMANTICS 1
| #define __STDC_WANT_IEC_60559_ATTRIBS_EXT__ 1
| #define __STDC_WANT_IEC_60559_BFP_EXT__ 1
| #define __STDC_WANT_IEC_60559_DFP_EXT__ 1
| #define __STDC_WANT_IEC_60559_FUNCS_EXT__ 1
| #define __STDC_WANT_IEC_60559_TYPES_EXT__ 1
| #define __STDC_WANT_LIB_EXT2__ 1
| #define __STDC_WANT_MATH_SPEC_FUNCS__ 1
| #define _TANDEM_SOURCE 1
| #define __EXTENSIONS__ 1
| #define READLINE 1
| #define HISTORY 1
| #define BANG_HISTORY 1
| #define HAVE_STRINGIZE 1
| #define HAVE_LONG_DOUBLE 1
| #define restrict __restrict__
| #define HAVE_VISIBILITY 1
| #define HAVE_STDINT_H_WITH_UINTMAX 1
| #define HAVE_ALLOCA_H 1
| #define HAVE_ALLOCA 1
| #define HAVE_GETPAGESIZE 1
| #define HAVE_SYMLINK 1
| #define HAVE_USELOCALE 1
| #define HAVE_VPRINTF 1
| #define HAVE_ALARM 1
| #define HAVE___FPURGE 1
| #define HAVE_SNPRINTF 1
| #define HAVE_VSNPRINTF 1
| #define HAVE_MMAP 1
| #define INTDIV0_RAISES_SIGFPE 1
| #define HAVE_INTTYPES_H_WITH_UINTMAX 1
| #define HAVE_UNSIGNED_LONG_LONG_INT 1
| #define HAVE_UINTMAX_T 1
| #define HAVE_WEAK_SYMBOLS 1
| #define HAVE_PTHREAD_API 1
| #define USE_POSIX_THREADS 1
| #define USE_POSIX_THREADS_FROM_LIBC 1
| #define HAVE_PTHREAD_RWLOCK 1
| #define HAVE_PTHREAD_MUTEX_RECURSIVE 1
| #define HAVE_ICONV 1
| #define ICONV_CONST 
| #define HAVE_BUILTIN_EXPECT 1
| #define HAVE_INTTYPES_H 1
| #define HAVE_UNISTD_H 1
| #define HAVE_SYS_PARAM_H 1
| #define HAVE_GETCWD 1
| #define HAVE_GETEGID 1
| #define HAVE_GETEUID 1
| #define HAVE_GETGID 1
| #define HAVE_GETUID 1
| #define HAVE_MEMPCPY 1
| #define HAVE_MUNMAP 1
| #define HAVE_STPCPY 1
| #define HAVE_STRCASECMP 1
| #define HAVE_TSEARCH 1
| #define HAVE___FSETLOCKING 1
| #define HAVE_DECL_FEOF_UNLOCKED 1
| #define HAVE_DECL_FGETS_UNLOCKED 1
| #define HAVE_LOCALECONV 1
| #define HAVE_LONG_LONG_INT 1
| #define HAVE_WCHAR_T 1
| #define HAVE_WINT_T 1
| #define HAVE_INTMAX_T 1
| #define HAVE_POSIX_PRINTF 1
| #define HAVE_STDINT_H 1
| #define HAVE_STDINT_H 1
| #define HAVE_WORKING_O_NOATIME 0
| #define HAVE_WORKING_O_NOFOLLOW 0
| #define HAVE_WORKING_USELOCALE 1
| #define HAVE_GOOD_USELOCALE 1
| #define FLEXIBLE_ARRAY_MEMBER /**/
| #define HAVE_FEATURES_H 1
| #define HAVE_STDDEF_H 1
| #define HAVE_STDLIB_H 1
| #define HAVE_STRING_H 1
| #define HAVE_ASPRINTF 1
| #define HAVE_WPRINTF 1
| #define HAVE_NEWLOCALE 1
| #define HAVE_PUTENV 1
| #define HAVE_SETENV 1
| #define HAVE_SNPRINTF 1
| #define HAVE_STRNLEN 1
| #define HAVE_USELOCALE 1
| #define HAVE_WCSLEN 1
| #define HAVE_WCSNLEN 1
| #define HAVE_MBRTOWC 1
| #define HAVE_WCRTOMB 1
| #define HAVE_DECL__SNPRINTF 0
| #define HAVE_DECL__SNWPRINTF 0
| #define HAVE_DECL_GETC_UNLOCKED 1
| #define HAVE_NL_LANGINFO 1
| #define HAVE_LANGINFO_CODESET 1
| #define HAVE_LC_MESSAGES 1
| #define ENABLE_NLS 1
| #define HAVE_GETTEXT 1
| #define HAVE_DCGETTEXT 1
| #define HAVE_DIRENT_H 1
| #define MAJOR_IN_SYSMACROS 1
| #define HAVE_INTTYPES_H 1
| #define HAVE_UNISTD_H 1
| #define HAVE_STDLIB_H 1
| #define HAVE_LIMITS_H 1
| #define HAVE_STRING_H 1
| #define HAVE_MEMORY_H 1
| #define HAVE_LOCALE_H 1
| #define HAVE_TERMCAP_H 1
| #define HAVE_TERMIO_H 1
| #define HAVE_TERMIOS_H 1
| #define HAVE_DLFCN_H 1
| #define HAVE_STDDEF_H 1
| #define HAVE_STDINT_H 1
| #define HAVE_NETDB_H 1
| #define HAVE_PWD_H 1
| #define HAVE_GRP_H 1
| #define HAVE_STRINGS_H 1
| #define HAVE_REGEX_H 1
| #define HAVE_SYSLOG_H 1
| #define HAVE_ULIMIT_H 1
| #define HAVE_SYS_SELECT_H 1
| #define HAVE_SYS_FILE_H 1
| #define HAVE_SYS_IOCTL_H 1
| #define HAVE_SYS_MMAN_H 1
| #define HAVE_SYS_PARAM_H 1
| #define HAVE_SYS_RANDOM_H 1
| #define HAVE_SYS_SOCKET_H 1
| #define HAVE_SYS_STAT_H 1
| #define HAVE_SYS_TIME_H 1
| #define HAVE_SYS_TIMES_H 1
| #define HAVE_SYS_TYPES_H 1
| #define HAVE_SYS_WAIT_H 1
| #define HAVE_NETINET_IN_H 1
| #define HAVE_ARPA_INET_H 1
| #define HAVE_SYS_RESOURCE_H 1
| #define HAVE_ALLOCA_H 1
| #define HAVE_ALLOCA 1
| #define HAVE_CHOWN 1
| #define GETPGRP_VOID 1
| #define HAVE_STRCOLL 1
| #define HAVE_WAIT3 1
| #define HAVE_MKFIFO 1
| #define HAVE_DUP2 1
| #define HAVE_EACCESS 1
| #define HAVE_FCNTL 1
| #define HAVE_GETDTABLESIZE 1
| #define HAVE_GETENTROPY 1
| #define HAVE_GETGROUPS 1
| #define HAVE_GETHOSTNAME 1
| #define HAVE_GETPAGESIZE 1
| #define HAVE_GETPEERNAME 1
| #define HAVE_GETRANDOM 1
| #define HAVE_GETRLIMIT 1
| #define HAVE_GETRUSAGE 1
| #define HAVE_GETTIMEOFDAY 1
| #define HAVE_KILL 1
| #define HAVE_KILLPG 1
| #define HAVE_LSTAT 1
| #define HAVE_NANOSLEEP 1
| #define HAVE_PSELECT 1
| #define HAVE_READLINK 1
| #define HAVE_SELECT 1
| #define HAVE_SETITIMER 1
| #define HAVE_STATFS 1
| #define HAVE_TCGETPGRP 1
| #define HAVE_UNAME 1
| #define HAVE_ULIMIT 1
| #define HAVE_WAITPID 1
| #define HAVE_RENAME 1
| #define HAVE_BCOPY 1
| #define HAVE_BZERO 1
| #define HAVE_CLOCK_GETTIME 1
| #define HAVE_CONFSTR 1
| #define HAVE_FACCESSAT 1
| #define HAVE_FNMATCH 1
| #define HAVE_GETADDRINFO 1
| #define HAVE_GETHOSTBYNAME 1
| #define HAVE_GETSERVBYNAME 1
| #define HAVE_GETSERVENT 1
| #define HAVE_INET_ATON 1
| #define HAVE_IMAXDIV 1
| #define HAVE_MEMMOVE 1
| #define HAVE_PATHCONF 1
| #define HAVE_PUTENV 1
| #define HAVE_RAISE 1
| #define HAVE_RANDOM 1
| #define HAVE_REGCOMP 1
| #define HAVE_REGEXEC 1
| #define HAVE_SETENV 1
| #define HAVE_SETLINEBUF 1
| #define HAVE_SETLOCALE 1
| #define HAVE_SETVBUF 1
| #define HAVE_SIGINTERRUPT 1
| #define HAVE_STRCHR 1
| #define HAVE_SYSCONF 1
| #define HAVE_SYSLOG 1
| #define HAVE_TCGETATTR 1
| #define HAVE_TIMES 1
| #define HAVE_TTYNAME 1
| #define HAVE_TZSET 1
| #define HAVE_UNSETENV 1
| #define HAVE_VASPRINTF 1
| #define HAVE_ASPRINTF 1
| #define HAVE_ISASCII 1
| #define HAVE_ISBLANK 1
| #define HAVE_ISGRAPH 1
| #define HAVE_ISPRINT 1
| #define HAVE_ISSPACE 1
| #define HAVE_ISXDIGIT 1
| #define HAVE_GETPWENT 1
| #define HAVE_GETPWNAM 1
| #define HAVE_GETPWUID 1
| #define HAVE_MKSTEMP 1
| #define HAVE_MKDTEMP 1
| #define HAVE_ARC4RANDOM 1
| #define HAVE_STRLCAT 1
| #define HAVE_MEMFD_CREATE 1
| #define HAVE_SHM_OPEN 1
| #define HAVE_GETCWD 1
| #define HAVE_MEMSET 1
| #define HAVE_STRCASECMP 1
| #define HAVE_STRCASESTR 1
| #define HAVE_STRERROR 1
| #define HAVE_STRFTIME 1
| #define HAVE_STRNLEN 1
| #define HAVE_STRPBRK 1
| #define HAVE_STRSTR 1
| #define HAVE_STRTOD 1
| #define HAVE_STRTOL 1
| #define HAVE_STRTOUL 1
| #define HAVE_STRTOLL 1
| #define HAVE_STRTOULL 1
| #define HAVE_STRTOUMAX 1
| #define HAVE_DPRINTF 1
| #define HAVE_STRDUP 1
| #define HAVE_STRLCPY 1
| #define HAVE_REALLOCARRAY 1
| #define HAVE_DECL_AUDIT_USER_TTY 1
| #define HAVE_DECL_CONFSTR 1
| #define HAVE_DECL_PRINTF 1
| #define HAVE_DECL_BRK 1
| #define HAVE_DECL_SBRK 1
| #define HAVE_DECL_SETREGID 1
| #define HAVE_DECL_STRCPY 1
| #define HAVE_DECL_STRSIGNAL 1
| #define HAVE_SETRESUID 1
| #define HAVE_SETRESGID 1
| #define HAVE_DECL_STRTOLD 1
| #define HAVE_DECL_STRTOL 1
| #define HAVE_DECL_STRTOLL 1
| #define HAVE_DECL_STRTOUL 1
| #define HAVE_DECL_STRTOULL 1
| #define HAVE_DECL_STRTOUMAX 1
| #define HAVE_ARGZ_H 1
| #define HAVE_ERRNO_H 1
| #define HAVE_FCNTL_H 1
| #define HAVE_MALLOC_H 1
| #define HAVE_STDIO_EXT_H 1
| #define HAVE_MALLOC 1
| #define HAVE_MMAP 1
| #define HAVE___ARGZ_COUNT 1
| #define HAVE___ARGZ_NEXT 1
| #define HAVE___ARGZ_STRINGIFY 1
| #define HAVE_DCGETTEXT 1
| #define HAVE_MEMPCPY 1
| #define HAVE_MUNMAP 1
| #define HAVE_MREMAP 1
| #define HAVE_STPCPY 1
| #define HAVE_STRCSPN 1
| #define HAVE_WCTYPE_H 1
| #define HAVE_WCHAR_H 1
| #define HAVE_LANGINFO_H 1
| #define HAVE_MBRLEN 1
| #define HAVE_MBSNRTOWCS 1
| #define HAVE_MBSRTOWCS 1
| #define HAVE_WCRTOMB 1
| #define HAVE_WCSCOLL 1
| #define HAVE_WCSDUP 1
| #define HAVE_WCWIDTH 1
| #define HAVE_WCTYPE 1
| #define HAVE_WCSNRTOMBS 1
| #define HAVE_WCSWIDTH 1
| #define HAVE_MBRTOWC 1
| #define HAVE_MBSTATE_T 1
| #define HAVE_ISWLOWER 1
| #define HAVE_ISWUPPER 1
| #define HAVE_TOWLOWER 1
| #define HAVE_TOWUPPER 1
| #define HAVE_ISWCTYPE 1
| #define HAVE_WCHAR_T 1
| #define HAVE_WCTYPE_T 1
| #define HAVE_WINT_T 1
| #define SIZEOF_WCHAR_T 4
| #define HAVE_LIBDL 1
| #define HAVE_DLOPEN 1
| #define HAVE_DLCLOSE 1
| #define HAVE_DLSYM 1
| #define GETGROUPS_T gid_t
| /* end confdefs.h.  */
| #include <stddef.h>
| #ifdef HAVE_STDIO_H
| # include <stdio.h>
| #endif
| #ifdef HAVE_STDLIB_H
| # include <stdlib.h>
| #endif
| #ifdef HAVE_STRING_H
| # include <string.h>
| #endif
| #ifdef HAVE_INTTYPES_H
| # include <inttypes.h>
| #endif
| #ifdef HAVE_STDINT_H
| # include <stdint.h>
| #endif
| #ifdef HAVE_STRINGS_H
| # include <strings.h>
| #endif
| #ifdef HAVE_SYS_TYPES_H
| # include <sys/types.h>
| #endif
| #ifdef HAVE_SYS_STAT_H
| # include <sys/stat.h>
| #endif
| #ifdef HAVE_UNISTD_H
| # include <unistd.h>
| #endif
| int
| main (void)
| {
| if (sizeof ((off_t)))
| 	    return 0;
|   ;
|   return 0;
| }
configure:17564: result: yes
configure:17574: checking for mode_t
configure:17574: gcc -c -g -O2  conftest.c >&5
configure:17574: $? = 0
configure:17574: gcc -c -g -O2  conftest.c >&5
conftest.c: In function 'main':
conftest.c:385:21: error: expected expression before ')' token
  385 | if (sizeof ((mode_t)))
      |                     ^
configure:17574: $? = 1
configure: failed program was:
| /* confdefs.h */
| #define PACKAGE_NAME "bash"
| #define PACKAGE_TARNAME "bash"
| #define PACKAGE_VERSION "5.3-release"
| #define PACKAGE_STRING "bash 5.3-release"
| #define PACKAGE_BUGREPORT "bug-bash@gnu.org"
| #define PACKAGE_URL ""
| #define USING_BASH_MALLOC 1
| #define ALIAS 1
| #define PUSHD_AND_POPD 1
| #define RESTRICTED_SHELL 1
| #define PROCESS_SUBSTITUTION 1
| #define PROMPT_STRING_DECODE 1
| #define SELECT_COMMAND 1
| #define HELP_BUILTIN 1
| #define ARRAY_VARS 1
| #define DPAREN_ARITHMETIC 1
| #define BRACE_EXPANSION 1
| #define COMMAND_TIMING 1
| #define EXTENDED_GLOB 1
| #define EXTGLOB_DEFAULT 0
| #define COND_COMMAND 1
| #define COND_REGEXP 1
| #define COPROCESS_SUPPORT 1
| #define ARITH_FOR_COMMAND 1
| #define NETWORK_REDIRECTIONS 1
| #define PROGRAMMABLE_COMPLETION 1
| #define DEBUGGER 1
| #define CASEMOD_ATTRS 1
| #define CASEMOD_EXPANSIONS 1
| #define GLOBASCII_DEFAULT 1
| #define FUNCTION_IMPORT 1
| #define TRANSLATABLE_STRINGS 1
| #define BASH_SOURCE_FULLPATH_DEFAULT 0
| #define MEMSCRAMBLE 1
| #define HAVE_STDIO_H 1
| #define HAVE_STDLIB_H 1
| #define HAVE_STRING_H 1
| #define HAVE_INTTYPES_H 1
| #define HAVE_STDINT_H 1
| #define HAVE_STRINGS_H 1
| #define HAVE_SYS_STAT_H 1
| #define HAVE_SYS_TYPES_H 1
| #define HAVE_UNISTD_H 1
| #define HAVE_WCHAR_H 1
| #define HAVE_STDBOOL_H 1
| #define HAVE_SYS_PARAM_H 1
| #define HAVE_THREADS_H 1
| #define HAVE_SYS_TIME_H 1
| #define STDC_HEADERS 1
| #define _ALL_SOURCE 1
| #define _DARWIN_C_SOURCE 1
| #define _GNU_SOURCE 1
| #define _HPUX_ALT_XOPEN_SOCKET_API 1
| #define _NETBSD_SOURCE 1
| #define _OPENBSD_SOURCE 1
| #define _POSIX_PTHREAD_SEMANTICS 1
| #define __STDC_WANT_IEC_60559_ATTRIBS_EXT__ 1
| #define __STDC_WANT_IEC_60559_BFP_EXT__ 1
| #define __STDC_WANT_IEC_60559_DFP_EXT__ 1
| #define __STDC_WANT_IEC_60559_FUNCS_EXT__ 1
| #define __STDC_WANT_IEC_60559_TYPES_EXT__ 1
| #define __STDC_WANT_LIB_EXT2__ 1
| #define __STDC_WANT_MATH_SPEC_FUNCS__ 1
| #define _TANDEM_SOURCE 1
| #define __EXTENSIONS__ 1
| #define READLINE 1
| #define HISTORY 1
| #define BANG_HISTORY 1
| #define HAVE_STRINGIZE 1
| #define HAVE_LONG_DOUBLE 1
| #define restrict __restrict__
| #define HAVE_VISIBILITY 1
| #define HAVE_STDINT_H_WITH_UINTMAX 1
| #define HAVE_ALLOCA_H 1
| #define HAVE_ALLOCA 1
| #define HAVE_GETPAGESIZE 1
| #define HAVE_SYMLINK 1
| #define HAVE_USELOCALE 1
| #define HAVE_VPRINTF 1
| #define HAVE_ALARM 1
| #define HAVE___FPURGE 1
| #define HAVE_SNPRINTF 1
| #define HAVE_VSNPRINTF 1
| #define HAVE_MMAP 1
| #define INTDIV0_RAISES_SIGFPE 1
| #define HAVE_INTTYPES_H_WITH_UINTMAX 1
| #define HAVE_UNSIGNED_LONG_LONG_INT 1
| #define HAVE_UINTMAX_T 1
| #define HAVE_WEAK_SYMBOLS 1
| #define HAVE_PTHREAD_API 1
| #define USE_POSIX_THREADS 1
| #define USE_POSIX_THREADS_FROM_LIBC 1
| #define HAVE_PTHREAD_RWLOCK 1
| #define HAVE_PTHREAD_MUTEX_RECURSIVE 1
| #define HAVE_ICONV 1
| #define ICONV_CONST 
| #define HAVE_BUILTIN_EXPECT 1
| #define HAVE_INTTYPES_H 1
| #define HAVE_UNISTD_H 1
| #define HAVE_SYS_PARAM_H 1
| #define HAVE_GETCWD 1
| #define HAVE_GETEGID 1
| #define HAVE_GETEUID 1
| #define HAVE_GETGID 1
| #define HAVE_GETUID 1
| #define HAVE_MEMPCPY 1
| #define HAVE_MUNMAP 1
| #define HAVE_STPCPY 1
| #define HAVE_STRCASECMP 1
| #define HAVE_TSEARCH 1
| #define HAVE___FSETLOCKING 1
| #define HAVE_DECL_FEOF_UNLOCKED 1
| #define HAVE_DECL_FGETS_UNLOCKED 1
| #define HAVE_LOCALECONV 1
| #define HAVE_LONG_LONG_INT 1
| #define HAVE_WCHAR_T 1
| #define HAVE_WINT_T 1
| #define HAVE_INTMAX_T 1
| #define HAVE_POSIX_PRINTF 1
| #define HAVE_STDINT_H 1
| #define HAVE_STDINT_H 1
| #define HAVE_WORKING_O_NOATIME 0
| #define HAVE_WORKING_O_NOFOLLOW 0
| #define HAVE_WORKING_USELOCALE 1
| #define HAVE_GOOD_USELOCALE 1
| #define FLEXIBLE_ARRAY_MEMBER /**/
| #define HAVE_FEATURES_H 1
| #define HAVE_STDDEF_H 1
| #define HAVE_STDLIB_H 1
| #define HAVE_STRING_H 1
| #define HAVE_ASPRINTF 1
| #define HAVE_WPRINTF 1
| #define HAVE_NEWLOCALE 1
| #define HAVE_PUTENV 1
| #define HAVE_SETENV 1
| #define HAVE_SNPRINTF 1
| #define HAVE_STRNLEN 1
| #define HAVE_USELOCALE 1
| #define HAVE_WCSLEN 1
| #define HAVE_WCSNLEN 1
| #define HAVE_MBRTOWC 1
| #define HAVE_WCRTOMB 1
| #define HAVE_DECL__SNPRINTF 0
| #define HAVE_DECL__SNWPRINTF 0
| #define HAVE_DECL_GETC_UNLOCKED 1
| #define HAVE_NL_LANGINFO 1
| #define HAVE_LANGINFO_CODESET 1
| #define HAVE_LC_MESSAGES 1
| #define ENABLE_NLS 1
| #define HAVE_GETTEXT 1
| #define HAVE_DCGETTEXT 1
| #define HAVE_DIRENT_H 1
| #define MAJOR_IN_SYSMACROS 1
| #define HAVE_INTTYPES_H 1
| #define HAVE_UNISTD_H 1
| #define HAVE_STDLIB_H 1
| #define HAVE_LIMITS_H 1
| #define HAVE_STRING_H 1
| #define HAVE_MEMORY_H 1
| #define HAVE_LOCALE_H 1
| #define HAVE_TERMCAP_H 1
| #define HAVE_TERMIO_H 1
| #define HAVE_TERMIOS_H 1
| #define HAVE_DLFCN_H 1
| #define HAVE_STDDEF_H 1
| #define HAVE_STDINT_H 1
| #define HAVE_NETDB_H 1
| #define HAVE_PWD_H 1
| #define HAVE_GRP_H 1
| #define HAVE_STRINGS_H 1
| #define HAVE_REGEX_H 1
| #define HAVE_SYSLOG_H 1
| #define HAVE_ULIMIT_H 1
| #define HAVE_SYS_SELECT_H 1
| #define HAVE_SYS_FILE_H 1
| #define HAVE_SYS_IOCTL_H 1
| #define HAVE_SYS_MMAN_H 1
| #define HAVE_SYS_PARAM_H 1
| #define HAVE_SYS_RANDOM_H 1
| #define HAVE_SYS_SOCKET_H 1
| #define HAVE_SYS_STAT_H 1
| #define HAVE_SYS_TIME_H 1
| #define HAVE_SYS_TIMES_H 1
| #define HAVE_SYS_TYPES_H 1
| #define HAVE_SYS_WAIT_H 1
| #define HAVE_NETINET_IN_H 1
| #define HAVE_ARPA_INET_H 1
| #define HAVE_SYS_RESOURCE_H 1
| #define HAVE_ALLOCA_H 1
| #define HAVE_ALLOCA 1
| #define HAVE_CHOWN 1
| #define GETPGRP_VOID 1
| #define HAVE_STRCOLL 1
| #define HAVE_WAIT3 1
| #define HAVE_MKFIFO 1
| #define HAVE_DUP2 1
| #define HAVE_EACCESS 1
| #define HAVE_FCNTL 1
| #define HAVE_GETDTABLESIZE 1
| #define HAVE_GETENTROPY 1
| #define HAVE_GETGROUPS 1
| #define HAVE_GETHOSTNAME 1
| #define HAVE_GETPAGESIZE 1
| #define HAVE_GETPEERNAME 1
| #define HAVE_GETRANDOM 1
| #define HAVE_GETRLIMIT 1
| #define HAVE_GETRUSAGE 1
| #define HAVE_GETTIMEOFDAY 1
| #define HAVE_KILL 1
| #define HAVE_KILLPG 1
| #define HAVE_LSTAT 1
| #define HAVE_NANOSLEEP 1
| #define HAVE_PSELECT 1
| #define HAVE_READLINK 1
| #define HAVE_SELECT 1
| #define HAVE_SETITIMER 1
| #define HAVE_STATFS 1
| #define HAVE_TCGETPGRP 1
| #define HAVE_UNAME 1
| #define HAVE_ULIMIT 1
| #define HAVE_WAITPID 1
| #define HAVE_RENAME 1
| #define HAVE_BCOPY 1
| #define HAVE_BZERO 1
| #define HAVE_CLOCK_GETTIME 1
| #define HAVE_CONFSTR 1
| #define HAVE_FACCESSAT 1
| #define HAVE_FNMATCH 1
| #define HAVE_GETADDRINFO 1
| #define HAVE_GETHOSTBYNAME 1
| #define HAVE_GETSERVBYNAME 1
| #define HAVE_GETSERVENT 1
| #define HAVE_INET_ATON 1
| #define HAVE_IMAXDIV 1
| #define HAVE_MEMMOVE 1
| #define HAVE_PATHCONF 1
| #define HAVE_PUTENV 1
| #define HAVE_RAISE 1
| #define HAVE_RANDOM 1
| #define HAVE_REGCOMP 1
| #define HAVE_REGEXEC 1
| #define HAVE_SETENV 1
| #define HAVE_SETLINEBUF 1
| #define HAVE_SETLOCALE 1
| #define HAVE_SETVBUF 1
| #define HAVE_SIGINTERRUPT 1
| #define HAVE_STRCHR 1
| #define HAVE_SYSCONF 1
| #define HAVE_SYSLOG 1
| #define HAVE_TCGETATTR 1
| #define HAVE_TIMES 1
| #define HAVE_TTYNAME 1
| #define HAVE_TZSET 1
| #define HAVE_UNSETENV 1
| #define HAVE_VASPRINTF 1
| #define HAVE_ASPRINTF 1
| #define HAVE_ISASCII 1
| #define HAVE_ISBLANK 1
| #define HAVE_ISGRAPH 1
| #define HAVE_ISPRINT 1
| #define HAVE_ISSPACE 1
| #define HAVE_ISXDIGIT 1
| #define HAVE_GETPWENT 1
| #define HAVE_GETPWNAM 1
| #define HAVE_GETPWUID 1
| #define HAVE_MKSTEMP 1
| #define HAVE_MKDTEMP 1
| #define HAVE_ARC4RANDOM 1
| #define HAVE_STRLCAT 1
| #define HAVE_MEMFD_CREATE 1
| #define HAVE_SHM_OPEN 1
| #define HAVE_GETCWD 1
| #define HAVE_MEMSET 1
| #define HAVE_STRCASECMP 1
| #define HAVE_STRCASESTR 1
| #define HAVE_STRERROR 1
| #define HAVE_STRFTIME 1
| #define HAVE_STRNLEN 1
| #define HAVE_STRPBRK 1
| #define HAVE_STRSTR 1
| #define HAVE_STRTOD 1
| #define HAVE_STRTOL 1
| #define HAVE_STRTOUL 1
| #define HAVE_STRTOLL 1
| #define HAVE_STRTOULL 1
| #define HAVE_STRTOUMAX 1
| #define HAVE_DPRINTF 1
| #define HAVE_STRDUP 1
| #define HAVE_STRLCPY 1
| #define HAVE_REALLOCARRAY 1
| #define HAVE_DECL_AUDIT_USER_TTY 1
| #define HAVE_DECL_CONFSTR 1
| #define HAVE_DECL_PRINTF 1
| #define HAVE_DECL_BRK 1
| #define HAVE_DECL_SBRK 1
| #define HAVE_DECL_SETREGID 1
| #define HAVE_DECL_STRCPY 1
| #define HAVE_DECL_STRSIGNAL 1
| #define HAVE_SETRESUID 1
| #define HAVE_SETRESGID 1
| #define HAVE_DECL_STRTOLD 1
| #define HAVE_DECL_STRTOL 1
| #define HAVE_DECL_STRTOLL 1
| #define HAVE_DECL_STRTOUL 1
| #define HAVE_DECL_STRTOULL 1
| #define HAVE_DECL_STRTOUMAX 1
| #define HAVE_ARGZ_H 1
| #define HAVE_ERRNO_H 1
| #define HAVE_FCNTL_H 1
| #define HAVE_MALLOC_H 1
| #define HAVE_STDIO_EXT_H 1
| #define HAVE_MALLOC 1
| #define HAVE_MMAP 1
| #define HAVE___ARGZ_COUNT 1
| #define HAVE___ARGZ_NEXT 1
| #define HAVE___ARGZ_STRINGIFY 1
| #define HAVE_DCGETTEXT 1
| #define HAVE_MEMPCPY 1
| #define HAVE_MUNMAP 1
| #define HAVE_MREMAP 1
| #define HAVE_STPCPY 1
| #define HAVE_STRCSPN 1
| #define HAVE_WCTYPE_H 1
| #define HAVE_WCHAR_H 1
| #define HAVE_LANGINFO_H 1
| #define HAVE_MBRLEN 1
| #define HAVE_MBSNRTOWCS 1
| #define HAVE_MBSRTOWCS 1
| #define HAVE_WCRTOMB 1
| #define HAVE_WCSCOLL 1
| #define HAVE_WCSDUP 1
| #define HAVE_WCWIDTH 1
| #define HAVE_WCTYPE 1
| #define HAVE_WCSNRTOMBS 1
| #define HAVE_WCSWIDTH 1
| #define HAVE_MBRTOWC 1
| #define HAVE_MBSTATE_T 1
| #define HAVE_ISWLOWER 1
| #define HAVE_ISWUPPER 1
| #define HAVE_TOWLOWER 1
| #define HAVE_TOWUPPER 1
| #define HAVE_ISWCTYPE 1
| #define HAVE_WCHAR_T 1
| #define HAVE_WCTYPE_T 1
| #define HAVE_WINT_T 1
| #define SIZEOF_WCHAR_T 4
| #define HAVE_LIBDL 1
| #define HAVE_DLOPEN 1
| #define HAVE_DLCLOSE 1
| #define HAVE_DLSYM 1
| #define GETGROUPS_T gid_t
| /* end confdefs.h.  */
| #include <stddef.h>
| #ifdef HAVE_STDIO_H
| # include <stdio.h>
| #endif
| #ifdef HAVE_STDLIB_H
| # include <stdlib.h>
| #endif
| #ifdef HAVE_STRING_H
| # include <string.h>
| #endif
| #ifdef HAVE_INTTYPES_H
| # include <inttypes.h>
| #endif
| #ifdef HAVE_STDINT_H
| # include <stdint.h>
| #endif
| #ifdef HAVE_STRINGS_H
| # include <strings.h>
| #endif
| #ifdef HAVE_SYS_TYPES_H
| # include <sys/types.h>
| #endif
| #ifdef HAVE_SYS_STAT_H
| # include <sys/stat.h>
| #endif
| #ifdef HAVE_UNISTD_H
| # include <unistd.h>
| #endif
| int
| main (void)
| {
| if (sizeof ((mode_t)))
| 	    return 0;
|   ;
|   return 0;
| }
configure:17574: result: yes
configure:17584: checking for uid_t in sys/types.h
configure:17605: result: yes
configure:17617: checking for pid_t
configure:17617: gcc -c -g -O2  conftest.c >&5
configure:17617: $? = 0
configure:17617: gcc -c -g -O2  conftest.c >&5
conftest.c: In function 'main':
conftest.c:386:20: error: expected expression before ')' token
  386 | if (sizeof ((pid_t)))
      |                    ^
configure:17617: $? = 1
configure: failed program was:
| /* confdefs.h */
| #define PACKAGE_NAME "bash"
| #define PACKAGE_TARNAME "bash"
| #define PACKAGE_VERSION "5.3-release"
| #define PACKAGE_STRING "bash 5.3-release"
| #define PACKAGE_BUGREPORT "bug-bash@gnu.org"
| #define PACKAGE_URL ""
| #define USING_BASH_MALLOC 1
| #define ALIAS 1
| #define PUSHD_AND_POPD 1
| #define RESTRICTED_SHELL 1
| #define PROCESS_SUBSTITUTION 1
| #define PROMPT_STRING_DECODE 1
| #define SELECT_COMMAND 1
| #define HELP_BUILTIN 1
| #define ARRAY_VARS 1
| #define DPAREN_ARITHMETIC 1
| #define BRACE_EXPANSION 1
| #define COMMAND_TIMING 1
| #define EXTENDED_GLOB 1
| #define EXTGLOB_DEFAULT 0
| #define COND_COMMAND 1
| #define COND_REGEXP 1
| #define COPROCESS_SUPPORT 1
| #define ARITH_FOR_COMMAND 1
| #define NETWORK_REDIRECTIONS 1
| #define PROGRAMMABLE_COMPLETION 1
| #define DEBUGGER 1
| #define CASEMOD_ATTRS 1
| #define CASEMOD_EXPANSIONS 1
| #define GLOBASCII_DEFAULT 1
| #define FUNCTION_IMPORT 1
| #define TRANSLATABLE_STRINGS 1
| #define BASH_SOURCE_FULLPATH_DEFAULT 0
| #define MEMSCRAMBLE 1
| #define HAVE_STDIO_H 1
| #define HAVE_STDLIB_H 1
| #define HAVE_STRING_H 1
| #define HAVE_INTTYPES_H 1
| #define HAVE_STDINT_H 1
| #define HAVE_STRINGS_H 1
| #define HAVE_SYS_STAT_H 1
| #define HAVE_SYS_TYPES_H 1
| #define HAVE_UNISTD_H 1
| #define HAVE_WCHAR_H 1
| #define HAVE_STDBOOL_H 1
| #define HAVE_SYS_PARAM_H 1
| #define HAVE_THREADS_H 1
| #define HAVE_SYS_TIME_H 1
| #define STDC_HEADERS 1
| #define _ALL_SOURCE 1
| #define _DARWIN_C_SOURCE 1
| #define _GNU_SOURCE 1
| #define _HPUX_ALT_XOPEN_SOCKET_API 1
| #define _NETBSD_SOURCE 1
| #define _OPENBSD_SOURCE 1
| #define _POSIX_PTHREAD_SEMANTICS 1
| #define __STDC_WANT_IEC_60559_ATTRIBS_EXT__ 1
| #define __STDC_WANT_IEC_60559_BFP_EXT__ 1
| #define __STDC_WANT_IEC_60559_DFP_EXT__ 1
| #define __STDC_WANT_IEC_60559_FUNCS_EXT__ 1
| #define __STDC_WANT_IEC_60559_TYPES_EXT__ 1
| #define __STDC_WANT_LIB_EXT2__ 1
| #define __STDC_WANT_MATH_SPEC_FUNCS__ 1
| #define _TANDEM_SOURCE 1
| #define __EXTENSIONS__ 1
| #define READLINE 1
| #define HISTORY 1
| #define BANG_HISTORY 1
| #define HAVE_STRINGIZE 1
| #define HAVE_LONG_DOUBLE 1
| #define restrict __restrict__
| #define HAVE_VISIBILITY 1
| #define HAVE_STDINT_H_WITH_UINTMAX 1
| #define HAVE_ALLOCA_H 1
| #define HAVE_ALLOCA 1
| #define HAVE_GETPAGESIZE 1
| #define HAVE_SYMLINK 1
| #define HAVE_USELOCALE 1
| #define HAVE_VPRINTF 1
| #define HAVE_ALARM 1
| #define HAVE___FPURGE 1
| #define HAVE_SNPRINTF 1
| #define HAVE_VSNPRINTF 1
| #define HAVE_MMAP 1
| #define INTDIV0_RAISES_SIGFPE 1
| #define HAVE_INTTYPES_H_WITH_UINTMAX 1
| #define HAVE_UNSIGNED_LONG_LONG_INT 1
| #define HAVE_UINTMAX_T 1
| #define HAVE_WEAK_SYMBOLS 1
| #define HAVE_PTHREAD_API 1
| #define USE_POSIX_THREADS 1
| #define USE_POSIX_THREADS_FROM_LIBC 1
| #define HAVE_PTHREAD_RWLOCK 1
| #define HAVE_PTHREAD_MUTEX_RECURSIVE 1
| #define HAVE_ICONV 1
| #define ICONV_CONST 
| #define HAVE_BUILTIN_EXPECT 1
| #define HAVE_INTTYPES_H 1
| #define HAVE_UNISTD_H 1
| #define HAVE_SYS_PARAM_H 1
| #define HAVE_GETCWD 1
| #define HAVE_GETEGID 1
| #define HAVE_GETEUID 1
| #define HAVE_GETGID 1
| #define HAVE_GETUID 1
| #define HAVE_MEMPCPY 1
| #define HAVE_MUNMAP 1
| #define HAVE_STPCPY 1
| #define HAVE_STRCASECMP 1
| #define HAVE_TSEARCH 1
| #define HAVE___FSETLOCKING 1
| #define HAVE_DECL_FEOF_UNLOCKED 1
| #define HAVE_DECL_FGETS_UNLOCKED 1
| #define HAVE_LOCALECONV 1
| #define HAVE_LONG_LONG_INT 1
| #define HAVE_WCHAR_T 1
| #define HAVE_WINT_T 1
| #define HAVE_INTMAX_T 1
| #define HAVE_POSIX_PRINTF 1
| #define HAVE_STDINT_H 1
| #define HAVE_STDINT_H 1
| #define HAVE_WORKING_O_NOATIME 0
| #define HAVE_WORKING_O_NOFOLLOW 0
| #define HAVE_WORKING_USELOCALE 1
| #define HAVE_GOOD_USELOCALE 1
| #define FLEXIBLE_ARRAY_MEMBER /**/
| #define HAVE_FEATURES_H 1
| #define HAVE_STDDEF_H 1
| #define HAVE_STDLIB_H 1
| #define HAVE_STRING_H 1
| #define HAVE_ASPRINTF 1
| #define HAVE_WPRINTF 1
| #define HAVE_NEWLOCALE 1
| #define HAVE_PUTENV 1
| #define HAVE_SETENV 1
| #define HAVE_SNPRINTF 1
| #define HAVE_STRNLEN 1
| #define HAVE_USELOCALE 1
| #define HAVE_WCSLEN 1
| #define HAVE_WCSNLEN 1
| #define HAVE_MBRTOWC 1
| #define HAVE_WCRTOMB 1
| #define HAVE_DECL__SNPRINTF 0
| #define HAVE_DECL__SNWPRINTF 0
| #define HAVE_DECL_GETC_UNLOCKED 1
| #define HAVE_NL_LANGINFO 1
| #define HAVE_LANGINFO_CODESET 1
| #define HAVE_LC_MESSAGES 1
| #define ENABLE_NLS 1
| #define HAVE_GETTEXT 1
| #define HAVE_DCGETTEXT 1
| #define HAVE_DIRENT_H 1
| #define MAJOR_IN_SYSMACROS 1
| #define HAVE_INTTYPES_H 1
| #define HAVE_UNISTD_H 1
| #define HAVE_STDLIB_H 1
| #define HAVE_LIMITS_H 1
| #define HAVE_STRING_H 1
| #define HAVE_MEMORY_H 1
| #define HAVE_LOCALE_H 1
| #define HAVE_TERMCAP_H 1
| #define HAVE_TERMIO_H 1
| #define HAVE_TERMIOS_H 1
| #define HAVE_DLFCN_H 1
| #define HAVE_STDDEF_H 1
| #define HAVE_STDINT_H 1
| #define HAVE_NETDB_H 1
| #define HAVE_PWD_H 1
| #define HAVE_GRP_H 1
| #define HAVE_STRINGS_H 1
| #define HAVE_REGEX_H 1
| #define HAVE_SYSLOG_H 1
| #define HAVE_ULIMIT_H 1
| #define HAVE_SYS_SELECT_H 1
| #define HAVE_SYS_FILE_H 1
| #define HAVE_SYS_IOCTL_H 1
| #define HAVE_SYS_MMAN_H 1
| #define HAVE_SYS_PARAM_H 1
| #define HAVE_SYS_RANDOM_H 1
| #define HAVE_SYS_SOCKET_H 1
| #define HAVE_SYS_STAT_H 1
| #define HAVE_SYS_TIME_H 1
| #define HAVE_SYS_TIMES_H 1
| #define HAVE_SYS_TYPES_H 1
| #define HAVE_SYS_WAIT_H 1
| #define HAVE_NETINET_IN_H 1
| #define HAVE_ARPA_INET_H 1
| #define HAVE_SYS_RESOURCE_H 1
| #define HAVE_ALLOCA_H 1
| #define HAVE_ALLOCA 1
| #define HAVE_CHOWN 1
| #define GETPGRP_VOID 1
| #define HAVE_STRCOLL 1
| #define HAVE_WAIT3 1
| #define HAVE_MKFIFO 1
| #define HAVE_DUP2 1
| #define HAVE_EACCESS 1
| #define HAVE_FCNTL 1
| #define HAVE_GETDTABLESIZE 1
| #define HAVE_GETENTROPY 1
| #define HAVE_GETGROUPS 1
| #define HAVE_GETHOSTNAME 1
| #define HAVE_GETPAGESIZE 1
| #define HAVE_GETPEERNAME 1
| #define HAVE_GETRANDOM 1
| #define HAVE_GETRLIMIT 1
| #define HAVE_GETRUSAGE 1
| #define HAVE_GETTIMEOFDAY 1
| #define HAVE_KILL 1
| #define HAVE_KILLPG 1
| #define HAVE_LSTAT 1
| #define HAVE_NANOSLEEP 1
| #define HAVE_PSELECT 1
| #define HAVE_READLINK 1
| #define HAVE_SELECT 1
| #define HAVE_SETITIMER 1
| #define HAVE_STATFS 1
| #define HAVE_TCGETPGRP 1
| #define HAVE_UNAME 1
| #define HAVE_ULIMIT 1
| #define HAVE_WAITPID 1
| #define HAVE_RENAME 1
| #define HAVE_BCOPY 1
| #define HAVE_BZERO 1
| #define HAVE_CLOCK_GETTIME 1
| #define HAVE_CONFSTR 1
| #define HAVE_FACCESSAT 1
| #define HAVE_FNMATCH 1
| #define HAVE_GETADDRINFO 1
| #define HAVE_GETHOSTBYNAME 1
| #define HAVE_GETSERVBYNAME 1
| #define HAVE_GETSERVENT 1
| #define HAVE_INET_ATON 1
| #define HAVE_IMAXDIV 1
| #define HAVE_MEMMOVE 1
| #define HAVE_PATHCONF 1
| #define HAVE_PUTENV 1
| #define HAVE_RAISE 1
| #define HAVE_RANDOM 1
| #define HAVE_REGCOMP 1
| #define HAVE_REGEXEC 1
| #define HAVE_SETENV 1
| #define HAVE_SETLINEBUF 1
| #define HAVE_SETLOCALE 1
| #define HAVE_SETVBUF 1
| #define HAVE_SIGINTERRUPT 1
| #define HAVE_STRCHR 1
| #define HAVE_SYSCONF 1
| #define HAVE_SYSLOG 1
| #define HAVE_TCGETATTR 1
| #define HAVE_TIMES 1
| #define HAVE_TTYNAME 1
| #define HAVE_TZSET 1
| #define HAVE_UNSETENV 1
| #define HAVE_VASPRINTF 1
| #define HAVE_ASPRINTF 1
| #define HAVE_ISASCII 1
| #define HAVE_ISBLANK 1
| #define HAVE_ISGRAPH 1
| #define HAVE_ISPRINT 1
| #define HAVE_ISSPACE 1
| #define HAVE_ISXDIGIT 1
| #define HAVE_GETPWENT 1
| #define HAVE_GETPWNAM 1
| #define HAVE_GETPWUID 1
| #define HAVE_MKSTEMP 1
| #define HAVE_MKDTEMP 1
| #define HAVE_ARC4RANDOM 1
| #define HAVE_STRLCAT 1
| #define HAVE_MEMFD_CREATE 1
| #define HAVE_SHM_OPEN 1
| #define HAVE_GETCWD 1
| #define HAVE_MEMSET 1
| #define HAVE_STRCASECMP 1
| #define HAVE_STRCASESTR 1
| #define HAVE_STRERROR 1
| #define HAVE_STRFTIME 1
| #define HAVE_STRNLEN 1
| #define HAVE_STRPBRK 1
| #define HAVE_STRSTR 1
| #define HAVE_STRTOD 1
| #define HAVE_STRTOL 1
| #define HAVE_STRTOUL 1
| #define HAVE_STRTOLL 1
| #define HAVE_STRTOULL 1
| #define HAVE_STRTOUMAX 1
| #define HAVE_DPRINTF 1
| #define HAVE_STRDUP 1
| #define HAVE_STRLCPY 1
| #define HAVE_REALLOCARRAY 1
| #define HAVE_DECL_AUDIT_USER_TTY 1
| #define HAVE_DECL_CONFSTR 1
| #define HAVE_DECL_PRINTF 1
| #define HAVE_DECL_BRK 1
| #define HAVE_DECL_SBRK 1
| #define HAVE_DECL_SETREGID 1
| #define HAVE_DECL_STRCPY 1
| #define HAVE_DECL_STRSIGNAL 1
| #define HAVE_SETRESUID 1
| #define HAVE_SETRESGID 1
| #define HAVE_DECL_STRTOLD 1
| #define HAVE_DECL_STRTOL 1
| #define HAVE_DECL_STRTOLL 1
| #define HAVE_DECL_STRTOUL 1
| #define HAVE_DECL_STRTOULL 1
| #define HAVE_DECL_STRTOUMAX 1
| #define HAVE_ARGZ_H 1
| #define HAVE_ERRNO_H 1
| #define HAVE_FCNTL_H 1
| #define HAVE_MALLOC_H 1
| #define HAVE_STDIO_EXT_H 1
| #define HAVE_MALLOC 1
| #define HAVE_MMAP 1
| #define HAVE___ARGZ_COUNT 1
| #define HAVE___ARGZ_NEXT 1
| #define HAVE___ARGZ_STRINGIFY 1
| #define HAVE_DCGETTEXT 1
| #define HAVE_MEMPCPY 1
| #define HAVE_MUNMAP 1
| #define HAVE_MREMAP 1
| #define HAVE_STPCPY 1
| #define HAVE_STRCSPN 1
| #define HAVE_WCTYPE_H 1
| #define HAVE_WCHAR_H 1
| #define HAVE_LANGINFO_H 1
| #define HAVE_MBRLEN 1
| #define HAVE_MBSNRTOWCS 1
| #define HAVE_MBSRTOWCS 1
| #define HAVE_WCRTOMB 1
| #define HAVE_WCSCOLL 1
| #define HAVE_WCSDUP 1
| #define HAVE_WCWIDTH 1
| #define HAVE_WCTYPE 1
| #define HAVE_WCSNRTOMBS 1
| #define HAVE_WCSWIDTH 1
| #define HAVE_MBRTOWC 1
| #define HAVE_MBSTATE_T 1
| #define HAVE_ISWLOWER 1
| #define HAVE_ISWUPPER 1
| #define HAVE_TOWLOWER 1
| #define HAVE_TOWUPPER 1
| #define HAVE_ISWCTYPE 1
| #define HAVE_WCHAR_T 1
| #define HAVE_WCTYPE_T 1
| #define HAVE_WINT_T 1
| #define SIZEOF_WCHAR_T 4
| #define HAVE_LIBDL 1
| #define HAVE_DLOPEN 1
| #define HAVE_DLCLOSE 1
| #define HAVE_DLSYM 1
| #define GETGROUPS_T gid_t
| /* end confdefs.h.  */
| #include <stddef.h>
| #ifdef HAVE_STDIO_H
| # include <stdio.h>
| #endif
| #ifdef HAVE_STDLIB_H
| # include <stdlib.h>
| #endif
| #ifdef HAVE_STRING_H
| # include <string.h>
| #endif
| #ifdef HAVE_INTTYPES_H
| # include <inttypes.h>
| #endif
| #ifdef HAVE_STDINT_H
| # include <stdint.h>
| #endif
| #ifdef HAVE_STRINGS_H
| # include <strings.h>
| #endif
| #ifdef HAVE_SYS_TYPES_H
| # include <sys/types.h>
| #endif
| #ifdef HAVE_SYS_STAT_H
| # include <sys/stat.h>
| #endif
| #ifdef HAVE_UNISTD_H
| # include <unistd.h>
| #endif
| 
| int
| main (void)
| {
| if (sizeof ((pid_t)))
| 	    return 0;
|   ;
|   return 0;
| }
configure:17617: result: yes
configure:17653: checking for size_t
configure:17653: result: yes
configure:17664: checking for intptr_t
configure:17664: gcc -c -g -O2  conftest.c >&5
configure:17664: $? = 0
configure:17664: gcc -c -g -O2  conftest.c >&5
conftest.c: In function 'main':
conftest.c:385:23: error: expected expression before ')' token
  385 | if (sizeof ((intptr_t)))
      |                       ^
configure:17664: $? = 1
configure: failed program was:
| /* confdefs.h */
| #define PACKAGE_NAME "bash"
| #define PACKAGE_TARNAME "bash"
| #define PACKAGE_VERSION "5.3-release"
| #define PACKAGE_STRING "bash 5.3-release"
| #define PACKAGE_BUGREPORT "bug-bash@gnu.org"
| #define PACKAGE_URL ""
| #define USING_BASH_MALLOC 1
| #define ALIAS 1
| #define PUSHD_AND_POPD 1
| #define RESTRICTED_SHELL 1
| #define PROCESS_SUBSTITUTION 1
| #define PROMPT_STRING_DECODE 1
| #define SELECT_COMMAND 1
| #define HELP_BUILTIN 1
| #define ARRAY_VARS 1
| #define DPAREN_ARITHMETIC 1
| #define BRACE_EXPANSION 1
| #define COMMAND_TIMING 1
| #define EXTENDED_GLOB 1
| #define EXTGLOB_DEFAULT 0
| #define COND_COMMAND 1
| #define COND_REGEXP 1
| #define COPROCESS_SUPPORT 1
| #define ARITH_FOR_COMMAND 1
| #define NETWORK_REDIRECTIONS 1
| #define PROGRAMMABLE_COMPLETION 1
| #define DEBUGGER 1
| #define CASEMOD_ATTRS 1
| #define CASEMOD_EXPANSIONS 1
| #define GLOBASCII_DEFAULT 1
| #define FUNCTION_IMPORT 1
| #define TRANSLATABLE_STRINGS 1
| #define BASH_SOURCE_FULLPATH_DEFAULT 0
| #define MEMSCRAMBLE 1
| #define HAVE_STDIO_H 1
| #define HAVE_STDLIB_H 1
| #define HAVE_STRING_H 1
| #define HAVE_INTTYPES_H 1
| #define HAVE_STDINT_H 1
| #define HAVE_STRINGS_H 1
| #define HAVE_SYS_STAT_H 1
| #define HAVE_SYS_TYPES_H 1
| #define HAVE_UNISTD_H 1
| #define HAVE_WCHAR_H 1
| #define HAVE_STDBOOL_H 1
| #define HAVE_SYS_PARAM_H 1
| #define HAVE_THREADS_H 1
| #define HAVE_SYS_TIME_H 1
| #define STDC_HEADERS 1
| #define _ALL_SOURCE 1
| #define _DARWIN_C_SOURCE 1
| #define _GNU_SOURCE 1
| #define _HPUX_ALT_XOPEN_SOCKET_API 1
| #define _NETBSD_SOURCE 1
| #define _OPENBSD_SOURCE 1
| #define _POSIX_PTHREAD_SEMANTICS 1
| #define __STDC_WANT_IEC_60559_ATTRIBS_EXT__ 1
| #define __STDC_WANT_IEC_60559_BFP_EXT__ 1
| #define __STDC_WANT_IEC_60559_DFP_EXT__ 1
| #define __STDC_WANT_IEC_60559_FUNCS_EXT__ 1
| #define __STDC_WANT_IEC_60559_TYPES_EXT__ 1
| #define __STDC_WANT_LIB_EXT2__ 1
| #define __STDC_WANT_MATH_SPEC_FUNCS__ 1
| #define _TANDEM_SOURCE 1
| #define __EXTENSIONS__ 1
| #define READLINE 1
| #define HISTORY 1
| #define BANG_HISTORY 1
| #define HAVE_STRINGIZE 1
| #define HAVE_LONG_DOUBLE 1
| #define restrict __restrict__
| #define HAVE_VISIBILITY 1
| #define HAVE_STDINT_H_WITH_UINTMAX 1
| #define HAVE_ALLOCA_H 1
| #define HAVE_ALLOCA 1
| #define HAVE_GETPAGESIZE 1
| #define HAVE_SYMLINK 1
| #define HAVE_USELOCALE 1
| #define HAVE_VPRINTF 1
| #define HAVE_ALARM 1
| #define HAVE___FPURGE 1
| #define HAVE_SNPRINTF 1
| #define HAVE_VSNPRINTF 1
| #define HAVE_MMAP 1
| #define INTDIV0_RAISES_SIGFPE 1
| #define HAVE_INTTYPES_H_WITH_UINTMAX 1
| #define HAVE_UNSIGNED_LONG_LONG_INT 1
| #define HAVE_UINTMAX_T 1
| #define HAVE_WEAK_SYMBOLS 1
| #define HAVE_PTHREAD_API 1
| #define USE_POSIX_THREADS 1
| #define USE_POSIX_THREADS_FROM_LIBC 1
| #define HAVE_PTHREAD_RWLOCK 1
| #define HAVE_PTHREAD_MUTEX_RECURSIVE 1
| #define HAVE_ICONV 1
| #define ICONV_CONST 
| #define HAVE_BUILTIN_EXPECT 1
| #define HAVE_INTTYPES_H 1
| #define HAVE_UNISTD_H 1
| #define HAVE_SYS_PARAM_H 1
| #define HAVE_GETCWD 1
| #define HAVE_GETEGID 1
| #define HAVE_GETEUID 1
| #define HAVE_GETGID 1
| #define HAVE_GETUID 1
| #define HAVE_MEMPCPY 1
| #define HAVE_MUNMAP 1
| #define HAVE_STPCPY 1
| #define HAVE_STRCASECMP 1
| #define HAVE_TSEARCH 1
| #define HAVE___FSETLOCKING 1
| #define HAVE_DECL_FEOF_UNLOCKED 1
| #define HAVE_DECL_FGETS_UNLOCKED 1
| #define HAVE_LOCALECONV 1
| #define HAVE_LONG_LONG_INT 1
| #define HAVE_WCHAR_T 1
| #define HAVE_WINT_T 1
| #define HAVE_INTMAX_T 1
| #define HAVE_POSIX_PRINTF 1
| #define HAVE_STDINT_H 1
| #define HAVE_STDINT_H 1
| #define HAVE_WORKING_O_NOATIME 0
| #define HAVE_WORKING_O_NOFOLLOW 0
| #define HAVE_WORKING_USELOCALE 1
| #define HAVE_GOOD_USELOCALE 1
| #define FLEXIBLE_ARRAY_MEMBER /**/
| #define HAVE_FEATURES_H 1
| #define HAVE_STDDEF_H 1
| #define HAVE_STDLIB_H 1
| #define HAVE_STRING_H 1
| #define HAVE_ASPRINTF 1
| #define HAVE_WPRINTF 1
| #define HAVE_NEWLOCALE 1
| #define HAVE_PUTENV 1
| #define HAVE_SETENV 1
| #define HAVE_SNPRINTF 1
| #define HAVE_STRNLEN 1
| #define HAVE_USELOCALE 1
| #define HAVE_WCSLEN 1
| #define HAVE_WCSNLEN 1
| #define HAVE_MBRTOWC 1
| #define HAVE_WCRTOMB 1
| #define HAVE_DECL__SNPRINTF 0
| #define HAVE_DECL__SNWPRINTF 0
| #define HAVE_DECL_GETC_UNLOCKED 1
| #define HAVE_NL_LANGINFO 1
| #define HAVE_LANGINFO_CODESET 1
| #define HAVE_LC_MESSAGES 1
| #define ENABLE_NLS 1
| #define HAVE_GETTEXT 1
| #define HAVE_DCGETTEXT 1
| #define HAVE_DIRENT_H 1
| #define MAJOR_IN_SYSMACROS 1
| #define HAVE_INTTYPES_H 1
| #define HAVE_UNISTD_H 1
| #define HAVE_STDLIB_H 1
| #define HAVE_LIMITS_H 1
| #define HAVE_STRING_H 1
| #define HAVE_MEMORY_H 1
| #define HAVE_LOCALE_H 1
| #define HAVE_TERMCAP_H 1
| #define HAVE_TERMIO_H 1
| #define HAVE_TERMIOS_H 1
| #define HAVE_DLFCN_H 1
| #define HAVE_STDDEF_H 1
| #define HAVE_STDINT_H 1
| #define HAVE_NETDB_H 1
| #define HAVE_PWD_H 1
| #define HAVE_GRP_H 1
| #define HAVE_STRINGS_H 1
| #define HAVE_REGEX_H 1
| #define HAVE_SYSLOG_H 1
| #define HAVE_ULIMIT_H 1
| #define HAVE_SYS_SELECT_H 1
| #define HAVE_SYS_FILE_H 1
| #define HAVE_SYS_IOCTL_H 1
| #define HAVE_SYS_MMAN_H 1
| #define HAVE_SYS_PARAM_H 1
| #define HAVE_SYS_RANDOM_H 1
| #define HAVE_SYS_SOCKET_H 1
| #define HAVE_SYS_STAT_H 1
| #define HAVE_SYS_TIME_H 1
| #define HAVE_SYS_TIMES_H 1
| #define HAVE_SYS_TYPES_H 1
| #define HAVE_SYS_WAIT_H 1
| #define HAVE_NETINET_IN_H 1
| #define HAVE_ARPA_INET_H 1
| #define HAVE_SYS_RESOURCE_H 1
| #define HAVE_ALLOCA_H 1
| #define HAVE_ALLOCA 1
| #define HAVE_CHOWN 1
| #define GETPGRP_VOID 1
| #define HAVE_STRCOLL 1
| #define HAVE_WAIT3 1
| #define HAVE_MKFIFO 1
| #define HAVE_DUP2 1
| #define HAVE_EACCESS 1
| #define HAVE_FCNTL 1
| #define HAVE_GETDTABLESIZE 1
| #define HAVE_GETENTROPY 1
| #define HAVE_GETGROUPS 1
| #define HAVE_GETHOSTNAME 1
| #define HAVE_GETPAGESIZE 1
| #define HAVE_GETPEERNAME 1
| #define HAVE_GETRANDOM 1
| #define HAVE_GETRLIMIT 1
| #define HAVE_GETRUSAGE 1
| #define HAVE_GETTIMEOFDAY 1
| #define HAVE_KILL 1
| #define HAVE_KILLPG 1
| #define HAVE_LSTAT 1
| #define HAVE_NANOSLEEP 1
| #define HAVE_PSELECT 1
| #define HAVE_READLINK 1
| #define HAVE_SELECT 1
| #define HAVE_SETITIMER 1
| #define HAVE_STATFS 1
| #define HAVE_TCGETPGRP 1
| #define HAVE_UNAME 1
| #define HAVE_ULIMIT 1
| #define HAVE_WAITPID 1
| #define HAVE_RENAME 1
| #define HAVE_BCOPY 1
| #define HAVE_BZERO 1
| #define HAVE_CLOCK_GETTIME 1
| #define HAVE_CONFSTR 1
| #define HAVE_FACCESSAT 1
| #define HAVE_FNMATCH 1
| #define HAVE_GETADDRINFO 1
| #define HAVE_GETHOSTBYNAME 1
| #define HAVE_GETSERVBYNAME 1
| #define HAVE_GETSERVENT 1
| #define HAVE_INET_ATON 1
| #define HAVE_IMAXDIV 1
| #define HAVE_MEMMOVE 1
| #define HAVE_PATHCONF 1
| #define HAVE_PUTENV 1
| #define HAVE_RAISE 1
| #define HAVE_RANDOM 1
| #define HAVE_REGCOMP 1
| #define HAVE_REGEXEC 1
| #define HAVE_SETENV 1
| #define HAVE_SETLINEBUF 1
| #define HAVE_SETLOCALE 1
| #define HAVE_SETVBUF 1
| #define HAVE_SIGINTERRUPT 1
| #define HAVE_STRCHR 1
| #define HAVE_SYSCONF 1
| #define HAVE_SYSLOG 1
| #define HAVE_TCGETATTR 1
| #define HAVE_TIMES 1
| #define HAVE_TTYNAME 1
| #define HAVE_TZSET 1
| #define HAVE_UNSETENV 1
| #define HAVE_VASPRINTF 1
| #define HAVE_ASPRINTF 1
| #define HAVE_ISASCII 1
| #define HAVE_ISBLANK 1
| #define HAVE_ISGRAPH 1
| #define HAVE_ISPRINT 1
| #define HAVE_ISSPACE 1
| #define HAVE_ISXDIGIT 1
| #define HAVE_GETPWENT 1
| #define HAVE_GETPWNAM 1
| #define HAVE_GETPWUID 1
| #define HAVE_MKSTEMP 1
| #define HAVE_MKDTEMP 1
| #define HAVE_ARC4RANDOM 1
| #define HAVE_STRLCAT 1
| #define HAVE_MEMFD_CREATE 1
| #define HAVE_SHM_OPEN 1
| #define HAVE_GETCWD 1
| #define HAVE_MEMSET 1
| #define HAVE_STRCASECMP 1
| #define HAVE_STRCASESTR 1
| #define HAVE_STRERROR 1
| #define HAVE_STRFTIME 1
| #define HAVE_STRNLEN 1
| #define HAVE_STRPBRK 1
| #define HAVE_STRSTR 1
| #define HAVE_STRTOD 1
| #define HAVE_STRTOL 1
| #define HAVE_STRTOUL 1
| #define HAVE_STRTOLL 1
| #define HAVE_STRTOULL 1
| #define HAVE_STRTOUMAX 1
| #define HAVE_DPRINTF 1
| #define HAVE_STRDUP 1
| #define HAVE_STRLCPY 1
| #define HAVE_REALLOCARRAY 1
| #define HAVE_DECL_AUDIT_USER_TTY 1
| #define HAVE_DECL_CONFSTR 1
| #define HAVE_DECL_PRINTF 1
| #define HAVE_DECL_BRK 1
| #define HAVE_DECL_SBRK 1
| #define HAVE_DECL_SETREGID 1
| #define HAVE_DECL_STRCPY 1
| #define HAVE_DECL_STRSIGNAL 1
| #define HAVE_SETRESUID 1
| #define HAVE_SETRESGID 1
| #define HAVE_DECL_STRTOLD 1
| #define HAVE_DECL_STRTOL 1
| #define HAVE_DECL_STRTOLL 1
| #define HAVE_DECL_STRTOUL 1
| #define HAVE_DECL_STRTOULL 1
| #define HAVE_DECL_STRTOUMAX 1
| #define HAVE_ARGZ_H 1
| #define HAVE_ERRNO_H 1
| #define HAVE_FCNTL_H 1
| #define HAVE_MALLOC_H 1
| #define HAVE_STDIO_EXT_H 1
| #define HAVE_MALLOC 1
| #define HAVE_MMAP 1
| #define HAVE___ARGZ_COUNT 1
| #define HAVE___ARGZ_NEXT 1
| #define HAVE___ARGZ_STRINGIFY 1
| #define HAVE_DCGETTEXT 1
| #define HAVE_MEMPCPY 1
| #define HAVE_MUNMAP 1
| #define HAVE_MREMAP 1
| #define HAVE_STPCPY 1
| #define HAVE_STRCSPN 1
| #define HAVE_WCTYPE_H 1
| #define HAVE_WCHAR_H 1
| #define HAVE_LANGINFO_H 1
| #define HAVE_MBRLEN 1
| #define HAVE_MBSNRTOWCS 1
| #define HAVE_MBSRTOWCS 1
| #define HAVE_WCRTOMB 1
| #define HAVE_WCSCOLL 1
| #define HAVE_WCSDUP 1
| #define HAVE_WCWIDTH 1
| #define HAVE_WCTYPE 1
| #define HAVE_WCSNRTOMBS 1
| #define HAVE_WCSWIDTH 1
| #define HAVE_MBRTOWC 1
| #define HAVE_MBSTATE_T 1
| #define HAVE_ISWLOWER 1
| #define HAVE_ISWUPPER 1
| #define HAVE_TOWLOWER 1
| #define HAVE_TOWUPPER 1
| #define HAVE_ISWCTYPE 1
| #define HAVE_WCHAR_T 1
| #define HAVE_WCTYPE_T 1
| #define HAVE_WINT_T 1
| #define SIZEOF_WCHAR_T 4
| #define HAVE_LIBDL 1
| #define HAVE_DLOPEN 1
| #define HAVE_DLCLOSE 1
| #define HAVE_DLSYM 1
| #define GETGROUPS_T gid_t
| /* end confdefs.h.  */
| #include <stddef.h>
| #ifdef HAVE_STDIO_H
| # include <stdio.h>
| #endif
| #ifdef HAVE_STDLIB_H
| # include <stdlib.h>
| #endif
| #ifdef HAVE_STRING_H
| # include <string.h>
| #endif
| #ifdef HAVE_INTTYPES_H
| # include <inttypes.h>
| #endif
| #ifdef HAVE_STDINT_H
| # include <stdint.h>
| #endif
| #ifdef HAVE_STRINGS_H
| # include <strings.h>
| #endif
| #ifdef HAVE_SYS_TYPES_H
| # include <sys/types.h>
| #endif
| #ifdef HAVE_SYS_STAT_H
| # include <sys/stat.h>
| #endif
| #ifdef HAVE_UNISTD_H
| # include <unistd.h>
| #endif
| int
| main (void)
| {
| if (sizeof ((intptr_t)))
| 	    return 0;
|   ;
|   return 0;
| }
configure:17664: result: yes
configure:17700: checking for uintptr_t
configure:17700: gcc -c -g -O2  conftest.c >&5
configure:17700: $? = 0
configure:17700: gcc -c -g -O2  conftest.c >&5
conftest.c: In function 'main':
conftest.c:386:24: error: expected expression before ')' token
  386 | if (sizeof ((uintptr_t)))
      |                        ^
configure:17700: $? = 1
configure: failed program was:
| /* confdefs.h */
| #define PACKAGE_NAME "bash"
| #define PACKAGE_TARNAME "bash"
| #define PACKAGE_VERSION "5.3-release"
| #define PACKAGE_STRING "bash 5.3-release"
| #define PACKAGE_BUGREPORT "bug-bash@gnu.org"
| #define PACKAGE_URL ""
| #define USING_BASH_MALLOC 1
| #define ALIAS 1
| #define PUSHD_AND_POPD 1
| #define RESTRICTED_SHELL 1
| #define PROCESS_SUBSTITUTION 1
| #define PROMPT_STRING_DECODE 1
| #define SELECT_COMMAND 1
| #define HELP_BUILTIN 1
| #define ARRAY_VARS 1
| #define DPAREN_ARITHMETIC 1
| #define BRACE_EXPANSION 1
| #define COMMAND_TIMING 1
| #define EXTENDED_GLOB 1
| #define EXTGLOB_DEFAULT 0
| #define COND_COMMAND 1
| #define COND_REGEXP 1
| #define COPROCESS_SUPPORT 1
| #define ARITH_FOR_COMMAND 1
| #define NETWORK_REDIRECTIONS 1
| #define PROGRAMMABLE_COMPLETION 1
| #define DEBUGGER 1
| #define CASEMOD_ATTRS 1
| #define CASEMOD_EXPANSIONS 1
| #define GLOBASCII_DEFAULT 1
| #define FUNCTION_IMPORT 1
| #define TRANSLATABLE_STRINGS 1
| #define BASH_SOURCE_FULLPATH_DEFAULT 0
| #define MEMSCRAMBLE 1
| #define HAVE_STDIO_H 1
| #define HAVE_STDLIB_H 1
| #define HAVE_STRING_H 1
| #define HAVE_INTTYPES_H 1
| #define HAVE_STDINT_H 1
| #define HAVE_STRINGS_H 1
| #define HAVE_SYS_STAT_H 1
| #define HAVE_SYS_TYPES_H 1
| #define HAVE_UNISTD_H 1
| #define HAVE_WCHAR_H 1
| #define HAVE_STDBOOL_H 1
| #define HAVE_SYS_PARAM_H 1
| #define HAVE_THREADS_H 1
| #define HAVE_SYS_TIME_H 1
| #define STDC_HEADERS 1
| #define _ALL_SOURCE 1
| #define _DARWIN_C_SOURCE 1
| #define _GNU_SOURCE 1
| #define _HPUX_ALT_XOPEN_SOCKET_API 1
| #define _NETBSD_SOURCE 1
| #define _OPENBSD_SOURCE 1
| #define _POSIX_PTHREAD_SEMANTICS 1
| #define __STDC_WANT_IEC_60559_ATTRIBS_EXT__ 1
| #define __STDC_WANT_IEC_60559_BFP_EXT__ 1
| #define __STDC_WANT_IEC_60559_DFP_EXT__ 1
| #define __STDC_WANT_IEC_60559_FUNCS_EXT__ 1
| #define __STDC_WANT_IEC_60559_TYPES_EXT__ 1
| #define __STDC_WANT_LIB_EXT2__ 1
| #define __STDC_WANT_MATH_SPEC_FUNCS__ 1
| #define _TANDEM_SOURCE 1
| #define __EXTENSIONS__ 1
| #define READLINE 1
| #define HISTORY 1
| #define BANG_HISTORY 1
| #define HAVE_STRINGIZE 1
| #define HAVE_LONG_DOUBLE 1
| #define restrict __restrict__
| #define HAVE_VISIBILITY 1
| #define HAVE_STDINT_H_WITH_UINTMAX 1
| #define HAVE_ALLOCA_H 1
| #define HAVE_ALLOCA 1
| #define HAVE_GETPAGESIZE 1
| #define HAVE_SYMLINK 1
| #define HAVE_USELOCALE 1
| #define HAVE_VPRINTF 1
| #define HAVE_ALARM 1
| #define HAVE___FPURGE 1
| #define HAVE_SNPRINTF 1
| #define HAVE_VSNPRINTF 1
| #define HAVE_MMAP 1
| #define INTDIV0_RAISES_SIGFPE 1
| #define HAVE_INTTYPES_H_WITH_UINTMAX 1
| #define HAVE_UNSIGNED_LONG_LONG_INT 1
| #define HAVE_UINTMAX_T 1
| #define HAVE_WEAK_SYMBOLS 1
| #define HAVE_PTHREAD_API 1
| #define USE_POSIX_THREADS 1
| #define USE_POSIX_THREADS_FROM_LIBC 1
| #define HAVE_PTHREAD_RWLOCK 1
| #define HAVE_PTHREAD_MUTEX_RECURSIVE 1
| #define HAVE_ICONV 1
| #define ICONV_CONST 
| #define HAVE_BUILTIN_EXPECT 1
| #define HAVE_INTTYPES_H 1
| #define HAVE_UNISTD_H 1
| #define HAVE_SYS_PARAM_H 1
| #define HAVE_GETCWD 1
| #define HAVE_GETEGID 1
| #define HAVE_GETEUID 1
| #define HAVE_GETGID 1
| #define HAVE_GETUID 1
| #define HAVE_MEMPCPY 1
| #define HAVE_MUNMAP 1
| #define HAVE_STPCPY 1
| #define HAVE_STRCASECMP 1
| #define HAVE_TSEARCH 1
| #define HAVE___FSETLOCKING 1
| #define HAVE_DECL_FEOF_UNLOCKED 1
| #define HAVE_DECL_FGETS_UNLOCKED 1
| #define HAVE_LOCALECONV 1
| #define HAVE_LONG_LONG_INT 1
| #define HAVE_WCHAR_T 1
| #define HAVE_WINT_T 1
| #define HAVE_INTMAX_T 1
| #define HAVE_POSIX_PRINTF 1
| #define HAVE_STDINT_H 1
| #define HAVE_STDINT_H 1
| #define HAVE_WORKING_O_NOATIME 0
| #define HAVE_WORKING_O_NOFOLLOW 0
| #define HAVE_WORKING_USELOCALE 1
| #define HAVE_GOOD_USELOCALE 1
| #define FLEXIBLE_ARRAY_MEMBER /**/
| #define HAVE_FEATURES_H 1
| #define HAVE_STDDEF_H 1
| #define HAVE_STDLIB_H 1
| #define HAVE_STRING_H 1
| #define HAVE_ASPRINTF 1
| #define HAVE_WPRINTF 1
| #define HAVE_NEWLOCALE 1
| #define HAVE_PUTENV 1
| #define HAVE_SETENV 1
| #define HAVE_SNPRINTF 1
| #define HAVE_STRNLEN 1
| #define HAVE_USELOCALE 1
| #define HAVE_WCSLEN 1
| #define HAVE_WCSNLEN 1
| #define HAVE_MBRTOWC 1
| #define HAVE_WCRTOMB 1
| #define HAVE_DECL__SNPRINTF 0
| #define HAVE_DECL__SNWPRINTF 0
| #define HAVE_DECL_GETC_UNLOCKED 1
| #define HAVE_NL_LANGINFO 1
| #define HAVE_LANGINFO_CODESET 1
| #define HAVE_LC_MESSAGES 1
| #define ENABLE_NLS 1
| #define HAVE_GETTEXT 1
| #define HAVE_DCGETTEXT 1
| #define HAVE_DIRENT_H 1
| #define MAJOR_IN_SYSMACROS 1
| #define HAVE_INTTYPES_H 1
| #define HAVE_UNISTD_H 1
| #define HAVE_STDLIB_H 1
| #define HAVE_LIMITS_H 1
| #define HAVE_STRING_H 1
| #define HAVE_MEMORY_H 1
| #define HAVE_LOCALE_H 1
| #define HAVE_TERMCAP_H 1
| #define HAVE_TERMIO_H 1
| #define HAVE_TERMIOS_H 1
| #define HAVE_DLFCN_H 1
| #define HAVE_STDDEF_H 1
| #define HAVE_STDINT_H 1
| #define HAVE_NETDB_H 1
| #define HAVE_PWD_H 1
| #define HAVE_GRP_H 1
| #define HAVE_STRINGS_H 1
| #define HAVE_REGEX_H 1
| #define HAVE_SYSLOG_H 1
| #define HAVE_ULIMIT_H 1
| #define HAVE_SYS_SELECT_H 1
| #define HAVE_SYS_FILE_H 1
| #define HAVE_SYS_IOCTL_H 1
| #define HAVE_SYS_MMAN_H 1
| #define HAVE_SYS_PARAM_H 1
| #define HAVE_SYS_RANDOM_H 1
| #define HAVE_SYS_SOCKET_H 1
| #define HAVE_SYS_STAT_H 1
| #define HAVE_SYS_TIME_H 1
| #define HAVE_SYS_TIMES_H 1
| #define HAVE_SYS_TYPES_H 1
| #define HAVE_SYS_WAIT_H 1
| #define HAVE_NETINET_IN_H 1
| #define HAVE_ARPA_INET_H 1
| #define HAVE_SYS_RESOURCE_H 1
| #define HAVE_ALLOCA_H 1
| #define HAVE_ALLOCA 1
| #define HAVE_CHOWN 1
| #define GETPGRP_VOID 1
| #define HAVE_STRCOLL 1
| #define HAVE_WAIT3 1
| #define HAVE_MKFIFO 1
| #define HAVE_DUP2 1
| #define HAVE_EACCESS 1
| #define HAVE_FCNTL 1
| #define HAVE_GETDTABLESIZE 1
| #define HAVE_GETENTROPY 1
| #define HAVE_GETGROUPS 1
| #define HAVE_GETHOSTNAME 1
| #define HAVE_GETPAGESIZE 1
| #define HAVE_GETPEERNAME 1
| #define HAVE_GETRANDOM 1
| #define HAVE_GETRLIMIT 1
| #define HAVE_GETRUSAGE 1
| #define HAVE_GETTIMEOFDAY 1
| #define HAVE_KILL 1
| #define HAVE_KILLPG 1
| #define HAVE_LSTAT 1
| #define HAVE_NANOSLEEP 1
| #define HAVE_PSELECT 1
| #define HAVE_READLINK 1
| #define HAVE_SELECT 1
| #define HAVE_SETITIMER 1
| #define HAVE_STATFS 1
| #define HAVE_TCGETPGRP 1
| #define HAVE_UNAME 1
| #define HAVE_ULIMIT 1
| #define HAVE_WAITPID 1
| #define HAVE_RENAME 1
| #define HAVE_BCOPY 1
| #define HAVE_BZERO 1
| #define HAVE_CLOCK_GETTIME 1
| #define HAVE_CONFSTR 1
| #define HAVE_FACCESSAT 1
| #define HAVE_FNMATCH 1
| #define HAVE_GETADDRINFO 1
| #define HAVE_GETHOSTBYNAME 1
| #define HAVE_GETSERVBYNAME 1
| #define HAVE_GETSERVENT 1
| #define HAVE_INET_ATON 1
| #define HAVE_IMAXDIV 1
| #define HAVE_MEMMOVE 1
| #define HAVE_PATHCONF 1
| #define HAVE_PUTENV 1
| #define HAVE_RAISE 1
| #define HAVE_RANDOM 1
| #define HAVE_REGCOMP 1
| #define HAVE_REGEXEC 1
| #define HAVE_SETENV 1
| #define HAVE_SETLINEBUF 1
| #define HAVE_SETLOCALE 1
| #define HAVE_SETVBUF 1
| #define HAVE_SIGINTERRUPT 1
| #define HAVE_STRCHR 1
| #define HAVE_SYSCONF 1
| #define HAVE_SYSLOG 1
| #define HAVE_TCGETATTR 1
| #define HAVE_TIMES 1
| #define HAVE_TTYNAME 1
| #define HAVE_TZSET 1
| #define HAVE_UNSETENV 1
| #define HAVE_VASPRINTF 1
| #define HAVE_ASPRINTF 1
| #define HAVE_ISASCII 1
| #define HAVE_ISBLANK 1
| #define HAVE_ISGRAPH 1
| #define HAVE_ISPRINT 1
| #define HAVE_ISSPACE 1
| #define HAVE_ISXDIGIT 1
| #define HAVE_GETPWENT 1
| #define HAVE_GETPWNAM 1
| #define HAVE_GETPWUID 1
| #define HAVE_MKSTEMP 1
| #define HAVE_MKDTEMP 1
| #define HAVE_ARC4RANDOM 1
| #define HAVE_STRLCAT 1
| #define HAVE_MEMFD_CREATE 1
| #define HAVE_SHM_OPEN 1
| #define HAVE_GETCWD 1
| #define HAVE_MEMSET 1
| #define HAVE_STRCASECMP 1
| #define HAVE_STRCASESTR 1
| #define HAVE_STRERROR 1
| #define HAVE_STRFTIME 1
| #define HAVE_STRNLEN 1
| #define HAVE_STRPBRK 1
| #define HAVE_STRSTR 1
| #define HAVE_STRTOD 1
| #define HAVE_STRTOL 1
| #define HAVE_STRTOUL 1
| #define HAVE_STRTOLL 1
| #define HAVE_STRTOULL 1
| #define HAVE_STRTOUMAX 1
| #define HAVE_DPRINTF 1
| #define HAVE_STRDUP 1
| #define HAVE_STRLCPY 1
| #define HAVE_REALLOCARRAY 1
| #define HAVE_DECL_AUDIT_USER_TTY 1
| #define HAVE_DECL_CONFSTR 1
| #define HAVE_DECL_PRINTF 1
| #define HAVE_DECL_BRK 1
| #define HAVE_DECL_SBRK 1
| #define HAVE_DECL_SETREGID 1
| #define HAVE_DECL_STRCPY 1
| #define HAVE_DECL_STRSIGNAL 1
| #define HAVE_SETRESUID 1
| #define HAVE_SETRESGID 1
| #define HAVE_DECL_STRTOLD 1
| #define HAVE_DECL_STRTOL 1
| #define HAVE_DECL_STRTOLL 1
| #define HAVE_DECL_STRTOUL 1
| #define HAVE_DECL_STRTOULL 1
| #define HAVE_DECL_STRTOUMAX 1
| #define HAVE_ARGZ_H 1
| #define HAVE_ERRNO_H 1
| #define HAVE_FCNTL_H 1
| #define HAVE_MALLOC_H 1
| #define HAVE_STDIO_EXT_H 1
| #define HAVE_MALLOC 1
| #define HAVE_MMAP 1
| #define HAVE___ARGZ_COUNT 1
| #define HAVE___ARGZ_NEXT 1
| #define HAVE___ARGZ_STRINGIFY 1
| #define HAVE_DCGETTEXT 1
| #define HAVE_MEMPCPY 1
| #define HAVE_MUNMAP 1
| #define HAVE_MREMAP 1
| #define HAVE_STPCPY 1
| #define HAVE_STRCSPN 1
| #define HAVE_WCTYPE_H 1
| #define HAVE_WCHAR_H 1
| #define HAVE_LANGINFO_H 1
| #define HAVE_MBRLEN 1
| #define HAVE_MBSNRTOWCS 1
| #define HAVE_MBSRTOWCS 1
| #define HAVE_WCRTOMB 1
| #define HAVE_WCSCOLL 1
| #define HAVE_WCSDUP 1
| #define HAVE_WCWIDTH 1
| #define HAVE_WCTYPE 1
| #define HAVE_WCSNRTOMBS 1
| #define HAVE_WCSWIDTH 1
| #define HAVE_MBRTOWC 1
| #define HAVE_MBSTATE_T 1
| #define HAVE_ISWLOWER 1
| #define HAVE_ISWUPPER 1
| #define HAVE_TOWLOWER 1
| #define HAVE_TOWUPPER 1
| #define HAVE_ISWCTYPE 1
| #define HAVE_WCHAR_T 1
| #define HAVE_WCTYPE_T 1
| #define HAVE_WINT_T 1
| #define SIZEOF_WCHAR_T 4
| #define HAVE_LIBDL 1
| #define HAVE_DLOPEN 1
| #define HAVE_DLCLOSE 1
| #define HAVE_DLSYM 1
| #define GETGROUPS_T gid_t
| #define HAVE_INTPTR_T 1
| /* end confdefs.h.  */
| #include <stddef.h>
| #ifdef HAVE_STDIO_H
| # include <stdio.h>
| #endif
| #ifdef HAVE_STDLIB_H
| # include <stdlib.h>
| #endif
| #ifdef HAVE_STRING_H
| # include <string.h>
| #endif
| #ifdef HAVE_INTTYPES_H
| # include <inttypes.h>
| #endif
| #ifdef HAVE_STDINT_H
| # include <stdint.h>
| #endif
| #ifdef HAVE_STRINGS_H
| # include <strings.h>
| #endif
| #ifdef HAVE_SYS_TYPES_H
| # include <sys/types.h>
| #endif
| #ifdef HAVE_SYS_STAT_H
| # include <sys/stat.h>
| #endif
| #ifdef HAVE_UNISTD_H
| # include <unistd.h>
| #endif
| int
| main (void)
| {
| if (sizeof ((uintptr_t)))
| 	    return 0;
|   ;
|   return 0;
| }
configure:17700: result: yes
configure:17737: checking for ssize_t
configure:17737: gcc -c -g -O2  conftest.c >&5
configure:17737: $? = 0
configure:17737: gcc -c -g -O2  conftest.c >&5
conftest.c: In function 'main':
conftest.c:387:22: error: expected expression before ')' token
  387 | if (sizeof ((ssize_t)))
      |                      ^
configure:17737: $? = 1
configure: failed program was:
| /* confdefs.h */
| #define PACKAGE_NAME "bash"
| #define PACKAGE_TARNAME "bash"
| #define PACKAGE_VERSION "5.3-release"
| #define PACKAGE_STRING "bash 5.3-release"
| #define PACKAGE_BUGREPORT "bug-bash@gnu.org"
| #define PACKAGE_URL ""
| #define USING_BASH_MALLOC 1
| #define ALIAS 1
| #define PUSHD_AND_POPD 1
| #define RESTRICTED_SHELL 1
| #define PROCESS_SUBSTITUTION 1
| #define PROMPT_STRING_DECODE 1
| #define SELECT_COMMAND 1
| #define HELP_BUILTIN 1
| #define ARRAY_VARS 1
| #define DPAREN_ARITHMETIC 1
| #define BRACE_EXPANSION 1
| #define COMMAND_TIMING 1
| #define EXTENDED_GLOB 1
| #define EXTGLOB_DEFAULT 0
| #define COND_COMMAND 1
| #define COND_REGEXP 1
| #define COPROCESS_SUPPORT 1
| #define ARITH_FOR_COMMAND 1
| #define NETWORK_REDIRECTIONS 1
| #define PROGRAMMABLE_COMPLETION 1
| #define DEBUGGER 1
| #define CASEMOD_ATTRS 1
| #define CASEMOD_EXPANSIONS 1
| #define GLOBASCII_DEFAULT 1
| #define FUNCTION_IMPORT 1
| #define TRANSLATABLE_STRINGS 1
| #define BASH_SOURCE_FULLPATH_DEFAULT 0
| #define MEMSCRAMBLE 1
| #define HAVE_STDIO_H 1
| #define HAVE_STDLIB_H 1
| #define HAVE_STRING_H 1
| #define HAVE_INTTYPES_H 1
| #define HAVE_STDINT_H 1
| #define HAVE_STRINGS_H 1
| #define HAVE_SYS_STAT_H 1
| #define HAVE_SYS_TYPES_H 1
| #define HAVE_UNISTD_H 1
| #define HAVE_WCHAR_H 1
| #define HAVE_STDBOOL_H 1
| #define HAVE_SYS_PARAM_H 1
| #define HAVE_THREADS_H 1
| #define HAVE_SYS_TIME_H 1
| #define STDC_HEADERS 1
| #define _ALL_SOURCE 1
| #define _DARWIN_C_SOURCE 1
| #define _GNU_SOURCE 1
| #define _HPUX_ALT_XOPEN_SOCKET_API 1
| #define _NETBSD_SOURCE 1
| #define _OPENBSD_SOURCE 1
| #define _POSIX_PTHREAD_SEMANTICS 1
| #define __STDC_WANT_IEC_60559_ATTRIBS_EXT__ 1
| #define __STDC_WANT_IEC_60559_BFP_EXT__ 1
| #define __STDC_WANT_IEC_60559_DFP_EXT__ 1
| #define __STDC_WANT_IEC_60559_FUNCS_EXT__ 1
| #define __STDC_WANT_IEC_60559_TYPES_EXT__ 1
| #define __STDC_WANT_LIB_EXT2__ 1
| #define __STDC_WANT_MATH_SPEC_FUNCS__ 1
| #define _TANDEM_SOURCE 1
| #define __EXTENSIONS__ 1
| #define READLINE 1
| #define HISTORY 1
| #define BANG_HISTORY 1
| #define HAVE_STRINGIZE 1
| #define HAVE_LONG_DOUBLE 1
| #define restrict __restrict__
| #define HAVE_VISIBILITY 1
| #define HAVE_STDINT_H_WITH_UINTMAX 1
| #define HAVE_ALLOCA_H 1
| #define HAVE_ALLOCA 1
| #define HAVE_GETPAGESIZE 1
| #define HAVE_SYMLINK 1
| #define HAVE_USELOCALE 1
| #define HAVE_VPRINTF 1
| #define HAVE_ALARM 1
| #define HAVE___FPURGE 1
| #define HAVE_SNPRINTF 1
| #define HAVE_VSNPRINTF 1
| #define HAVE_MMAP 1
| #define INTDIV0_RAISES_SIGFPE 1
| #define HAVE_INTTYPES_H_WITH_UINTMAX 1
| #define HAVE_UNSIGNED_LONG_LONG_INT 1
| #define HAVE_UINTMAX_T 1
| #define HAVE_WEAK_SYMBOLS 1
| #define HAVE_PTHREAD_API 1
| #define USE_POSIX_THREADS 1
| #define USE_POSIX_THREADS_FROM_LIBC 1
| #define HAVE_PTHREAD_RWLOCK 1
| #define HAVE_PTHREAD_MUTEX_RECURSIVE 1
| #define HAVE_ICONV 1
| #define ICONV_CONST 
| #define HAVE_BUILTIN_EXPECT 1
| #define HAVE_INTTYPES_H 1
| #define HAVE_UNISTD_H 1
| #define HAVE_SYS_PARAM_H 1
| #define HAVE_GETCWD 1
| #define HAVE_GETEGID 1
| #define HAVE_GETEUID 1
| #define HAVE_GETGID 1
| #define HAVE_GETUID 1
| #define HAVE_MEMPCPY 1
| #define HAVE_MUNMAP 1
| #define HAVE_STPCPY 1
| #define HAVE_STRCASECMP 1
| #define HAVE_TSEARCH 1
| #define HAVE___FSETLOCKING 1
| #define HAVE_DECL_FEOF_UNLOCKED 1
| #define HAVE_DECL_FGETS_UNLOCKED 1
| #define HAVE_LOCALECONV 1
| #define HAVE_LONG_LONG_INT 1
| #define HAVE_WCHAR_T 1
| #define HAVE_WINT_T 1
| #define HAVE_INTMAX_T 1
| #define HAVE_POSIX_PRINTF 1
| #define HAVE_STDINT_H 1
| #define HAVE_STDINT_H 1
| #define HAVE_WORKING_O_NOATIME 0
| #define HAVE_WORKING_O_NOFOLLOW 0
| #define HAVE_WORKING_USELOCALE 1
| #define HAVE_GOOD_USELOCALE 1
| #define FLEXIBLE_ARRAY_MEMBER /**/
| #define HAVE_FEATURES_H 1
| #define HAVE_STDDEF_H 1
| #define HAVE_STDLIB_H 1
| #define HAVE_STRING_H 1
| #define HAVE_ASPRINTF 1
| #define HAVE_WPRINTF 1
| #define HAVE_NEWLOCALE 1
| #define HAVE_PUTENV 1
| #define HAVE_SETENV 1
| #define HAVE_SNPRINTF 1
| #define HAVE_STRNLEN 1
| #define HAVE_USELOCALE 1
| #define HAVE_WCSLEN 1
| #define HAVE_WCSNLEN 1
| #define HAVE_MBRTOWC 1
| #define HAVE_WCRTOMB 1
| #define HAVE_DECL__SNPRINTF 0
| #define HAVE_DECL__SNWPRINTF 0
| #define HAVE_DECL_GETC_UNLOCKED 1
| #define HAVE_NL_LANGINFO 1
| #define HAVE_LANGINFO_CODESET 1
| #define HAVE_LC_MESSAGES 1
| #define ENABLE_NLS 1
| #define HAVE_GETTEXT 1
| #define HAVE_DCGETTEXT 1
| #define HAVE_DIRENT_H 1
| #define MAJOR_IN_SYSMACROS 1
| #define HAVE_INTTYPES_H 1
| #define HAVE_UNISTD_H 1
| #define HAVE_STDLIB_H 1
| #define HAVE_LIMITS_H 1
| #define HAVE_STRING_H 1
| #define HAVE_MEMORY_H 1
| #define HAVE_LOCALE_H 1
| #define HAVE_TERMCAP_H 1
| #define HAVE_TERMIO_H 1
| #define HAVE_TERMIOS_H 1
| #define HAVE_DLFCN_H 1
| #define HAVE_STDDEF_H 1
| #define HAVE_STDINT_H 1
| #define HAVE_NETDB_H 1
| #define HAVE_PWD_H 1
| #define HAVE_GRP_H 1
| #define HAVE_STRINGS_H 1
| #define HAVE_REGEX_H 1
| #define HAVE_SYSLOG_H 1
| #define HAVE_ULIMIT_H 1
| #define HAVE_SYS_SELECT_H 1
| #define HAVE_SYS_FILE_H 1
| #define HAVE_SYS_IOCTL_H 1
| #define HAVE_SYS_MMAN_H 1
| #define HAVE_SYS_PARAM_H 1
| #define HAVE_SYS_RANDOM_H 1
| #define HAVE_SYS_SOCKET_H 1
| #define HAVE_SYS_STAT_H 1
| #define HAVE_SYS_TIME_H 1
| #define HAVE_SYS_TIMES_H 1
| #define HAVE_SYS_TYPES_H 1
| #define HAVE_SYS_WAIT_H 1
| #define HAVE_NETINET_IN_H 1
| #define HAVE_ARPA_INET_H 1
| #define HAVE_SYS_RESOURCE_H 1
| #define HAVE_ALLOCA_H 1
| #define HAVE_ALLOCA 1
| #define HAVE_CHOWN 1
| #define GETPGRP_VOID 1
| #define HAVE_STRCOLL 1
| #define HAVE_WAIT3 1
| #define HAVE_MKFIFO 1
| #define HAVE_DUP2 1
| #define HAVE_EACCESS 1
| #define HAVE_FCNTL 1
| #define HAVE_GETDTABLESIZE 1
| #define HAVE_GETENTROPY 1
| #define HAVE_GETGROUPS 1
| #define HAVE_GETHOSTNAME 1
| #define HAVE_GETPAGESIZE 1
| #define HAVE_GETPEERNAME 1
| #define HAVE_GETRANDOM 1
| #define HAVE_GETRLIMIT 1
| #define HAVE_GETRUSAGE 1
| #define HAVE_GETTIMEOFDAY 1
| #define HAVE_KILL 1
| #define HAVE_KILLPG 1
| #define HAVE_LSTAT 1
| #define HAVE_NANOSLEEP 1
| #define HAVE_PSELECT 1
| #define HAVE_READLINK 1
| #define HAVE_SELECT 1
| #define HAVE_SETITIMER 1
| #define HAVE_STATFS 1
| #define HAVE_TCGETPGRP 1
| #define HAVE_UNAME 1
| #define HAVE_ULIMIT 1
| #define HAVE_WAITPID 1
| #define HAVE_RENAME 1
| #define HAVE_BCOPY 1
| #define HAVE_BZERO 1
| #define HAVE_CLOCK_GETTIME 1
| #define HAVE_CONFSTR 1
| #define HAVE_FACCESSAT 1
| #define HAVE_FNMATCH 1
| #define HAVE_GETADDRINFO 1
| #define HAVE_GETHOSTBYNAME 1
| #define HAVE_GETSERVBYNAME 1
| #define HAVE_GETSERVENT 1
| #define HAVE_INET_ATON 1
| #define HAVE_IMAXDIV 1
| #define HAVE_MEMMOVE 1
| #define HAVE_PATHCONF 1
| #define HAVE_PUTENV 1
| #define HAVE_RAISE 1
| #define HAVE_RANDOM 1
| #define HAVE_REGCOMP 1
| #define HAVE_REGEXEC 1
| #define HAVE_SETENV 1
| #define HAVE_SETLINEBUF 1
| #define HAVE_SETLOCALE 1
| #define HAVE_SETVBUF 1
| #define HAVE_SIGINTERRUPT 1
| #define HAVE_STRCHR 1
| #define HAVE_SYSCONF 1
| #define HAVE_SYSLOG 1
| #define HAVE_TCGETATTR 1
| #define HAVE_TIMES 1
| #define HAVE_TTYNAME 1
| #define HAVE_TZSET 1
| #define HAVE_UNSETENV 1
| #define HAVE_VASPRINTF 1
| #define HAVE_ASPRINTF 1
| #define HAVE_ISASCII 1
| #define HAVE_ISBLANK 1
| #define HAVE_ISGRAPH 1
| #define HAVE_ISPRINT 1
| #define HAVE_ISSPACE 1
| #define HAVE_ISXDIGIT 1
| #define HAVE_GETPWENT 1
| #define HAVE_GETPWNAM 1
| #define HAVE_GETPWUID 1
| #define HAVE_MKSTEMP 1
| #define HAVE_MKDTEMP 1
| #define HAVE_ARC4RANDOM 1
| #define HAVE_STRLCAT 1
| #define HAVE_MEMFD_CREATE 1
| #define HAVE_SHM_OPEN 1
| #define HAVE_GETCWD 1
| #define HAVE_MEMSET 1
| #define HAVE_STRCASECMP 1
| #define HAVE_STRCASESTR 1
| #define HAVE_STRERROR 1
| #define HAVE_STRFTIME 1
| #define HAVE_STRNLEN 1
| #define HAVE_STRPBRK 1
| #define HAVE_STRSTR 1
| #define HAVE_STRTOD 1
| #define HAVE_STRTOL 1
| #define HAVE_STRTOUL 1
| #define HAVE_STRTOLL 1
| #define HAVE_STRTOULL 1
| #define HAVE_STRTOUMAX 1
| #define HAVE_DPRINTF 1
| #define HAVE_STRDUP 1
| #define HAVE_STRLCPY 1
| #define HAVE_REALLOCARRAY 1
| #define HAVE_DECL_AUDIT_USER_TTY 1
| #define HAVE_DECL_CONFSTR 1
| #define HAVE_DECL_PRINTF 1
| #define HAVE_DECL_BRK 1
| #define HAVE_DECL_SBRK 1
| #define HAVE_DECL_SETREGID 1
| #define HAVE_DECL_STRCPY 1
| #define HAVE_DECL_STRSIGNAL 1
| #define HAVE_SETRESUID 1
| #define HAVE_SETRESGID 1
| #define HAVE_DECL_STRTOLD 1
| #define HAVE_DECL_STRTOL 1
| #define HAVE_DECL_STRTOLL 1
| #define HAVE_DECL_STRTOUL 1
| #define HAVE_DECL_STRTOULL 1
| #define HAVE_DECL_STRTOUMAX 1
| #define HAVE_ARGZ_H 1
| #define HAVE_ERRNO_H 1
| #define HAVE_FCNTL_H 1
| #define HAVE_MALLOC_H 1
| #define HAVE_STDIO_EXT_H 1
| #define HAVE_MALLOC 1
| #define HAVE_MMAP 1
| #define HAVE___ARGZ_COUNT 1
| #define HAVE___ARGZ_NEXT 1
| #define HAVE___ARGZ_STRINGIFY 1
| #define HAVE_DCGETTEXT 1
| #define HAVE_MEMPCPY 1
| #define HAVE_MUNMAP 1
| #define HAVE_MREMAP 1
| #define HAVE_STPCPY 1
| #define HAVE_STRCSPN 1
| #define HAVE_WCTYPE_H 1
| #define HAVE_WCHAR_H 1
| #define HAVE_LANGINFO_H 1
| #define HAVE_MBRLEN 1
| #define HAVE_MBSNRTOWCS 1
| #define HAVE_MBSRTOWCS 1
| #define HAVE_WCRTOMB 1
| #define HAVE_WCSCOLL 1
| #define HAVE_WCSDUP 1
| #define HAVE_WCWIDTH 1
| #define HAVE_WCTYPE 1
| #define HAVE_WCSNRTOMBS 1
| #define HAVE_WCSWIDTH 1
| #define HAVE_MBRTOWC 1
| #define HAVE_MBSTATE_T 1
| #define HAVE_ISWLOWER 1
| #define HAVE_ISWUPPER 1
| #define HAVE_TOWLOWER 1
| #define HAVE_TOWUPPER 1
| #define HAVE_ISWCTYPE 1
| #define HAVE_WCHAR_T 1
| #define HAVE_WCTYPE_T 1
| #define HAVE_WINT_T 1
| #define SIZEOF_WCHAR_T 4
| #define HAVE_LIBDL 1
| #define HAVE_DLOPEN 1
| #define HAVE_DLCLOSE 1
| #define HAVE_DLSYM 1
| #define GETGROUPS_T gid_t
| #define HAVE_INTPTR_T 1
| #define HAVE_UINTPTR_T 1
| /* end confdefs.h.  */
| #include <stddef.h>
| #ifdef HAVE_STDIO_H
| # include <stdio.h>
| #endif
| #ifdef HAVE_STDLIB_H
| # include <stdlib.h>
| #endif
| #ifdef HAVE_STRING_H
| # include <string.h>
| #endif
| #ifdef HAVE_INTTYPES_H
| # include <inttypes.h>
| #endif
| #ifdef HAVE_STDINT_H
| # include <stdint.h>
| #endif
| #ifdef HAVE_STRINGS_H
| # include <strings.h>
| #endif
| #ifdef HAVE_SYS_TYPES_H
| # include <sys/types.h>
| #endif
| #ifdef HAVE_SYS_STAT_H
| # include <sys/stat.h>
| #endif
| #ifdef HAVE_UNISTD_H
| # include <unistd.h>
| #endif
| int
| main (void)
| {
| if (sizeof ((ssize_t)))
| 	    return 0;
|   ;
|   return 0;
| }
configure:17737: result: yes
configure:17747: checking for time_t
configure:17747: gcc -c -g -O2  conftest.c >&5
configure:17747: $? = 0
configure:17747: gcc -c -g -O2  conftest.c >&5
conftest.c: In function 'main':
conftest.c:387:21: error: expected expression before ')' token
  387 | if (sizeof ((time_t)))
      |                     ^
configure:17747: $? = 1
configure: failed program was:
| /* confdefs.h */
| #define PACKAGE_NAME "bash"
| #define PACKAGE_TARNAME "bash"
| #define PACKAGE_VERSION "5.3-release"
| #define PACKAGE_STRING "bash 5.3-release"
| #define PACKAGE_BUGREPORT "bug-bash@gnu.org"
| #define PACKAGE_URL ""
| #define USING_BASH_MALLOC 1
| #define ALIAS 1
| #define PUSHD_AND_POPD 1
| #define RESTRICTED_SHELL 1
| #define PROCESS_SUBSTITUTION 1
| #define PROMPT_STRING_DECODE 1
| #define SELECT_COMMAND 1
| #define HELP_BUILTIN 1
| #define ARRAY_VARS 1
| #define DPAREN_ARITHMETIC 1
| #define BRACE_EXPANSION 1
| #define COMMAND_TIMING 1
| #define EXTENDED_GLOB 1
| #define EXTGLOB_DEFAULT 0
| #define COND_COMMAND 1
| #define COND_REGEXP 1
| #define COPROCESS_SUPPORT 1
| #define ARITH_FOR_COMMAND 1
| #define NETWORK_REDIRECTIONS 1
| #define PROGRAMMABLE_COMPLETION 1
| #define DEBUGGER 1
| #define CASEMOD_ATTRS 1
| #define CASEMOD_EXPANSIONS 1
| #define GLOBASCII_DEFAULT 1
| #define FUNCTION_IMPORT 1
| #define TRANSLATABLE_STRINGS 1
| #define BASH_SOURCE_FULLPATH_DEFAULT 0
| #define MEMSCRAMBLE 1
| #define HAVE_STDIO_H 1
| #define HAVE_STDLIB_H 1
| #define HAVE_STRING_H 1
| #define HAVE_INTTYPES_H 1
| #define HAVE_STDINT_H 1
| #define HAVE_STRINGS_H 1
| #define HAVE_SYS_STAT_H 1
| #define HAVE_SYS_TYPES_H 1
| #define HAVE_UNISTD_H 1
| #define HAVE_WCHAR_H 1
| #define HAVE_STDBOOL_H 1
| #define HAVE_SYS_PARAM_H 1
| #define HAVE_THREADS_H 1
| #define HAVE_SYS_TIME_H 1
| #define STDC_HEADERS 1
| #define _ALL_SOURCE 1
| #define _DARWIN_C_SOURCE 1
| #define _GNU_SOURCE 1
| #define _HPUX_ALT_XOPEN_SOCKET_API 1
| #define _NETBSD_SOURCE 1
| #define _OPENBSD_SOURCE 1
| #define _POSIX_PTHREAD_SEMANTICS 1
| #define __STDC_WANT_IEC_60559_ATTRIBS_EXT__ 1
| #define __STDC_WANT_IEC_60559_BFP_EXT__ 1
| #define __STDC_WANT_IEC_60559_DFP_EXT__ 1
| #define __STDC_WANT_IEC_60559_FUNCS_EXT__ 1
| #define __STDC_WANT_IEC_60559_TYPES_EXT__ 1
| #define __STDC_WANT_LIB_EXT2__ 1
| #define __STDC_WANT_MATH_SPEC_FUNCS__ 1
| #define _TANDEM_SOURCE 1
| #define __EXTENSIONS__ 1
| #define READLINE 1
| #define HISTORY 1
| #define BANG_HISTORY 1
| #define HAVE_STRINGIZE 1
| #define HAVE_LONG_DOUBLE 1
| #define restrict __restrict__
| #define HAVE_VISIBILITY 1
| #define HAVE_STDINT_H_WITH_UINTMAX 1
| #define HAVE_ALLOCA_H 1
| #define HAVE_ALLOCA 1
| #define HAVE_GETPAGESIZE 1
| #define HAVE_SYMLINK 1
| #define HAVE_USELOCALE 1
| #define HAVE_VPRINTF 1
| #define HAVE_ALARM 1
| #define HAVE___FPURGE 1
| #define HAVE_SNPRINTF 1
| #define HAVE_VSNPRINTF 1
| #define HAVE_MMAP 1
| #define INTDIV0_RAISES_SIGFPE 1
| #define HAVE_INTTYPES_H_WITH_UINTMAX 1
| #define HAVE_UNSIGNED_LONG_LONG_INT 1
| #define HAVE_UINTMAX_T 1
| #define HAVE_WEAK_SYMBOLS 1
| #define HAVE_PTHREAD_API 1
| #define USE_POSIX_THREADS 1
| #define USE_POSIX_THREADS_FROM_LIBC 1
| #define HAVE_PTHREAD_RWLOCK 1
| #define HAVE_PTHREAD_MUTEX_RECURSIVE 1
| #define HAVE_ICONV 1
| #define ICONV_CONST 
| #define HAVE_BUILTIN_EXPECT 1
| #define HAVE_INTTYPES_H 1
| #define HAVE_UNISTD_H 1
| #define HAVE_SYS_PARAM_H 1
| #define HAVE_GETCWD 1
| #define HAVE_GETEGID 1
| #define HAVE_GETEUID 1
| #define HAVE_GETGID 1
| #define HAVE_GETUID 1
| #define HAVE_MEMPCPY 1
| #define HAVE_MUNMAP 1
| #define HAVE_STPCPY 1
| #define HAVE_STRCASECMP 1
| #define HAVE_TSEARCH 1
| #define HAVE___FSETLOCKING 1
| #define HAVE_DECL_FEOF_UNLOCKED 1
| #define HAVE_DECL_FGETS_UNLOCKED 1
| #define HAVE_LOCALECONV 1
| #define HAVE_LONG_LONG_INT 1
| #define HAVE_WCHAR_T 1
| #define HAVE_WINT_T 1
| #define HAVE_INTMAX_T 1
| #define HAVE_POSIX_PRINTF 1
| #define HAVE_STDINT_H 1
| #define HAVE_STDINT_H 1
| #define HAVE_WORKING_O_NOATIME 0
| #define HAVE_WORKING_O_NOFOLLOW 0
| #define HAVE_WORKING_USELOCALE 1
| #define HAVE_GOOD_USELOCALE 1
| #define FLEXIBLE_ARRAY_MEMBER /**/
| #define HAVE_FEATURES_H 1
| #define HAVE_STDDEF_H 1
| #define HAVE_STDLIB_H 1
| #define HAVE_STRING_H 1
| #define HAVE_ASPRINTF 1
| #define HAVE_WPRINTF 1
| #define HAVE_NEWLOCALE 1
| #define HAVE_PUTENV 1
| #define HAVE_SETENV 1
| #define HAVE_SNPRINTF 1
| #define HAVE_STRNLEN 1
| #define HAVE_USELOCALE 1
| #define HAVE_WCSLEN 1
| #define HAVE_WCSNLEN 1
| #define HAVE_MBRTOWC 1
| #define HAVE_WCRTOMB 1
| #define HAVE_DECL__SNPRINTF 0
| #define HAVE_DECL__SNWPRINTF 0
| #define HAVE_DECL_GETC_UNLOCKED 1
| #define HAVE_NL_LANGINFO 1
| #define HAVE_LANGINFO_CODESET 1
| #define HAVE_LC_MESSAGES 1
| #define ENABLE_NLS 1
| #define HAVE_GETTEXT 1
| #define HAVE_DCGETTEXT 1
| #define HAVE_DIRENT_H 1
| #define MAJOR_IN_SYSMACROS 1
| #define HAVE_INTTYPES_H 1
| #define HAVE_UNISTD_H 1
| #define HAVE_STDLIB_H 1
| #define HAVE_LIMITS_H 1
| #define HAVE_STRING_H 1
| #define HAVE_MEMORY_H 1
| #define HAVE_LOCALE_H 1
| #define HAVE_TERMCAP_H 1
| #define HAVE_TERMIO_H 1
| #define HAVE_TERMIOS_H 1
| #define HAVE_DLFCN_H 1
| #define HAVE_STDDEF_H 1
| #define HAVE_STDINT_H 1
| #define HAVE_NETDB_H 1
| #define HAVE_PWD_H 1
| #define HAVE_GRP_H 1
| #define HAVE_STRINGS_H 1
| #define HAVE_REGEX_H 1
| #define HAVE_SYSLOG_H 1
| #define HAVE_ULIMIT_H 1
| #define HAVE_SYS_SELECT_H 1
| #define HAVE_SYS_FILE_H 1
| #define HAVE_SYS_IOCTL_H 1
| #define HAVE_SYS_MMAN_H 1
| #define HAVE_SYS_PARAM_H 1
| #define HAVE_SYS_RANDOM_H 1
| #define HAVE_SYS_SOCKET_H 1
| #define HAVE_SYS_STAT_H 1
| #define HAVE_SYS_TIME_H 1
| #define HAVE_SYS_TIMES_H 1
| #define HAVE_SYS_TYPES_H 1
| #define HAVE_SYS_WAIT_H 1
| #define HAVE_NETINET_IN_H 1
| #define HAVE_ARPA_INET_H 1
| #define HAVE_SYS_RESOURCE_H 1
| #define HAVE_ALLOCA_H 1
| #define HAVE_ALLOCA 1
| #define HAVE_CHOWN 1
| #define GETPGRP_VOID 1
| #define HAVE_STRCOLL 1
| #define HAVE_WAIT3 1
| #define HAVE_MKFIFO 1
| #define HAVE_DUP2 1
| #define HAVE_EACCESS 1
| #define HAVE_FCNTL 1
| #define HAVE_GETDTABLESIZE 1
| #define HAVE_GETENTROPY 1
| #define HAVE_GETGROUPS 1
| #define HAVE_GETHOSTNAME 1
| #define HAVE_GETPAGESIZE 1
| #define HAVE_GETPEERNAME 1
| #define HAVE_GETRANDOM 1
| #define HAVE_GETRLIMIT 1
| #define HAVE_GETRUSAGE 1
| #define HAVE_GETTIMEOFDAY 1
| #define HAVE_KILL 1
| #define HAVE_KILLPG 1
| #define HAVE_LSTAT 1
| #define HAVE_NANOSLEEP 1
| #define HAVE_PSELECT 1
| #define HAVE_READLINK 1
| #define HAVE_SELECT 1
| #define HAVE_SETITIMER 1
| #define HAVE_STATFS 1
| #define HAVE_TCGETPGRP 1
| #define HAVE_UNAME 1
| #define HAVE_ULIMIT 1
| #define HAVE_WAITPID 1
| #define HAVE_RENAME 1
| #define HAVE_BCOPY 1
| #define HAVE_BZERO 1
| #define HAVE_CLOCK_GETTIME 1
| #define HAVE_CONFSTR 1
| #define HAVE_FACCESSAT 1
| #define HAVE_FNMATCH 1
| #define HAVE_GETADDRINFO 1
| #define HAVE_GETHOSTBYNAME 1
| #define HAVE_GETSERVBYNAME 1
| #define HAVE_GETSERVENT 1
| #define HAVE_INET_ATON 1
| #define HAVE_IMAXDIV 1
| #define HAVE_MEMMOVE 1
| #define HAVE_PATHCONF 1
| #define HAVE_PUTENV 1
| #define HAVE_RAISE 1
| #define HAVE_RANDOM 1
| #define HAVE_REGCOMP 1
| #define HAVE_REGEXEC 1
| #define HAVE_SETENV 1
| #define HAVE_SETLINEBUF 1
| #define HAVE_SETLOCALE 1
| #define HAVE_SETVBUF 1
| #define HAVE_SIGINTERRUPT 1
| #define HAVE_STRCHR 1
| #define HAVE_SYSCONF 1
| #define HAVE_SYSLOG 1
| #define HAVE_TCGETATTR 1
| #define HAVE_TIMES 1
| #define HAVE_TTYNAME 1
| #define HAVE_TZSET 1
| #define HAVE_UNSETENV 1
| #define HAVE_VASPRINTF 1
| #define HAVE_ASPRINTF 1
| #define HAVE_ISASCII 1
| #define HAVE_ISBLANK 1
| #define HAVE_ISGRAPH 1
| #define HAVE_ISPRINT 1
| #define HAVE_ISSPACE 1
| #define HAVE_ISXDIGIT 1
| #define HAVE_GETPWENT 1
| #define HAVE_GETPWNAM 1
| #define HAVE_GETPWUID 1
| #define HAVE_MKSTEMP 1
| #define HAVE_MKDTEMP 1
| #define HAVE_ARC4RANDOM 1
| #define HAVE_STRLCAT 1
| #define HAVE_MEMFD_CREATE 1
| #define HAVE_SHM_OPEN 1
| #define HAVE_GETCWD 1
| #define HAVE_MEMSET 1
| #define HAVE_STRCASECMP 1
| #define HAVE_STRCASESTR 1
| #define HAVE_STRERROR 1
| #define HAVE_STRFTIME 1
| #define HAVE_STRNLEN 1
| #define HAVE_STRPBRK 1
| #define HAVE_STRSTR 1
| #define HAVE_STRTOD 1
| #define HAVE_STRTOL 1
| #define HAVE_STRTOUL 1
| #define HAVE_STRTOLL 1
| #define HAVE_STRTOULL 1
| #define HAVE_STRTOUMAX 1
| #define HAVE_DPRINTF 1
| #define HAVE_STRDUP 1
| #define HAVE_STRLCPY 1
| #define HAVE_REALLOCARRAY 1
| #define HAVE_DECL_AUDIT_USER_TTY 1
| #define HAVE_DECL_CONFSTR 1
| #define HAVE_DECL_PRINTF 1
| #define HAVE_DECL_BRK 1
| #define HAVE_DECL_SBRK 1
| #define HAVE_DECL_SETREGID 1
| #define HAVE_DECL_STRCPY 1
| #define HAVE_DECL_STRSIGNAL 1
| #define HAVE_SETRESUID 1
| #define HAVE_SETRESGID 1
| #define HAVE_DECL_STRTOLD 1
| #define HAVE_DECL_STRTOL 1
| #define HAVE_DECL_STRTOLL 1
| #define HAVE_DECL_STRTOUL 1
| #define HAVE_DECL_STRTOULL 1
| #define HAVE_DECL_STRTOUMAX 1
| #define HAVE_ARGZ_H 1
| #define HAVE_ERRNO_H 1
| #define HAVE_FCNTL_H 1
| #define HAVE_MALLOC_H 1
| #define HAVE_STDIO_EXT_H 1
| #define HAVE_MALLOC 1
| #define HAVE_MMAP 1
| #define HAVE___ARGZ_COUNT 1
| #define HAVE___ARGZ_NEXT 1
| #define HAVE___ARGZ_STRINGIFY 1
| #define HAVE_DCGETTEXT 1
| #define HAVE_MEMPCPY 1
| #define HAVE_MUNMAP 1
| #define HAVE_MREMAP 1
| #define HAVE_STPCPY 1
| #define HAVE_STRCSPN 1
| #define HAVE_WCTYPE_H 1
| #define HAVE_WCHAR_H 1
| #define HAVE_LANGINFO_H 1
| #define HAVE_MBRLEN 1
| #define HAVE_MBSNRTOWCS 1
| #define HAVE_MBSRTOWCS 1
| #define HAVE_WCRTOMB 1
| #define HAVE_WCSCOLL 1
| #define HAVE_WCSDUP 1
| #define HAVE_WCWIDTH 1
| #define HAVE_WCTYPE 1
| #define HAVE_WCSNRTOMBS 1
| #define HAVE_WCSWIDTH 1
| #define HAVE_MBRTOWC 1
| #define HAVE_MBSTATE_T 1
| #define HAVE_ISWLOWER 1
| #define HAVE_ISWUPPER 1
| #define HAVE_TOWLOWER 1
| #define HAVE_TOWUPPER 1
| #define HAVE_ISWCTYPE 1
| #define HAVE_WCHAR_T 1
| #define HAVE_WCTYPE_T 1
| #define HAVE_WINT_T 1
| #define SIZEOF_WCHAR_T 4
| #define HAVE_LIBDL 1
| #define HAVE_DLOPEN 1
| #define HAVE_DLCLOSE 1
| #define HAVE_DLSYM 1
| #define GETGROUPS_T gid_t
| #define HAVE_INTPTR_T 1
| #define HAVE_UINTPTR_T 1
| /* end confdefs.h.  */
| #include <stddef.h>
| #ifdef HAVE_STDIO_H
| # include <stdio.h>
| #endif
| #ifdef HAVE_STDLIB_H
| # include <stdlib.h>
| #endif
| #ifdef HAVE_STRING_H
| # include <string.h>
| #endif
| #ifdef HAVE_INTTYPES_H
| # include <inttypes.h>
| #endif
| #ifdef HAVE_STDINT_H
| # include <stdint.h>
| #endif
| #ifdef HAVE_STRINGS_H
| # include <strings.h>
| #endif
| #ifdef HAVE_SYS_TYPES_H
| # include <sys/types.h>
| #endif
| #ifdef HAVE_SYS_STAT_H
| # include <sys/stat.h>
| #endif
| #ifdef HAVE_UNISTD_H
| # include <unistd.h>
| #endif
| int
| main (void)
| {
| if (sizeof ((time_t)))
| 	    return 0;
|   ;
|   return 0;
| }
configure:17747: result: yes
configure:17760: checking for long long int
configure:17815: result: yes
configure:17824: checking for unsigned long long int
configure:17876: result: yes
configure:17885: checking for sig_atomic_t in signal.h
configure:17902: gcc -o conftest -g -O2   conftest.c -ldl  >&5
configure:17902: $? = 0
configure:17911: result: yes
configure:17967: checking size of char
configure:17973: gcc -o conftest -g -O2   conftest.c -ldl  >&5
configure:17973: $? = 0
configure:17973: ./conftest
configure:17973: $? = 0
configure:17988: result: 1
configure:18000: checking size of short
configure:18006: gcc -o conftest -g -O2   conftest.c -ldl  >&5
configure:18006: $? = 0
configure:18006: ./conftest
configure:18006: $? = 0
configure:18021: result: 2
configure:18033: checking size of int
configure:18039: gcc -o conftest -g -O2   conftest.c -ldl  >&5
configure:18039: $? = 0
configure:18039: ./conftest
configure:18039: $? = 0
configure:18054: result: 4
configure:18066: checking size of long
configure:18072: gcc -o conftest -g -O2   conftest.c -ldl  >&5
configure:18072: $? = 0
configure:18072: ./conftest
configure:18072: $? = 0
configure:18087: result: 8
configure:18099: checking size of char *
configure:18105: gcc -o conftest -g -O2   conftest.c -ldl  >&5
configure:18105: $? = 0
configure:18105: ./conftest
configure:18105: $? = 0
configure:18120: result: 8
configure:18132: checking size of size_t
configure:18138: gcc -o conftest -g -O2   conftest.c -ldl  >&5
configure:18138: $? = 0
configure:18138: ./conftest
configure:18138: $? = 0
configure:18153: result: 8
configure:18165: checking size of double
configure:18171: gcc -o conftest -g -O2   conftest.c -ldl  >&5
configure:18171: $? = 0
configure:18171: ./conftest
configure:18171: $? = 0
configure:18186: result: 8
configure:18198: checking size of long long
configure:18204: gcc -o conftest -g -O2   conftest.c -ldl  >&5
configure:18204: $? = 0
configure:18204: ./conftest
configure:18204: $? = 0
configure:18219: result: 8
configure:18230: checking for bits16_t
configure:18230: gcc -c -g -O2  conftest.c >&5
conftest.c: In function 'main':
conftest.c:397:13: error: 'bits16_t' undeclared (first use in this function)
  397 | if (sizeof (bits16_t))
      |             ^~~~~~~~
conftest.c:397:13: note: each undeclared identifier is reported only once for each function it appears in
configure:18230: $? = 1
configure: failed program was:
| /* confdefs.h */
| #define PACKAGE_NAME "bash"
| #define PACKAGE_TARNAME "bash"
| #define PACKAGE_VERSION "5.3-release"
| #define PACKAGE_STRING "bash 5.3-release"
| #define PACKAGE_BUGREPORT "bug-bash@gnu.org"
| #define PACKAGE_URL ""
| #define USING_BASH_MALLOC 1
| #define ALIAS 1
| #define PUSHD_AND_POPD 1
| #define RESTRICTED_SHELL 1
| #define PROCESS_SUBSTITUTION 1
| #define PROMPT_STRING_DECODE 1
| #define SELECT_COMMAND 1
| #define HELP_BUILTIN 1
| #define ARRAY_VARS 1
| #define DPAREN_ARITHMETIC 1
| #define BRACE_EXPANSION 1
| #define COMMAND_TIMING 1
| #define EXTENDED_GLOB 1
| #define EXTGLOB_DEFAULT 0
| #define COND_COMMAND 1
| #define COND_REGEXP 1
| #define COPROCESS_SUPPORT 1
| #define ARITH_FOR_COMMAND 1
| #define NETWORK_REDIRECTIONS 1
| #define PROGRAMMABLE_COMPLETION 1
| #define DEBUGGER 1
| #define CASEMOD_ATTRS 1
| #define CASEMOD_EXPANSIONS 1
| #define GLOBASCII_DEFAULT 1
| #define FUNCTION_IMPORT 1
| #define TRANSLATABLE_STRINGS 1
| #define BASH_SOURCE_FULLPATH_DEFAULT 0
| #define MEMSCRAMBLE 1
| #define HAVE_STDIO_H 1
| #define HAVE_STDLIB_H 1
| #define HAVE_STRING_H 1
| #define HAVE_INTTYPES_H 1
| #define HAVE_STDINT_H 1
| #define HAVE_STRINGS_H 1
| #define HAVE_SYS_STAT_H 1
| #define HAVE_SYS_TYPES_H 1
| #define HAVE_UNISTD_H 1
| #define HAVE_WCHAR_H 1
| #define HAVE_STDBOOL_H 1
| #define HAVE_SYS_PARAM_H 1
| #define HAVE_THREADS_H 1
| #define HAVE_SYS_TIME_H 1
| #define STDC_HEADERS 1
| #define _ALL_SOURCE 1
| #define _DARWIN_C_SOURCE 1
| #define _GNU_SOURCE 1
| #define _HPUX_ALT_XOPEN_SOCKET_API 1
| #define _NETBSD_SOURCE 1
| #define _OPENBSD_SOURCE 1
| #define _POSIX_PTHREAD_SEMANTICS 1
| #define __STDC_WANT_IEC_60559_ATTRIBS_EXT__ 1
| #define __STDC_WANT_IEC_60559_BFP_EXT__ 1
| #define __STDC_WANT_IEC_60559_DFP_EXT__ 1
| #define __STDC_WANT_IEC_60559_FUNCS_EXT__ 1
| #define __STDC_WANT_IEC_60559_TYPES_EXT__ 1
| #define __STDC_WANT_LIB_EXT2__ 1
| #define __STDC_WANT_MATH_SPEC_FUNCS__ 1
| #define _TANDEM_SOURCE 1
| #define __EXTENSIONS__ 1
| #define READLINE 1
| #define HISTORY 1
| #define BANG_HISTORY 1
| #define HAVE_STRINGIZE 1
| #define HAVE_LONG_DOUBLE 1
| #define restrict __restrict__
| #define HAVE_VISIBILITY 1
| #define HAVE_STDINT_H_WITH_UINTMAX 1
| #define HAVE_ALLOCA_H 1
| #define HAVE_ALLOCA 1
| #define HAVE_GETPAGESIZE 1
| #define HAVE_SYMLINK 1
| #define HAVE_USELOCALE 1
| #define HAVE_VPRINTF 1
| #define HAVE_ALARM 1
| #define HAVE___FPURGE 1
| #define HAVE_SNPRINTF 1
| #define HAVE_VSNPRINTF 1
| #define HAVE_MMAP 1
| #define INTDIV0_RAISES_SIGFPE 1
| #define HAVE_INTTYPES_H_WITH_UINTMAX 1
| #define HAVE_UNSIGNED_LONG_LONG_INT 1
| #define HAVE_UINTMAX_T 1
| #define HAVE_WEAK_SYMBOLS 1
| #define HAVE_PTHREAD_API 1
| #define USE_POSIX_THREADS 1
| #define USE_POSIX_THREADS_FROM_LIBC 1
| #define HAVE_PTHREAD_RWLOCK 1
| #define HAVE_PTHREAD_MUTEX_RECURSIVE 1
| #define HAVE_ICONV 1
| #define ICONV_CONST 
| #define HAVE_BUILTIN_EXPECT 1
| #define HAVE_INTTYPES_H 1
| #define HAVE_UNISTD_H 1
| #define HAVE_SYS_PARAM_H 1
| #define HAVE_GETCWD 1
| #define HAVE_GETEGID 1
| #define HAVE_GETEUID 1
| #define HAVE_GETGID 1
| #define HAVE_GETUID 1
| #define HAVE_MEMPCPY 1
| #define HAVE_MUNMAP 1
| #define HAVE_STPCPY 1
| #define HAVE_STRCASECMP 1
| #define HAVE_TSEARCH 1
| #define HAVE___FSETLOCKING 1
| #define HAVE_DECL_FEOF_UNLOCKED 1
| #define HAVE_DECL_FGETS_UNLOCKED 1
| #define HAVE_LOCALECONV 1
| #define HAVE_LONG_LONG_INT 1
| #define HAVE_WCHAR_T 1
| #define HAVE_WINT_T 1
| #define HAVE_INTMAX_T 1
| #define HAVE_POSIX_PRINTF 1
| #define HAVE_STDINT_H 1
| #define HAVE_STDINT_H 1
| #define HAVE_WORKING_O_NOATIME 0
| #define HAVE_WORKING_O_NOFOLLOW 0
| #define HAVE_WORKING_USELOCALE 1
| #define HAVE_GOOD_USELOCALE 1
| #define FLEXIBLE_ARRAY_MEMBER /**/
| #define HAVE_FEATURES_H 1
| #define HAVE_STDDEF_H 1
| #define HAVE_STDLIB_H 1
| #define HAVE_STRING_H 1
| #define HAVE_ASPRINTF 1
| #define HAVE_WPRINTF 1
| #define HAVE_NEWLOCALE 1
| #define HAVE_PUTENV 1
| #define HAVE_SETENV 1
| #define HAVE_SNPRINTF 1
| #define HAVE_STRNLEN 1
| #define HAVE_USELOCALE 1
| #define HAVE_WCSLEN 1
| #define HAVE_WCSNLEN 1
| #define HAVE_MBRTOWC 1
| #define HAVE_WCRTOMB 1
| #define HAVE_DECL__SNPRINTF 0
| #define HAVE_DECL__SNWPRINTF 0
| #define HAVE_DECL_GETC_UNLOCKED 1
| #define HAVE_NL_LANGINFO 1
| #define HAVE_LANGINFO_CODESET 1
| #define HAVE_LC_MESSAGES 1
| #define ENABLE_NLS 1
| #define HAVE_GETTEXT 1
| #define HAVE_DCGETTEXT 1
| #define HAVE_DIRENT_H 1
| #define MAJOR_IN_SYSMACROS 1
| #define HAVE_INTTYPES_H 1
| #define HAVE_UNISTD_H 1
| #define HAVE_STDLIB_H 1
| #define HAVE_LIMITS_H 1
| #define HAVE_STRING_H 1
| #define HAVE_MEMORY_H 1
| #define HAVE_LOCALE_H 1
| #define HAVE_TERMCAP_H 1
| #define HAVE_TERMIO_H 1
| #define HAVE_TERMIOS_H 1
| #define HAVE_DLFCN_H 1
| #define HAVE_STDDEF_H 1
| #define HAVE_STDINT_H 1
| #define HAVE_NETDB_H 1
| #define HAVE_PWD_H 1
| #define HAVE_GRP_H 1
| #define HAVE_STRINGS_H 1
| #define HAVE_REGEX_H 1
| #define HAVE_SYSLOG_H 1
| #define HAVE_ULIMIT_H 1
| #define HAVE_SYS_SELECT_H 1
| #define HAVE_SYS_FILE_H 1
| #define HAVE_SYS_IOCTL_H 1
| #define HAVE_SYS_MMAN_H 1
| #define HAVE_SYS_PARAM_H 1
| #define HAVE_SYS_RANDOM_H 1
| #define HAVE_SYS_SOCKET_H 1
| #define HAVE_SYS_STAT_H 1
| #define HAVE_SYS_TIME_H 1
| #define HAVE_SYS_TIMES_H 1
| #define HAVE_SYS_TYPES_H 1
| #define HAVE_SYS_WAIT_H 1
| #define HAVE_NETINET_IN_H 1
| #define HAVE_ARPA_INET_H 1
| #define HAVE_SYS_RESOURCE_H 1
| #define HAVE_ALLOCA_H 1
| #define HAVE_ALLOCA 1
| #define HAVE_CHOWN 1
| #define GETPGRP_VOID 1
| #define HAVE_STRCOLL 1
| #define HAVE_WAIT3 1
| #define HAVE_MKFIFO 1
| #define HAVE_DUP2 1
| #define HAVE_EACCESS 1
| #define HAVE_FCNTL 1
| #define HAVE_GETDTABLESIZE 1
| #define HAVE_GETENTROPY 1
| #define HAVE_GETGROUPS 1
| #define HAVE_GETHOSTNAME 1
| #define HAVE_GETPAGESIZE 1
| #define HAVE_GETPEERNAME 1
| #define HAVE_GETRANDOM 1
| #define HAVE_GETRLIMIT 1
| #define HAVE_GETRUSAGE 1
| #define HAVE_GETTIMEOFDAY 1
| #define HAVE_KILL 1
| #define HAVE_KILLPG 1
| #define HAVE_LSTAT 1
| #define HAVE_NANOSLEEP 1
| #define HAVE_PSELECT 1
| #define HAVE_READLINK 1
| #define HAVE_SELECT 1
| #define HAVE_SETITIMER 1
| #define HAVE_STATFS 1
| #define HAVE_TCGETPGRP 1
| #define HAVE_UNAME 1
| #define HAVE_ULIMIT 1
| #define HAVE_WAITPID 1
| #define HAVE_RENAME 1
| #define HAVE_BCOPY 1
| #define HAVE_BZERO 1
| #define HAVE_CLOCK_GETTIME 1
| #define HAVE_CONFSTR 1
| #define HAVE_FACCESSAT 1
| #define HAVE_FNMATCH 1
| #define HAVE_GETADDRINFO 1
| #define HAVE_GETHOSTBYNAME 1
| #define HAVE_GETSERVBYNAME 1
| #define HAVE_GETSERVENT 1
| #define HAVE_INET_ATON 1
| #define HAVE_IMAXDIV 1
| #define HAVE_MEMMOVE 1
| #define HAVE_PATHCONF 1
| #define HAVE_PUTENV 1
| #define HAVE_RAISE 1
| #define HAVE_RANDOM 1
| #define HAVE_REGCOMP 1
| #define HAVE_REGEXEC 1
| #define HAVE_SETENV 1
| #define HAVE_SETLINEBUF 1
| #define HAVE_SETLOCALE 1
| #define HAVE_SETVBUF 1
| #define HAVE_SIGINTERRUPT 1
| #define HAVE_STRCHR 1
| #define HAVE_SYSCONF 1
| #define HAVE_SYSLOG 1
| #define HAVE_TCGETATTR 1
| #define HAVE_TIMES 1
| #define HAVE_TTYNAME 1
| #define HAVE_TZSET 1
| #define HAVE_UNSETENV 1
| #define HAVE_VASPRINTF 1
| #define HAVE_ASPRINTF 1
| #define HAVE_ISASCII 1
| #define HAVE_ISBLANK 1
| #define HAVE_ISGRAPH 1
| #define HAVE_ISPRINT 1
| #define HAVE_ISSPACE 1
| #define HAVE_ISXDIGIT 1
| #define HAVE_GETPWENT 1
| #define HAVE_GETPWNAM 1
| #define HAVE_GETPWUID 1
| #define HAVE_MKSTEMP 1
| #define HAVE_MKDTEMP 1
| #define HAVE_ARC4RANDOM 1
| #define HAVE_STRLCAT 1
| #define HAVE_MEMFD_CREATE 1
| #define HAVE_SHM_OPEN 1
| #define HAVE_GETCWD 1
| #define HAVE_MEMSET 1
| #define HAVE_STRCASECMP 1
| #define HAVE_STRCASESTR 1
| #define HAVE_STRERROR 1
| #define HAVE_STRFTIME 1
| #define HAVE_STRNLEN 1
| #define HAVE_STRPBRK 1
| #define HAVE_STRSTR 1
| #define HAVE_STRTOD 1
| #define HAVE_STRTOL 1
| #define HAVE_STRTOUL 1
| #define HAVE_STRTOLL 1
| #define HAVE_STRTOULL 1
| #define HAVE_STRTOUMAX 1
| #define HAVE_DPRINTF 1
| #define HAVE_STRDUP 1
| #define HAVE_STRLCPY 1
| #define HAVE_REALLOCARRAY 1
| #define HAVE_DECL_AUDIT_USER_TTY 1
| #define HAVE_DECL_CONFSTR 1
| #define HAVE_DECL_PRINTF 1
| #define HAVE_DECL_BRK 1
| #define HAVE_DECL_SBRK 1
| #define HAVE_DECL_SETREGID 1
| #define HAVE_DECL_STRCPY 1
| #define HAVE_DECL_STRSIGNAL 1
| #define HAVE_SETRESUID 1
| #define HAVE_SETRESGID 1
| #define HAVE_DECL_STRTOLD 1
| #define HAVE_DECL_STRTOL 1
| #define HAVE_DECL_STRTOLL 1
| #define HAVE_DECL_STRTOUL 1
| #define HAVE_DECL_STRTOULL 1
| #define HAVE_DECL_STRTOUMAX 1
| #define HAVE_ARGZ_H 1
| #define HAVE_ERRNO_H 1
| #define HAVE_FCNTL_H 1
| #define HAVE_MALLOC_H 1
| #define HAVE_STDIO_EXT_H 1
| #define HAVE_MALLOC 1
| #define HAVE_MMAP 1
| #define HAVE___ARGZ_COUNT 1
| #define HAVE___ARGZ_NEXT 1
| #define HAVE___ARGZ_STRINGIFY 1
| #define HAVE_DCGETTEXT 1
| #define HAVE_MEMPCPY 1
| #define HAVE_MUNMAP 1
| #define HAVE_MREMAP 1
| #define HAVE_STPCPY 1
| #define HAVE_STRCSPN 1
| #define HAVE_WCTYPE_H 1
| #define HAVE_WCHAR_H 1
| #define HAVE_LANGINFO_H 1
| #define HAVE_MBRLEN 1
| #define HAVE_MBSNRTOWCS 1
| #define HAVE_MBSRTOWCS 1
| #define HAVE_WCRTOMB 1
| #define HAVE_WCSCOLL 1
| #define HAVE_WCSDUP 1
| #define HAVE_WCWIDTH 1
| #define HAVE_WCTYPE 1
| #define HAVE_WCSNRTOMBS 1
| #define HAVE_WCSWIDTH 1
| #define HAVE_MBRTOWC 1
| #define HAVE_MBSTATE_T 1
| #define HAVE_ISWLOWER 1
| #define HAVE_ISWUPPER 1
| #define HAVE_TOWLOWER 1
| #define HAVE_TOWUPPER 1
| #define HAVE_ISWCTYPE 1
| #define HAVE_WCHAR_T 1
| #define HAVE_WCTYPE_T 1
| #define HAVE_WINT_T 1
| #define SIZEOF_WCHAR_T 4
| #define HAVE_LIBDL 1
| #define HAVE_DLOPEN 1
| #define HAVE_DLCLOSE 1
| #define HAVE_DLSYM 1
| #define GETGROUPS_T gid_t
| #define HAVE_INTPTR_T 1
| #define HAVE_UINTPTR_T 1
| #define HAVE_LONG_LONG_INT 1
| #define HAVE_UNSIGNED_LONG_LONG_INT 1
| #define SIZEOF_CHAR 1
| #define SIZEOF_SHORT 2
| #define SIZEOF_INT 4
| #define SIZEOF_LONG 8
| #define SIZEOF_CHAR_P 8
| #define SIZEOF_SIZE_T 8
| #define SIZEOF_DOUBLE 8
| #define SIZEOF_LONG_LONG 8
| /* end confdefs.h.  */
| #include <stddef.h>
| #ifdef HAVE_STDIO_H
| # include <stdio.h>
| #endif
| #ifdef HAVE_STDLIB_H
| # include <stdlib.h>
| #endif
| #ifdef HAVE_STRING_H
| # include <string.h>
| #endif
| #ifdef HAVE_INTTYPES_H
| # include <inttypes.h>
| #endif
| #ifdef HAVE_STDINT_H
| # include <stdint.h>
| #endif
| #ifdef HAVE_STRINGS_H
| # include <strings.h>
| #endif
| #ifdef HAVE_SYS_TYPES_H
| # include <sys/types.h>
| #endif
| #ifdef HAVE_SYS_STAT_H
| # include <sys/stat.h>
| #endif
| #ifdef HAVE_UNISTD_H
| # include <unistd.h>
| #endif
| int
| main (void)
| {
| if (sizeof (bits16_t))
| 	 return 0;
|   ;
|   return 0;
| }
configure:18230: result: no
configure:18266: checking for u_bits16_t
configure:18266: gcc -c -g -O2  conftest.c >&5
conftest.c: In function 'main':
conftest.c:398:13: error: 'u_bits16_t' undeclared (first use in this function); did you mean 'bits16_t'?
  398 | if (sizeof (u_bits16_t))
      |             ^~~~~~~~~~
      |             bits16_t
conftest.c:398:13: note: each undeclared identifier is reported only once for each function it appears in
configure:18266: $? = 1
configure: failed program was:
| /* confdefs.h */
| #define PACKAGE_NAME "bash"
| #define PACKAGE_TARNAME "bash"
| #define PACKAGE_VERSION "5.3-release"
| #define PACKAGE_STRING "bash 5.3-release"
| #define PACKAGE_BUGREPORT "bug-bash@gnu.org"
| #define PACKAGE_URL ""
| #define USING_BASH_MALLOC 1
| #define ALIAS 1
| #define PUSHD_AND_POPD 1
| #define RESTRICTED_SHELL 1
| #define PROCESS_SUBSTITUTION 1
| #define PROMPT_STRING_DECODE 1
| #define SELECT_COMMAND 1
| #define HELP_BUILTIN 1
| #define ARRAY_VARS 1
| #define DPAREN_ARITHMETIC 1
| #define BRACE_EXPANSION 1
| #define COMMAND_TIMING 1
| #define EXTENDED_GLOB 1
| #define EXTGLOB_DEFAULT 0
| #define COND_COMMAND 1
| #define COND_REGEXP 1
| #define COPROCESS_SUPPORT 1
| #define ARITH_FOR_COMMAND 1
| #define NETWORK_REDIRECTIONS 1
| #define PROGRAMMABLE_COMPLETION 1
| #define DEBUGGER 1
| #define CASEMOD_ATTRS 1
| #define CASEMOD_EXPANSIONS 1
| #define GLOBASCII_DEFAULT 1
| #define FUNCTION_IMPORT 1
| #define TRANSLATABLE_STRINGS 1
| #define BASH_SOURCE_FULLPATH_DEFAULT 0
| #define MEMSCRAMBLE 1
| #define HAVE_STDIO_H 1
| #define HAVE_STDLIB_H 1
| #define HAVE_STRING_H 1
| #define HAVE_INTTYPES_H 1
| #define HAVE_STDINT_H 1
| #define HAVE_STRINGS_H 1
| #define HAVE_SYS_STAT_H 1
| #define HAVE_SYS_TYPES_H 1
| #define HAVE_UNISTD_H 1
| #define HAVE_WCHAR_H 1
| #define HAVE_STDBOOL_H 1
| #define HAVE_SYS_PARAM_H 1
| #define HAVE_THREADS_H 1
| #define HAVE_SYS_TIME_H 1
| #define STDC_HEADERS 1
| #define _ALL_SOURCE 1
| #define _DARWIN_C_SOURCE 1
| #define _GNU_SOURCE 1
| #define _HPUX_ALT_XOPEN_SOCKET_API 1
| #define _NETBSD_SOURCE 1
| #define _OPENBSD_SOURCE 1
| #define _POSIX_PTHREAD_SEMANTICS 1
| #define __STDC_WANT_IEC_60559_ATTRIBS_EXT__ 1
| #define __STDC_WANT_IEC_60559_BFP_EXT__ 1
| #define __STDC_WANT_IEC_60559_DFP_EXT__ 1
| #define __STDC_WANT_IEC_60559_FUNCS_EXT__ 1
| #define __STDC_WANT_IEC_60559_TYPES_EXT__ 1
| #define __STDC_WANT_LIB_EXT2__ 1
| #define __STDC_WANT_MATH_SPEC_FUNCS__ 1
| #define _TANDEM_SOURCE 1
| #define __EXTENSIONS__ 1
| #define READLINE 1
| #define HISTORY 1
| #define BANG_HISTORY 1
| #define HAVE_STRINGIZE 1
| #define HAVE_LONG_DOUBLE 1
| #define restrict __restrict__
| #define HAVE_VISIBILITY 1
| #define HAVE_STDINT_H_WITH_UINTMAX 1
| #define HAVE_ALLOCA_H 1
| #define HAVE_ALLOCA 1
| #define HAVE_GETPAGESIZE 1
| #define HAVE_SYMLINK 1
| #define HAVE_USELOCALE 1
| #define HAVE_VPRINTF 1
| #define HAVE_ALARM 1
| #define HAVE___FPURGE 1
| #define HAVE_SNPRINTF 1
| #define HAVE_VSNPRINTF 1
| #define HAVE_MMAP 1
| #define INTDIV0_RAISES_SIGFPE 1
| #define HAVE_INTTYPES_H_WITH_UINTMAX 1
| #define HAVE_UNSIGNED_LONG_LONG_INT 1
| #define HAVE_UINTMAX_T 1
| #define HAVE_WEAK_SYMBOLS 1
| #define HAVE_PTHREAD_API 1
| #define USE_POSIX_THREADS 1
| #define USE_POSIX_THREADS_FROM_LIBC 1
| #define HAVE_PTHREAD_RWLOCK 1
| #define HAVE_PTHREAD_MUTEX_RECURSIVE 1
| #define HAVE_ICONV 1
| #define ICONV_CONST 
| #define HAVE_BUILTIN_EXPECT 1
| #define HAVE_INTTYPES_H 1
| #define HAVE_UNISTD_H 1
| #define HAVE_SYS_PARAM_H 1
| #define HAVE_GETCWD 1
| #define HAVE_GETEGID 1
| #define HAVE_GETEUID 1
| #define HAVE_GETGID 1
| #define HAVE_GETUID 1
| #define HAVE_MEMPCPY 1
| #define HAVE_MUNMAP 1
| #define HAVE_STPCPY 1
| #define HAVE_STRCASECMP 1
| #define HAVE_TSEARCH 1
| #define HAVE___FSETLOCKING 1
| #define HAVE_DECL_FEOF_UNLOCKED 1
| #define HAVE_DECL_FGETS_UNLOCKED 1
| #define HAVE_LOCALECONV 1
| #define HAVE_LONG_LONG_INT 1
| #define HAVE_WCHAR_T 1
| #define HAVE_WINT_T 1
| #define HAVE_INTMAX_T 1
| #define HAVE_POSIX_PRINTF 1
| #define HAVE_STDINT_H 1
| #define HAVE_STDINT_H 1
| #define HAVE_WORKING_O_NOATIME 0
| #define HAVE_WORKING_O_NOFOLLOW 0
| #define HAVE_WORKING_USELOCALE 1
| #define HAVE_GOOD_USELOCALE 1
| #define FLEXIBLE_ARRAY_MEMBER /**/
| #define HAVE_FEATURES_H 1
| #define HAVE_STDDEF_H 1
| #define HAVE_STDLIB_H 1
| #define HAVE_STRING_H 1
| #define HAVE_ASPRINTF 1
| #define HAVE_WPRINTF 1
| #define HAVE_NEWLOCALE 1
| #define HAVE_PUTENV 1
| #define HAVE_SETENV 1
| #define HAVE_SNPRINTF 1
| #define HAVE_STRNLEN 1
| #define HAVE_USELOCALE 1
| #define HAVE_WCSLEN 1
| #define HAVE_WCSNLEN 1
| #define HAVE_MBRTOWC 1
| #define HAVE_WCRTOMB 1
| #define HAVE_DECL__SNPRINTF 0
| #define HAVE_DECL__SNWPRINTF 0
| #define HAVE_DECL_GETC_UNLOCKED 1
| #define HAVE_NL_LANGINFO 1
| #define HAVE_LANGINFO_CODESET 1
| #define HAVE_LC_MESSAGES 1
| #define ENABLE_NLS 1
| #define HAVE_GETTEXT 1
| #define HAVE_DCGETTEXT 1
| #define HAVE_DIRENT_H 1
| #define MAJOR_IN_SYSMACROS 1
| #define HAVE_INTTYPES_H 1
| #define HAVE_UNISTD_H 1
| #define HAVE_STDLIB_H 1
| #define HAVE_LIMITS_H 1
| #define HAVE_STRING_H 1
| #define HAVE_MEMORY_H 1
| #define HAVE_LOCALE_H 1
| #define HAVE_TERMCAP_H 1
| #define HAVE_TERMIO_H 1
| #define HAVE_TERMIOS_H 1
| #define HAVE_DLFCN_H 1
| #define HAVE_STDDEF_H 1
| #define HAVE_STDINT_H 1
| #define HAVE_NETDB_H 1
| #define HAVE_PWD_H 1
| #define HAVE_GRP_H 1
| #define HAVE_STRINGS_H 1
| #define HAVE_REGEX_H 1
| #define HAVE_SYSLOG_H 1
| #define HAVE_ULIMIT_H 1
| #define HAVE_SYS_SELECT_H 1
| #define HAVE_SYS_FILE_H 1
| #define HAVE_SYS_IOCTL_H 1
| #define HAVE_SYS_MMAN_H 1
| #define HAVE_SYS_PARAM_H 1
| #define HAVE_SYS_RANDOM_H 1
| #define HAVE_SYS_SOCKET_H 1
| #define HAVE_SYS_STAT_H 1
| #define HAVE_SYS_TIME_H 1
| #define HAVE_SYS_TIMES_H 1
| #define HAVE_SYS_TYPES_H 1
| #define HAVE_SYS_WAIT_H 1
| #define HAVE_NETINET_IN_H 1
| #define HAVE_ARPA_INET_H 1
| #define HAVE_SYS_RESOURCE_H 1
| #define HAVE_ALLOCA_H 1
| #define HAVE_ALLOCA 1
| #define HAVE_CHOWN 1
| #define GETPGRP_VOID 1
| #define HAVE_STRCOLL 1
| #define HAVE_WAIT3 1
| #define HAVE_MKFIFO 1
| #define HAVE_DUP2 1
| #define HAVE_EACCESS 1
| #define HAVE_FCNTL 1
| #define HAVE_GETDTABLESIZE 1
| #define HAVE_GETENTROPY 1
| #define HAVE_GETGROUPS 1
| #define HAVE_GETHOSTNAME 1
| #define HAVE_GETPAGESIZE 1
| #define HAVE_GETPEERNAME 1
| #define HAVE_GETRANDOM 1
| #define HAVE_GETRLIMIT 1
| #define HAVE_GETRUSAGE 1
| #define HAVE_GETTIMEOFDAY 1
| #define HAVE_KILL 1
| #define HAVE_KILLPG 1
| #define HAVE_LSTAT 1
| #define HAVE_NANOSLEEP 1
| #define HAVE_PSELECT 1
| #define HAVE_READLINK 1
| #define HAVE_SELECT 1
| #define HAVE_SETITIMER 1
| #define HAVE_STATFS 1
| #define HAVE_TCGETPGRP 1
| #define HAVE_UNAME 1
| #define HAVE_ULIMIT 1
| #define HAVE_WAITPID 1
| #define HAVE_RENAME 1
| #define HAVE_BCOPY 1
| #define HAVE_BZERO 1
| #define HAVE_CLOCK_GETTIME 1
| #define HAVE_CONFSTR 1
| #define HAVE_FACCESSAT 1
| #define HAVE_FNMATCH 1
| #define HAVE_GETADDRINFO 1
| #define HAVE_GETHOSTBYNAME 1
| #define HAVE_GETSERVBYNAME 1
| #define HAVE_GETSERVENT 1
| #define HAVE_INET_ATON 1
| #define HAVE_IMAXDIV 1
| #define HAVE_MEMMOVE 1
| #define HAVE_PATHCONF 1
| #define HAVE_PUTENV 1
| #define HAVE_RAISE 1
| #define HAVE_RANDOM 1
| #define HAVE_REGCOMP 1
| #define HAVE_REGEXEC 1
| #define HAVE_SETENV 1
| #define HAVE_SETLINEBUF 1
| #define HAVE_SETLOCALE 1
| #define HAVE_SETVBUF 1
| #define HAVE_SIGINTERRUPT 1
| #define HAVE_STRCHR 1
| #define HAVE_SYSCONF 1
| #define HAVE_SYSLOG 1
| #define HAVE_TCGETATTR 1
| #define HAVE_TIMES 1
| #define HAVE_TTYNAME 1
| #define HAVE_TZSET 1
| #define HAVE_UNSETENV 1
| #define HAVE_VASPRINTF 1
| #define HAVE_ASPRINTF 1
| #define HAVE_ISASCII 1
| #define HAVE_ISBLANK 1
| #define HAVE_ISGRAPH 1
| #define HAVE_ISPRINT 1
| #define HAVE_ISSPACE 1
| #define HAVE_ISXDIGIT 1
| #define HAVE_GETPWENT 1
| #define HAVE_GETPWNAM 1
| #define HAVE_GETPWUID 1
| #define HAVE_MKSTEMP 1
| #define HAVE_MKDTEMP 1
| #define HAVE_ARC4RANDOM 1
| #define HAVE_STRLCAT 1
| #define HAVE_MEMFD_CREATE 1
| #define HAVE_SHM_OPEN 1
| #define HAVE_GETCWD 1
| #define HAVE_MEMSET 1
| #define HAVE_STRCASECMP 1
| #define HAVE_STRCASESTR 1
| #define HAVE_STRERROR 1
| #define HAVE_STRFTIME 1
| #define HAVE_STRNLEN 1
| #define HAVE_STRPBRK 1
| #define HAVE_STRSTR 1
| #define HAVE_STRTOD 1
| #define HAVE_STRTOL 1
| #define HAVE_STRTOUL 1
| #define HAVE_STRTOLL 1
| #define HAVE_STRTOULL 1
| #define HAVE_STRTOUMAX 1
| #define HAVE_DPRINTF 1
| #define HAVE_STRDUP 1
| #define HAVE_STRLCPY 1
| #define HAVE_REALLOCARRAY 1
| #define HAVE_DECL_AUDIT_USER_TTY 1
| #define HAVE_DECL_CONFSTR 1
| #define HAVE_DECL_PRINTF 1
| #define HAVE_DECL_BRK 1
| #define HAVE_DECL_SBRK 1
| #define HAVE_DECL_SETREGID 1
| #define HAVE_DECL_STRCPY 1
| #define HAVE_DECL_STRSIGNAL 1
| #define HAVE_SETRESUID 1
| #define HAVE_SETRESGID 1
| #define HAVE_DECL_STRTOLD 1
| #define HAVE_DECL_STRTOL 1
| #define HAVE_DECL_STRTOLL 1
| #define HAVE_DECL_STRTOUL 1
| #define HAVE_DECL_STRTOULL 1
| #define HAVE_DECL_STRTOUMAX 1
| #define HAVE_ARGZ_H 1
| #define HAVE_ERRNO_H 1
| #define HAVE_FCNTL_H 1
| #define HAVE_MALLOC_H 1
| #define HAVE_STDIO_EXT_H 1
| #define HAVE_MALLOC 1
| #define HAVE_MMAP 1
| #define HAVE___ARGZ_COUNT 1
| #define HAVE___ARGZ_NEXT 1
| #define HAVE___ARGZ_STRINGIFY 1
| #define HAVE_DCGETTEXT 1
| #define HAVE_MEMPCPY 1
| #define HAVE_MUNMAP 1
| #define HAVE_MREMAP 1
| #define HAVE_STPCPY 1
| #define HAVE_STRCSPN 1
| #define HAVE_WCTYPE_H 1
| #define HAVE_WCHAR_H 1
| #define HAVE_LANGINFO_H 1
| #define HAVE_MBRLEN 1
| #define HAVE_MBSNRTOWCS 1
| #define HAVE_MBSRTOWCS 1
| #define HAVE_WCRTOMB 1
| #define HAVE_WCSCOLL 1
| #define HAVE_WCSDUP 1
| #define HAVE_WCWIDTH 1
| #define HAVE_WCTYPE 1
| #define HAVE_WCSNRTOMBS 1
| #define HAVE_WCSWIDTH 1
| #define HAVE_MBRTOWC 1
| #define HAVE_MBSTATE_T 1
| #define HAVE_ISWLOWER 1
| #define HAVE_ISWUPPER 1
| #define HAVE_TOWLOWER 1
| #define HAVE_TOWUPPER 1
| #define HAVE_ISWCTYPE 1
| #define HAVE_WCHAR_T 1
| #define HAVE_WCTYPE_T 1
| #define HAVE_WINT_T 1
| #define SIZEOF_WCHAR_T 4
| #define HAVE_LIBDL 1
| #define HAVE_DLOPEN 1
| #define HAVE_DLCLOSE 1
| #define HAVE_DLSYM 1
| #define GETGROUPS_T gid_t
| #define HAVE_INTPTR_T 1
| #define HAVE_UINTPTR_T 1
| #define HAVE_LONG_LONG_INT 1
| #define HAVE_UNSIGNED_LONG_LONG_INT 1
| #define SIZEOF_CHAR 1
| #define SIZEOF_SHORT 2
| #define SIZEOF_INT 4
| #define SIZEOF_LONG 8
| #define SIZEOF_CHAR_P 8
| #define SIZEOF_SIZE_T 8
| #define SIZEOF_DOUBLE 8
| #define SIZEOF_LONG_LONG 8
| #define bits16_t short
| /* end confdefs.h.  */
| #include <stddef.h>
| #ifdef HAVE_STDIO_H
| # include <stdio.h>
| #endif
| #ifdef HAVE_STDLIB_H
| # include <stdlib.h>
| #endif
| #ifdef HAVE_STRING_H
| # include <string.h>
| #endif
| #ifdef HAVE_INTTYPES_H
| # include <inttypes.h>
| #endif
| #ifdef HAVE_STDINT_H
| # include <stdint.h>
| #endif
| #ifdef HAVE_STRINGS_H
| # include <strings.h>
| #endif
| #ifdef HAVE_SYS_TYPES_H
| # include <sys/types.h>
| #endif
| #ifdef HAVE_SYS_STAT_H
| # include <sys/stat.h>
| #endif
| #ifdef HAVE_UNISTD_H
| # include <unistd.h>
| #endif
| int
| main (void)
| {
| if (sizeof (u_bits16_t))
| 	 return 0;
|   ;
|   return 0;
| }
configure:18266: result: no
configure:18302: checking for bits32_t
configure:18302: gcc -c -g -O2  conftest.c >&5
conftest.c: In function 'main':
conftest.c:399:13: error: 'bits32_t' undeclared (first use in this function); did you mean 'bits16_t'?
  399 | if (sizeof (bits32_t))
      |             ^~~~~~~~
      |             bits16_t
conftest.c:399:13: note: each undeclared identifier is reported only once for each function it appears in
configure:18302: $? = 1
configure: failed program was:
| /* confdefs.h */
| #define PACKAGE_NAME "bash"
| #define PACKAGE_TARNAME "bash"
| #define PACKAGE_VERSION "5.3-release"
| #define PACKAGE_STRING "bash 5.3-release"
| #define PACKAGE_BUGREPORT "bug-bash@gnu.org"
| #define PACKAGE_URL ""
| #define USING_BASH_MALLOC 1
| #define ALIAS 1
| #define PUSHD_AND_POPD 1
| #define RESTRICTED_SHELL 1
| #define PROCESS_SUBSTITUTION 1
| #define PROMPT_STRING_DECODE 1
| #define SELECT_COMMAND 1
| #define HELP_BUILTIN 1
| #define ARRAY_VARS 1
| #define DPAREN_ARITHMETIC 1
| #define BRACE_EXPANSION 1
| #define COMMAND_TIMING 1
| #define EXTENDED_GLOB 1
| #define EXTGLOB_DEFAULT 0
| #define COND_COMMAND 1
| #define COND_REGEXP 1
| #define COPROCESS_SUPPORT 1
| #define ARITH_FOR_COMMAND 1
| #define NETWORK_REDIRECTIONS 1
| #define PROGRAMMABLE_COMPLETION 1
| #define DEBUGGER 1
| #define CASEMOD_ATTRS 1
| #define CASEMOD_EXPANSIONS 1
| #define GLOBASCII_DEFAULT 1
| #define FUNCTION_IMPORT 1
| #define TRANSLATABLE_STRINGS 1
| #define BASH_SOURCE_FULLPATH_DEFAULT 0
| #define MEMSCRAMBLE 1
| #define HAVE_STDIO_H 1
| #define HAVE_STDLIB_H 1
| #define HAVE_STRING_H 1
| #define HAVE_INTTYPES_H 1
| #define HAVE_STDINT_H 1
| #define HAVE_STRINGS_H 1
| #define HAVE_SYS_STAT_H 1
| #define HAVE_SYS_TYPES_H 1
| #define HAVE_UNISTD_H 1
| #define HAVE_WCHAR_H 1
| #define HAVE_STDBOOL_H 1
| #define HAVE_SYS_PARAM_H 1
| #define HAVE_THREADS_H 1
| #define HAVE_SYS_TIME_H 1
| #define STDC_HEADERS 1
| #define _ALL_SOURCE 1
| #define _DARWIN_C_SOURCE 1
| #define _GNU_SOURCE 1
| #define _HPUX_ALT_XOPEN_SOCKET_API 1
| #define _NETBSD_SOURCE 1
| #define _OPENBSD_SOURCE 1
| #define _POSIX_PTHREAD_SEMANTICS 1
| #define __STDC_WANT_IEC_60559_ATTRIBS_EXT__ 1
| #define __STDC_WANT_IEC_60559_BFP_EXT__ 1
| #define __STDC_WANT_IEC_60559_DFP_EXT__ 1
| #define __STDC_WANT_IEC_60559_FUNCS_EXT__ 1
| #define __STDC_WANT_IEC_60559_TYPES_EXT__ 1
| #define __STDC_WANT_LIB_EXT2__ 1
| #define __STDC_WANT_MATH_SPEC_FUNCS__ 1
| #define _TANDEM_SOURCE 1
| #define __EXTENSIONS__ 1
| #define READLINE 1
| #define HISTORY 1
| #define BANG_HISTORY 1
| #define HAVE_STRINGIZE 1
| #define HAVE_LONG_DOUBLE 1
| #define restrict __restrict__
| #define HAVE_VISIBILITY 1
| #define HAVE_STDINT_H_WITH_UINTMAX 1
| #define HAVE_ALLOCA_H 1
| #define HAVE_ALLOCA 1
| #define HAVE_GETPAGESIZE 1
| #define HAVE_SYMLINK 1
| #define HAVE_USELOCALE 1
| #define HAVE_VPRINTF 1
| #define HAVE_ALARM 1
| #define HAVE___FPURGE 1
| #define HAVE_SNPRINTF 1
| #define HAVE_VSNPRINTF 1
| #define HAVE_MMAP 1
| #define INTDIV0_RAISES_SIGFPE 1
| #define HAVE_INTTYPES_H_WITH_UINTMAX 1
| #define HAVE_UNSIGNED_LONG_LONG_INT 1
| #define HAVE_UINTMAX_T 1
| #define HAVE_WEAK_SYMBOLS 1
| #define HAVE_PTHREAD_API 1
| #define USE_POSIX_THREADS 1
| #define USE_POSIX_THREADS_FROM_LIBC 1
| #define HAVE_PTHREAD_RWLOCK 1
| #define HAVE_PTHREAD_MUTEX_RECURSIVE 1
| #define HAVE_ICONV 1
| #define ICONV_CONST 
| #define HAVE_BUILTIN_EXPECT 1
| #define HAVE_INTTYPES_H 1
| #define HAVE_UNISTD_H 1
| #define HAVE_SYS_PARAM_H 1
| #define HAVE_GETCWD 1
| #define HAVE_GETEGID 1
| #define HAVE_GETEUID 1
| #define HAVE_GETGID 1
| #define HAVE_GETUID 1
| #define HAVE_MEMPCPY 1
| #define HAVE_MUNMAP 1
| #define HAVE_STPCPY 1
| #define HAVE_STRCASECMP 1
| #define HAVE_TSEARCH 1
| #define HAVE___FSETLOCKING 1
| #define HAVE_DECL_FEOF_UNLOCKED 1
| #define HAVE_DECL_FGETS_UNLOCKED 1
| #define HAVE_LOCALECONV 1
| #define HAVE_LONG_LONG_INT 1
| #define HAVE_WCHAR_T 1
| #define HAVE_WINT_T 1
| #define HAVE_INTMAX_T 1
| #define HAVE_POSIX_PRINTF 1
| #define HAVE_STDINT_H 1
| #define HAVE_STDINT_H 1
| #define HAVE_WORKING_O_NOATIME 0
| #define HAVE_WORKING_O_NOFOLLOW 0
| #define HAVE_WORKING_USELOCALE 1
| #define HAVE_GOOD_USELOCALE 1
| #define FLEXIBLE_ARRAY_MEMBER /**/
| #define HAVE_FEATURES_H 1
| #define HAVE_STDDEF_H 1
| #define HAVE_STDLIB_H 1
| #define HAVE_STRING_H 1
| #define HAVE_ASPRINTF 1
| #define HAVE_WPRINTF 1
| #define HAVE_NEWLOCALE 1
| #define HAVE_PUTENV 1
| #define HAVE_SETENV 1
| #define HAVE_SNPRINTF 1
| #define HAVE_STRNLEN 1
| #define HAVE_USELOCALE 1
| #define HAVE_WCSLEN 1
| #define HAVE_WCSNLEN 1
| #define HAVE_MBRTOWC 1
| #define HAVE_WCRTOMB 1
| #define HAVE_DECL__SNPRINTF 0
| #define HAVE_DECL__SNWPRINTF 0
| #define HAVE_DECL_GETC_UNLOCKED 1
| #define HAVE_NL_LANGINFO 1
| #define HAVE_LANGINFO_CODESET 1
| #define HAVE_LC_MESSAGES 1
| #define ENABLE_NLS 1
| #define HAVE_GETTEXT 1
| #define HAVE_DCGETTEXT 1
| #define HAVE_DIRENT_H 1
| #define MAJOR_IN_SYSMACROS 1
| #define HAVE_INTTYPES_H 1
| #define HAVE_UNISTD_H 1
| #define HAVE_STDLIB_H 1
| #define HAVE_LIMITS_H 1
| #define HAVE_STRING_H 1
| #define HAVE_MEMORY_H 1
| #define HAVE_LOCALE_H 1
| #define HAVE_TERMCAP_H 1
| #define HAVE_TERMIO_H 1
| #define HAVE_TERMIOS_H 1
| #define HAVE_DLFCN_H 1
| #define HAVE_STDDEF_H 1
| #define HAVE_STDINT_H 1
| #define HAVE_NETDB_H 1
| #define HAVE_PWD_H 1
| #define HAVE_GRP_H 1
| #define HAVE_STRINGS_H 1
| #define HAVE_REGEX_H 1
| #define HAVE_SYSLOG_H 1
| #define HAVE_ULIMIT_H 1
| #define HAVE_SYS_SELECT_H 1
| #define HAVE_SYS_FILE_H 1
| #define HAVE_SYS_IOCTL_H 1
| #define HAVE_SYS_MMAN_H 1
| #define HAVE_SYS_PARAM_H 1
| #define HAVE_SYS_RANDOM_H 1
| #define HAVE_SYS_SOCKET_H 1
| #define HAVE_SYS_STAT_H 1
| #define HAVE_SYS_TIME_H 1
| #define HAVE_SYS_TIMES_H 1
| #define HAVE_SYS_TYPES_H 1
| #define HAVE_SYS_WAIT_H 1
| #define HAVE_NETINET_IN_H 1
| #define HAVE_ARPA_INET_H 1
| #define HAVE_SYS_RESOURCE_H 1
| #define HAVE_ALLOCA_H 1
| #define HAVE_ALLOCA 1
| #define HAVE_CHOWN 1
| #define GETPGRP_VOID 1
| #define HAVE_STRCOLL 1
| #define HAVE_WAIT3 1
| #define HAVE_MKFIFO 1
| #define HAVE_DUP2 1
| #define HAVE_EACCESS 1
| #define HAVE_FCNTL 1
| #define HAVE_GETDTABLESIZE 1
| #define HAVE_GETENTROPY 1
| #define HAVE_GETGROUPS 1
| #define HAVE_GETHOSTNAME 1
| #define HAVE_GETPAGESIZE 1
| #define HAVE_GETPEERNAME 1
| #define HAVE_GETRANDOM 1
| #define HAVE_GETRLIMIT 1
| #define HAVE_GETRUSAGE 1
| #define HAVE_GETTIMEOFDAY 1
| #define HAVE_KILL 1
| #define HAVE_KILLPG 1
| #define HAVE_LSTAT 1
| #define HAVE_NANOSLEEP 1
| #define HAVE_PSELECT 1
| #define HAVE_READLINK 1
| #define HAVE_SELECT 1
| #define HAVE_SETITIMER 1
| #define HAVE_STATFS 1
| #define HAVE_TCGETPGRP 1
| #define HAVE_UNAME 1
| #define HAVE_ULIMIT 1
| #define HAVE_WAITPID 1
| #define HAVE_RENAME 1
| #define HAVE_BCOPY 1
| #define HAVE_BZERO 1
| #define HAVE_CLOCK_GETTIME 1
| #define HAVE_CONFSTR 1
| #define HAVE_FACCESSAT 1
| #define HAVE_FNMATCH 1
| #define HAVE_GETADDRINFO 1
| #define HAVE_GETHOSTBYNAME 1
| #define HAVE_GETSERVBYNAME 1
| #define HAVE_GETSERVENT 1
| #define HAVE_INET_ATON 1
| #define HAVE_IMAXDIV 1
| #define HAVE_MEMMOVE 1
| #define HAVE_PATHCONF 1
| #define HAVE_PUTENV 1
| #define HAVE_RAISE 1
| #define HAVE_RANDOM 1
| #define HAVE_REGCOMP 1
| #define HAVE_REGEXEC 1
| #define HAVE_SETENV 1
| #define HAVE_SETLINEBUF 1
| #define HAVE_SETLOCALE 1
| #define HAVE_SETVBUF 1
| #define HAVE_SIGINTERRUPT 1
| #define HAVE_STRCHR 1
| #define HAVE_SYSCONF 1
| #define HAVE_SYSLOG 1
| #define HAVE_TCGETATTR 1
| #define HAVE_TIMES 1
| #define HAVE_TTYNAME 1
| #define HAVE_TZSET 1
| #define HAVE_UNSETENV 1
| #define HAVE_VASPRINTF 1
| #define HAVE_ASPRINTF 1
| #define HAVE_ISASCII 1
| #define HAVE_ISBLANK 1
| #define HAVE_ISGRAPH 1
| #define HAVE_ISPRINT 1
| #define HAVE_ISSPACE 1
| #define HAVE_ISXDIGIT 1
| #define HAVE_GETPWENT 1
| #define HAVE_GETPWNAM 1
| #define HAVE_GETPWUID 1
| #define HAVE_MKSTEMP 1
| #define HAVE_MKDTEMP 1
| #define HAVE_ARC4RANDOM 1
| #define HAVE_STRLCAT 1
| #define HAVE_MEMFD_CREATE 1
| #define HAVE_SHM_OPEN 1
| #define HAVE_GETCWD 1
| #define HAVE_MEMSET 1
| #define HAVE_STRCASECMP 1
| #define HAVE_STRCASESTR 1
| #define HAVE_STRERROR 1
| #define HAVE_STRFTIME 1
| #define HAVE_STRNLEN 1
| #define HAVE_STRPBRK 1
| #define HAVE_STRSTR 1
| #define HAVE_STRTOD 1
| #define HAVE_STRTOL 1
| #define HAVE_STRTOUL 1
| #define HAVE_STRTOLL 1
| #define HAVE_STRTOULL 1
| #define HAVE_STRTOUMAX 1
| #define HAVE_DPRINTF 1
| #define HAVE_STRDUP 1
| #define HAVE_STRLCPY 1
| #define HAVE_REALLOCARRAY 1
| #define HAVE_DECL_AUDIT_USER_TTY 1
| #define HAVE_DECL_CONFSTR 1
| #define HAVE_DECL_PRINTF 1
| #define HAVE_DECL_BRK 1
| #define HAVE_DECL_SBRK 1
| #define HAVE_DECL_SETREGID 1
| #define HAVE_DECL_STRCPY 1
| #define HAVE_DECL_STRSIGNAL 1
| #define HAVE_SETRESUID 1
| #define HAVE_SETRESGID 1
| #define HAVE_DECL_STRTOLD 1
| #define HAVE_DECL_STRTOL 1
| #define HAVE_DECL_STRTOLL 1
| #define HAVE_DECL_STRTOUL 1
| #define HAVE_DECL_STRTOULL 1
| #define HAVE_DECL_STRTOUMAX 1
| #define HAVE_ARGZ_H 1
| #define HAVE_ERRNO_H 1
| #define HAVE_FCNTL_H 1
| #define HAVE_MALLOC_H 1
| #define HAVE_STDIO_EXT_H 1
| #define HAVE_MALLOC 1
| #define HAVE_MMAP 1
| #define HAVE___ARGZ_COUNT 1
| #define HAVE___ARGZ_NEXT 1
| #define HAVE___ARGZ_STRINGIFY 1
| #define HAVE_DCGETTEXT 1
| #define HAVE_MEMPCPY 1
| #define HAVE_MUNMAP 1
| #define HAVE_MREMAP 1
| #define HAVE_STPCPY 1
| #define HAVE_STRCSPN 1
| #define HAVE_WCTYPE_H 1
| #define HAVE_WCHAR_H 1
| #define HAVE_LANGINFO_H 1
| #define HAVE_MBRLEN 1
| #define HAVE_MBSNRTOWCS 1
| #define HAVE_MBSRTOWCS 1
| #define HAVE_WCRTOMB 1
| #define HAVE_WCSCOLL 1
| #define HAVE_WCSDUP 1
| #define HAVE_WCWIDTH 1
| #define HAVE_WCTYPE 1
| #define HAVE_WCSNRTOMBS 1
| #define HAVE_WCSWIDTH 1
| #define HAVE_MBRTOWC 1
| #define HAVE_MBSTATE_T 1
| #define HAVE_ISWLOWER 1
| #define HAVE_ISWUPPER 1
| #define HAVE_TOWLOWER 1
| #define HAVE_TOWUPPER 1
| #define HAVE_ISWCTYPE 1
| #define HAVE_WCHAR_T 1
| #define HAVE_WCTYPE_T 1
| #define HAVE_WINT_T 1
| #define SIZEOF_WCHAR_T 4
| #define HAVE_LIBDL 1
| #define HAVE_DLOPEN 1
| #define HAVE_DLCLOSE 1
| #define HAVE_DLSYM 1
| #define GETGROUPS_T gid_t
| #define HAVE_INTPTR_T 1
| #define HAVE_UINTPTR_T 1
| #define HAVE_LONG_LONG_INT 1
| #define HAVE_UNSIGNED_LONG_LONG_INT 1
| #define SIZEOF_CHAR 1
| #define SIZEOF_SHORT 2
| #define SIZEOF_INT 4
| #define SIZEOF_LONG 8
| #define SIZEOF_CHAR_P 8
| #define SIZEOF_SIZE_T 8
| #define SIZEOF_DOUBLE 8
| #define SIZEOF_LONG_LONG 8
| #define bits16_t short
| #define u_bits16_t unsigned short
| /* end confdefs.h.  */
| #include <stddef.h>
| #ifdef HAVE_STDIO_H
| # include <stdio.h>
| #endif
| #ifdef HAVE_STDLIB_H
| # include <stdlib.h>
| #endif
| #ifdef HAVE_STRING_H
| # include <string.h>
| #endif
| #ifdef HAVE_INTTYPES_H
| # include <inttypes.h>
| #endif
| #ifdef HAVE_STDINT_H
| # include <stdint.h>
| #endif
| #ifdef HAVE_STRINGS_H
| # include <strings.h>
| #endif
| #ifdef HAVE_SYS_TYPES_H
| # include <sys/types.h>
| #endif
| #ifdef HAVE_SYS_STAT_H
| # include <sys/stat.h>
| #endif
| #ifdef HAVE_UNISTD_H
| # include <unistd.h>
| #endif
| int
| main (void)
| {
| if (sizeof (bits32_t))
| 	 return 0;
|   ;
|   return 0;
| }
configure:18302: result: no
configure:18338: checking for u_bits32_t
configure:18338: gcc -c -g -O2  conftest.c >&5
conftest.c: In function 'main':
conftest.c:400:13: error: 'u_bits32_t' undeclared (first use in this function); did you mean 'bits32_t'?
  400 | if (sizeof (u_bits32_t))
      |             ^~~~~~~~~~
      |             bits32_t
conftest.c:400:13: note: each undeclared identifier is reported only once for each function it appears in
configure:18338: $? = 1
configure: failed program was:
| /* confdefs.h */
| #define PACKAGE_NAME "bash"
| #define PACKAGE_TARNAME "bash"
| #define PACKAGE_VERSION "5.3-release"
| #define PACKAGE_STRING "bash 5.3-release"
| #define PACKAGE_BUGREPORT "bug-bash@gnu.org"
| #define PACKAGE_URL ""
| #define USING_BASH_MALLOC 1
| #define ALIAS 1
| #define PUSHD_AND_POPD 1
| #define RESTRICTED_SHELL 1
| #define PROCESS_SUBSTITUTION 1
| #define PROMPT_STRING_DECODE 1
| #define SELECT_COMMAND 1
| #define HELP_BUILTIN 1
| #define ARRAY_VARS 1
| #define DPAREN_ARITHMETIC 1
| #define BRACE_EXPANSION 1
| #define COMMAND_TIMING 1
| #define EXTENDED_GLOB 1
| #define EXTGLOB_DEFAULT 0
| #define COND_COMMAND 1
| #define COND_REGEXP 1
| #define COPROCESS_SUPPORT 1
| #define ARITH_FOR_COMMAND 1
| #define NETWORK_REDIRECTIONS 1
| #define PROGRAMMABLE_COMPLETION 1
| #define DEBUGGER 1
| #define CASEMOD_ATTRS 1
| #define CASEMOD_EXPANSIONS 1
| #define GLOBASCII_DEFAULT 1
| #define FUNCTION_IMPORT 1
| #define TRANSLATABLE_STRINGS 1
| #define BASH_SOURCE_FULLPATH_DEFAULT 0
| #define MEMSCRAMBLE 1
| #define HAVE_STDIO_H 1
| #define HAVE_STDLIB_H 1
| #define HAVE_STRING_H 1
| #define HAVE_INTTYPES_H 1
| #define HAVE_STDINT_H 1
| #define HAVE_STRINGS_H 1
| #define HAVE_SYS_STAT_H 1
| #define HAVE_SYS_TYPES_H 1
| #define HAVE_UNISTD_H 1
| #define HAVE_WCHAR_H 1
| #define HAVE_STDBOOL_H 1
| #define HAVE_SYS_PARAM_H 1
| #define HAVE_THREADS_H 1
| #define HAVE_SYS_TIME_H 1
| #define STDC_HEADERS 1
| #define _ALL_SOURCE 1
| #define _DARWIN_C_SOURCE 1
| #define _GNU_SOURCE 1
| #define _HPUX_ALT_XOPEN_SOCKET_API 1
| #define _NETBSD_SOURCE 1
| #define _OPENBSD_SOURCE 1
| #define _POSIX_PTHREAD_SEMANTICS 1
| #define __STDC_WANT_IEC_60559_ATTRIBS_EXT__ 1
| #define __STDC_WANT_IEC_60559_BFP_EXT__ 1
| #define __STDC_WANT_IEC_60559_DFP_EXT__ 1
| #define __STDC_WANT_IEC_60559_FUNCS_EXT__ 1
| #define __STDC_WANT_IEC_60559_TYPES_EXT__ 1
| #define __STDC_WANT_LIB_EXT2__ 1
| #define __STDC_WANT_MATH_SPEC_FUNCS__ 1
| #define _TANDEM_SOURCE 1
| #define __EXTENSIONS__ 1
| #define READLINE 1
| #define HISTORY 1
| #define BANG_HISTORY 1
| #define HAVE_STRINGIZE 1
| #define HAVE_LONG_DOUBLE 1
| #define restrict __restrict__
| #define HAVE_VISIBILITY 1
| #define HAVE_STDINT_H_WITH_UINTMAX 1
| #define HAVE_ALLOCA_H 1
| #define HAVE_ALLOCA 1
| #define HAVE_GETPAGESIZE 1
| #define HAVE_SYMLINK 1
| #define HAVE_USELOCALE 1
| #define HAVE_VPRINTF 1
| #define HAVE_ALARM 1
| #define HAVE___FPURGE 1
| #define HAVE_SNPRINTF 1
| #define HAVE_VSNPRINTF 1
| #define HAVE_MMAP 1
| #define INTDIV0_RAISES_SIGFPE 1
| #define HAVE_INTTYPES_H_WITH_UINTMAX 1
| #define HAVE_UNSIGNED_LONG_LONG_INT 1
| #define HAVE_UINTMAX_T 1
| #define HAVE_WEAK_SYMBOLS 1
| #define HAVE_PTHREAD_API 1
| #define USE_POSIX_THREADS 1
| #define USE_POSIX_THREADS_FROM_LIBC 1
| #define HAVE_PTHREAD_RWLOCK 1
| #define HAVE_PTHREAD_MUTEX_RECURSIVE 1
| #define HAVE_ICONV 1
| #define ICONV_CONST 
| #define HAVE_BUILTIN_EXPECT 1
| #define HAVE_INTTYPES_H 1
| #define HAVE_UNISTD_H 1
| #define HAVE_SYS_PARAM_H 1
| #define HAVE_GETCWD 1
| #define HAVE_GETEGID 1
| #define HAVE_GETEUID 1
| #define HAVE_GETGID 1
| #define HAVE_GETUID 1
| #define HAVE_MEMPCPY 1
| #define HAVE_MUNMAP 1
| #define HAVE_STPCPY 1
| #define HAVE_STRCASECMP 1
| #define HAVE_TSEARCH 1
| #define HAVE___FSETLOCKING 1
| #define HAVE_DECL_FEOF_UNLOCKED 1
| #define HAVE_DECL_FGETS_UNLOCKED 1
| #define HAVE_LOCALECONV 1
| #define HAVE_LONG_LONG_INT 1
| #define HAVE_WCHAR_T 1
| #define HAVE_WINT_T 1
| #define HAVE_INTMAX_T 1
| #define HAVE_POSIX_PRINTF 1
| #define HAVE_STDINT_H 1
| #define HAVE_STDINT_H 1
| #define HAVE_WORKING_O_NOATIME 0
| #define HAVE_WORKING_O_NOFOLLOW 0
| #define HAVE_WORKING_USELOCALE 1
| #define HAVE_GOOD_USELOCALE 1
| #define FLEXIBLE_ARRAY_MEMBER /**/
| #define HAVE_FEATURES_H 1
| #define HAVE_STDDEF_H 1
| #define HAVE_STDLIB_H 1
| #define HAVE_STRING_H 1
| #define HAVE_ASPRINTF 1
| #define HAVE_WPRINTF 1
| #define HAVE_NEWLOCALE 1
| #define HAVE_PUTENV 1
| #define HAVE_SETENV 1
| #define HAVE_SNPRINTF 1
| #define HAVE_STRNLEN 1
| #define HAVE_USELOCALE 1
| #define HAVE_WCSLEN 1
| #define HAVE_WCSNLEN 1
| #define HAVE_MBRTOWC 1
| #define HAVE_WCRTOMB 1
| #define HAVE_DECL__SNPRINTF 0
| #define HAVE_DECL__SNWPRINTF 0
| #define HAVE_DECL_GETC_UNLOCKED 1
| #define HAVE_NL_LANGINFO 1
| #define HAVE_LANGINFO_CODESET 1
| #define HAVE_LC_MESSAGES 1
| #define ENABLE_NLS 1
| #define HAVE_GETTEXT 1
| #define HAVE_DCGETTEXT 1
| #define HAVE_DIRENT_H 1
| #define MAJOR_IN_SYSMACROS 1
| #define HAVE_INTTYPES_H 1
| #define HAVE_UNISTD_H 1
| #define HAVE_STDLIB_H 1
| #define HAVE_LIMITS_H 1
| #define HAVE_STRING_H 1
| #define HAVE_MEMORY_H 1
| #define HAVE_LOCALE_H 1
| #define HAVE_TERMCAP_H 1
| #define HAVE_TERMIO_H 1
| #define HAVE_TERMIOS_H 1
| #define HAVE_DLFCN_H 1
| #define HAVE_STDDEF_H 1
| #define HAVE_STDINT_H 1
| #define HAVE_NETDB_H 1
| #define HAVE_PWD_H 1
| #define HAVE_GRP_H 1
| #define HAVE_STRINGS_H 1
| #define HAVE_REGEX_H 1
| #define HAVE_SYSLOG_H 1
| #define HAVE_ULIMIT_H 1
| #define HAVE_SYS_SELECT_H 1
| #define HAVE_SYS_FILE_H 1
| #define HAVE_SYS_IOCTL_H 1
| #define HAVE_SYS_MMAN_H 1
| #define HAVE_SYS_PARAM_H 1
| #define HAVE_SYS_RANDOM_H 1
| #define HAVE_SYS_SOCKET_H 1
| #define HAVE_SYS_STAT_H 1
| #define HAVE_SYS_TIME_H 1
| #define HAVE_SYS_TIMES_H 1
| #define HAVE_SYS_TYPES_H 1
| #define HAVE_SYS_WAIT_H 1
| #define HAVE_NETINET_IN_H 1
| #define HAVE_ARPA_INET_H 1
| #define HAVE_SYS_RESOURCE_H 1
| #define HAVE_ALLOCA_H 1
| #define HAVE_ALLOCA 1
| #define HAVE_CHOWN 1
| #define GETPGRP_VOID 1
| #define HAVE_STRCOLL 1
| #define HAVE_WAIT3 1
| #define HAVE_MKFIFO 1
| #define HAVE_DUP2 1
| #define HAVE_EACCESS 1
| #define HAVE_FCNTL 1
| #define HAVE_GETDTABLESIZE 1
| #define HAVE_GETENTROPY 1
| #define HAVE_GETGROUPS 1
| #define HAVE_GETHOSTNAME 1
| #define HAVE_GETPAGESIZE 1
| #define HAVE_GETPEERNAME 1
| #define HAVE_GETRANDOM 1
| #define HAVE_GETRLIMIT 1
| #define HAVE_GETRUSAGE 1
| #define HAVE_GETTIMEOFDAY 1
| #define HAVE_KILL 1
| #define HAVE_KILLPG 1
| #define HAVE_LSTAT 1
| #define HAVE_NANOSLEEP 1
| #define HAVE_PSELECT 1
| #define HAVE_READLINK 1
| #define HAVE_SELECT 1
| #define HAVE_SETITIMER 1
| #define HAVE_STATFS 1
| #define HAVE_TCGETPGRP 1
| #define HAVE_UNAME 1
| #define HAVE_ULIMIT 1
| #define HAVE_WAITPID 1
| #define HAVE_RENAME 1
| #define HAVE_BCOPY 1
| #define HAVE_BZERO 1
| #define HAVE_CLOCK_GETTIME 1
| #define HAVE_CONFSTR 1
| #define HAVE_FACCESSAT 1
| #define HAVE_FNMATCH 1
| #define HAVE_GETADDRINFO 1
| #define HAVE_GETHOSTBYNAME 1
| #define HAVE_GETSERVBYNAME 1
| #define HAVE_GETSERVENT 1
| #define HAVE_INET_ATON 1
| #define HAVE_IMAXDIV 1
| #define HAVE_MEMMOVE 1
| #define HAVE_PATHCONF 1
| #define HAVE_PUTENV 1
| #define HAVE_RAISE 1
| #define HAVE_RANDOM 1
| #define HAVE_REGCOMP 1
| #define HAVE_REGEXEC 1
| #define HAVE_SETENV 1
| #define HAVE_SETLINEBUF 1
| #define HAVE_SETLOCALE 1
| #define HAVE_SETVBUF 1
| #define HAVE_SIGINTERRUPT 1
| #define HAVE_STRCHR 1
| #define HAVE_SYSCONF 1
| #define HAVE_SYSLOG 1
| #define HAVE_TCGETATTR 1
| #define HAVE_TIMES 1
| #define HAVE_TTYNAME 1
| #define HAVE_TZSET 1
| #define HAVE_UNSETENV 1
| #define HAVE_VASPRINTF 1
| #define HAVE_ASPRINTF 1
| #define HAVE_ISASCII 1
| #define HAVE_ISBLANK 1
| #define HAVE_ISGRAPH 1
| #define HAVE_ISPRINT 1
| #define HAVE_ISSPACE 1
| #define HAVE_ISXDIGIT 1
| #define HAVE_GETPWENT 1
| #define HAVE_GETPWNAM 1
| #define HAVE_GETPWUID 1
| #define HAVE_MKSTEMP 1
| #define HAVE_MKDTEMP 1
| #define HAVE_ARC4RANDOM 1
| #define HAVE_STRLCAT 1
| #define HAVE_MEMFD_CREATE 1
| #define HAVE_SHM_OPEN 1
| #define HAVE_GETCWD 1
| #define HAVE_MEMSET 1
| #define HAVE_STRCASECMP 1
| #define HAVE_STRCASESTR 1
| #define HAVE_STRERROR 1
| #define HAVE_STRFTIME 1
| #define HAVE_STRNLEN 1
| #define HAVE_STRPBRK 1
| #define HAVE_STRSTR 1
| #define HAVE_STRTOD 1
| #define HAVE_STRTOL 1
| #define HAVE_STRTOUL 1
| #define HAVE_STRTOLL 1
| #define HAVE_STRTOULL 1
| #define HAVE_STRTOUMAX 1
| #define HAVE_DPRINTF 1
| #define HAVE_STRDUP 1
| #define HAVE_STRLCPY 1
| #define HAVE_REALLOCARRAY 1
| #define HAVE_DECL_AUDIT_USER_TTY 1
| #define HAVE_DECL_CONFSTR 1
| #define HAVE_DECL_PRINTF 1
| #define HAVE_DECL_BRK 1
| #define HAVE_DECL_SBRK 1
| #define HAVE_DECL_SETREGID 1
| #define HAVE_DECL_STRCPY 1
| #define HAVE_DECL_STRSIGNAL 1
| #define HAVE_SETRESUID 1
| #define HAVE_SETRESGID 1
| #define HAVE_DECL_STRTOLD 1
| #define HAVE_DECL_STRTOL 1
| #define HAVE_DECL_STRTOLL 1
| #define HAVE_DECL_STRTOUL 1
| #define HAVE_DECL_STRTOULL 1
| #define HAVE_DECL_STRTOUMAX 1
| #define HAVE_ARGZ_H 1
| #define HAVE_ERRNO_H 1
| #define HAVE_FCNTL_H 1
| #define HAVE_MALLOC_H 1
| #define HAVE_STDIO_EXT_H 1
| #define HAVE_MALLOC 1
| #define HAVE_MMAP 1
| #define HAVE___ARGZ_COUNT 1
| #define HAVE___ARGZ_NEXT 1
| #define HAVE___ARGZ_STRINGIFY 1
| #define HAVE_DCGETTEXT 1
| #define HAVE_MEMPCPY 1
| #define HAVE_MUNMAP 1
| #define HAVE_MREMAP 1
| #define HAVE_STPCPY 1
| #define HAVE_STRCSPN 1
| #define HAVE_WCTYPE_H 1
| #define HAVE_WCHAR_H 1
| #define HAVE_LANGINFO_H 1
| #define HAVE_MBRLEN 1
| #define HAVE_MBSNRTOWCS 1
| #define HAVE_MBSRTOWCS 1
| #define HAVE_WCRTOMB 1
| #define HAVE_WCSCOLL 1
| #define HAVE_WCSDUP 1
| #define HAVE_WCWIDTH 1
| #define HAVE_WCTYPE 1
| #define HAVE_WCSNRTOMBS 1
| #define HAVE_WCSWIDTH 1
| #define HAVE_MBRTOWC 1
| #define HAVE_MBSTATE_T 1
| #define HAVE_ISWLOWER 1
| #define HAVE_ISWUPPER 1
| #define HAVE_TOWLOWER 1
| #define HAVE_TOWUPPER 1
| #define HAVE_ISWCTYPE 1
| #define HAVE_WCHAR_T 1
| #define HAVE_WCTYPE_T 1
| #define HAVE_WINT_T 1
| #define SIZEOF_WCHAR_T 4
| #define HAVE_LIBDL 1
| #define HAVE_DLOPEN 1
| #define HAVE_DLCLOSE 1
| #define HAVE_DLSYM 1
| #define GETGROUPS_T gid_t
| #define HAVE_INTPTR_T 1
| #define HAVE_UINTPTR_T 1
| #define HAVE_LONG_LONG_INT 1
| #define HAVE_UNSIGNED_LONG_LONG_INT 1
| #define SIZEOF_CHAR 1
| #define SIZEOF_SHORT 2
| #define SIZEOF_INT 4
| #define SIZEOF_LONG 8
| #define SIZEOF_CHAR_P 8
| #define SIZEOF_SIZE_T 8
| #define SIZEOF_DOUBLE 8
| #define SIZEOF_LONG_LONG 8
| #define bits16_t short
| #define u_bits16_t unsigned short
| #define bits32_t int
| /* end confdefs.h.  */
| #include <stddef.h>
| #ifdef HAVE_STDIO_H
| # include <stdio.h>
| #endif
| #ifdef HAVE_STDLIB_H
| # include <stdlib.h>
| #endif
| #ifdef HAVE_STRING_H
| # include <string.h>
| #endif
| #ifdef HAVE_INTTYPES_H
| # include <inttypes.h>
| #endif
| #ifdef HAVE_STDINT_H
| # include <stdint.h>
| #endif
| #ifdef HAVE_STRINGS_H
| # include <strings.h>
| #endif
| #ifdef HAVE_SYS_TYPES_H
| # include <sys/types.h>
| #endif
| #ifdef HAVE_SYS_STAT_H
| # include <sys/stat.h>
| #endif
| #ifdef HAVE_UNISTD_H
| # include <unistd.h>
| #endif
| int
| main (void)
| {
| if (sizeof (u_bits32_t))
| 	 return 0;
|   ;
|   return 0;
| }
configure:18338: result: no
configure:18374: checking for bits64_t
configure:18374: gcc -c -g -O2  conftest.c >&5
conftest.c: In function 'main':
conftest.c:401:13: error: 'bits64_t' undeclared (first use in this function); did you mean 'bits32_t'?
  401 | if (sizeof (bits64_t))
      |             ^~~~~~~~
      |             bits32_t
conftest.c:401:13: note: each undeclared identifier is reported only once for each function it appears in
configure:18374: $? = 1
configure: failed program was:
| /* confdefs.h */
| #define PACKAGE_NAME "bash"
| #define PACKAGE_TARNAME "bash"
| #define PACKAGE_VERSION "5.3-release"
| #define PACKAGE_STRING "bash 5.3-release"
| #define PACKAGE_BUGREPORT "bug-bash@gnu.org"
| #define PACKAGE_URL ""
| #define USING_BASH_MALLOC 1
| #define ALIAS 1
| #define PUSHD_AND_POPD 1
| #define RESTRICTED_SHELL 1
| #define PROCESS_SUBSTITUTION 1
| #define PROMPT_STRING_DECODE 1
| #define SELECT_COMMAND 1
| #define HELP_BUILTIN 1
| #define ARRAY_VARS 1
| #define DPAREN_ARITHMETIC 1
| #define BRACE_EXPANSION 1
| #define COMMAND_TIMING 1
| #define EXTENDED_GLOB 1
| #define EXTGLOB_DEFAULT 0
| #define COND_COMMAND 1
| #define COND_REGEXP 1
| #define COPROCESS_SUPPORT 1
| #define ARITH_FOR_COMMAND 1
| #define NETWORK_REDIRECTIONS 1
| #define PROGRAMMABLE_COMPLETION 1
| #define DEBUGGER 1
| #define CASEMOD_ATTRS 1
| #define CASEMOD_EXPANSIONS 1
| #define GLOBASCII_DEFAULT 1
| #define FUNCTION_IMPORT 1
| #define TRANSLATABLE_STRINGS 1
| #define BASH_SOURCE_FULLPATH_DEFAULT 0
| #define MEMSCRAMBLE 1
| #define HAVE_STDIO_H 1
| #define HAVE_STDLIB_H 1
| #define HAVE_STRING_H 1
| #define HAVE_INTTYPES_H 1
| #define HAVE_STDINT_H 1
| #define HAVE_STRINGS_H 1
| #define HAVE_SYS_STAT_H 1
| #define HAVE_SYS_TYPES_H 1
| #define HAVE_UNISTD_H 1
| #define HAVE_WCHAR_H 1
| #define HAVE_STDBOOL_H 1
| #define HAVE_SYS_PARAM_H 1
| #define HAVE_THREADS_H 1
| #define HAVE_SYS_TIME_H 1
| #define STDC_HEADERS 1
| #define _ALL_SOURCE 1
| #define _DARWIN_C_SOURCE 1
| #define _GNU_SOURCE 1
| #define _HPUX_ALT_XOPEN_SOCKET_API 1
| #define _NETBSD_SOURCE 1
| #define _OPENBSD_SOURCE 1
| #define _POSIX_PTHREAD_SEMANTICS 1
| #define __STDC_WANT_IEC_60559_ATTRIBS_EXT__ 1
| #define __STDC_WANT_IEC_60559_BFP_EXT__ 1
| #define __STDC_WANT_IEC_60559_DFP_EXT__ 1
| #define __STDC_WANT_IEC_60559_FUNCS_EXT__ 1
| #define __STDC_WANT_IEC_60559_TYPES_EXT__ 1
| #define __STDC_WANT_LIB_EXT2__ 1
| #define __STDC_WANT_MATH_SPEC_FUNCS__ 1
| #define _TANDEM_SOURCE 1
| #define __EXTENSIONS__ 1
| #define READLINE 1
| #define HISTORY 1
| #define BANG_HISTORY 1
| #define HAVE_STRINGIZE 1
| #define HAVE_LONG_DOUBLE 1
| #define restrict __restrict__
| #define HAVE_VISIBILITY 1
| #define HAVE_STDINT_H_WITH_UINTMAX 1
| #define HAVE_ALLOCA_H 1
| #define HAVE_ALLOCA 1
| #define HAVE_GETPAGESIZE 1
| #define HAVE_SYMLINK 1
| #define HAVE_USELOCALE 1
| #define HAVE_VPRINTF 1
| #define HAVE_ALARM 1
| #define HAVE___FPURGE 1
| #define HAVE_SNPRINTF 1
| #define HAVE_VSNPRINTF 1
| #define HAVE_MMAP 1
| #define INTDIV0_RAISES_SIGFPE 1
| #define HAVE_INTTYPES_H_WITH_UINTMAX 1
| #define HAVE_UNSIGNED_LONG_LONG_INT 1
| #define HAVE_UINTMAX_T 1
| #define HAVE_WEAK_SYMBOLS 1
| #define HAVE_PTHREAD_API 1
| #define USE_POSIX_THREADS 1
| #define USE_POSIX_THREADS_FROM_LIBC 1
| #define HAVE_PTHREAD_RWLOCK 1
| #define HAVE_PTHREAD_MUTEX_RECURSIVE 1
| #define HAVE_ICONV 1
| #define ICONV_CONST 
| #define HAVE_BUILTIN_EXPECT 1
| #define HAVE_INTTYPES_H 1
| #define HAVE_UNISTD_H 1
| #define HAVE_SYS_PARAM_H 1
| #define HAVE_GETCWD 1
| #define HAVE_GETEGID 1
| #define HAVE_GETEUID 1
| #define HAVE_GETGID 1
| #define HAVE_GETUID 1
| #define HAVE_MEMPCPY 1
| #define HAVE_MUNMAP 1
| #define HAVE_STPCPY 1
| #define HAVE_STRCASECMP 1
| #define HAVE_TSEARCH 1
| #define HAVE___FSETLOCKING 1
| #define HAVE_DECL_FEOF_UNLOCKED 1
| #define HAVE_DECL_FGETS_UNLOCKED 1
| #define HAVE_LOCALECONV 1
| #define HAVE_LONG_LONG_INT 1
| #define HAVE_WCHAR_T 1
| #define HAVE_WINT_T 1
| #define HAVE_INTMAX_T 1
| #define HAVE_POSIX_PRINTF 1
| #define HAVE_STDINT_H 1
| #define HAVE_STDINT_H 1
| #define HAVE_WORKING_O_NOATIME 0
| #define HAVE_WORKING_O_NOFOLLOW 0
| #define HAVE_WORKING_USELOCALE 1
| #define HAVE_GOOD_USELOCALE 1
| #define FLEXIBLE_ARRAY_MEMBER /**/
| #define HAVE_FEATURES_H 1
| #define HAVE_STDDEF_H 1
| #define HAVE_STDLIB_H 1
| #define HAVE_STRING_H 1
| #define HAVE_ASPRINTF 1
| #define HAVE_WPRINTF 1
| #define HAVE_NEWLOCALE 1
| #define HAVE_PUTENV 1
| #define HAVE_SETENV 1
| #define HAVE_SNPRINTF 1
| #define HAVE_STRNLEN 1
| #define HAVE_USELOCALE 1
| #define HAVE_WCSLEN 1
| #define HAVE_WCSNLEN 1
| #define HAVE_MBRTOWC 1
| #define HAVE_WCRTOMB 1
| #define HAVE_DECL__SNPRINTF 0
| #define HAVE_DECL__SNWPRINTF 0
| #define HAVE_DECL_GETC_UNLOCKED 1
| #define HAVE_NL_LANGINFO 1
| #define HAVE_LANGINFO_CODESET 1
| #define HAVE_LC_MESSAGES 1
| #define ENABLE_NLS 1
| #define HAVE_GETTEXT 1
| #define HAVE_DCGETTEXT 1
| #define HAVE_DIRENT_H 1
| #define MAJOR_IN_SYSMACROS 1
| #define HAVE_INTTYPES_H 1
| #define HAVE_UNISTD_H 1
| #define HAVE_STDLIB_H 1
| #define HAVE_LIMITS_H 1
| #define HAVE_STRING_H 1
| #define HAVE_MEMORY_H 1
| #define HAVE_LOCALE_H 1
| #define HAVE_TERMCAP_H 1
| #define HAVE_TERMIO_H 1
| #define HAVE_TERMIOS_H 1
| #define HAVE_DLFCN_H 1
| #define HAVE_STDDEF_H 1
| #define HAVE_STDINT_H 1
| #define HAVE_NETDB_H 1
| #define HAVE_PWD_H 1
| #define HAVE_GRP_H 1
| #define HAVE_STRINGS_H 1
| #define HAVE_REGEX_H 1
| #define HAVE_SYSLOG_H 1
| #define HAVE_ULIMIT_H 1
| #define HAVE_SYS_SELECT_H 1
| #define HAVE_SYS_FILE_H 1
| #define HAVE_SYS_IOCTL_H 1
| #define HAVE_SYS_MMAN_H 1
| #define HAVE_SYS_PARAM_H 1
| #define HAVE_SYS_RANDOM_H 1
| #define HAVE_SYS_SOCKET_H 1
| #define HAVE_SYS_STAT_H 1
| #define HAVE_SYS_TIME_H 1
| #define HAVE_SYS_TIMES_H 1
| #define HAVE_SYS_TYPES_H 1
| #define HAVE_SYS_WAIT_H 1
| #define HAVE_NETINET_IN_H 1
| #define HAVE_ARPA_INET_H 1
| #define HAVE_SYS_RESOURCE_H 1
| #define HAVE_ALLOCA_H 1
| #define HAVE_ALLOCA 1
| #define HAVE_CHOWN 1
| #define GETPGRP_VOID 1
| #define HAVE_STRCOLL 1
| #define HAVE_WAIT3 1
| #define HAVE_MKFIFO 1
| #define HAVE_DUP2 1
| #define HAVE_EACCESS 1
| #define HAVE_FCNTL 1
| #define HAVE_GETDTABLESIZE 1
| #define HAVE_GETENTROPY 1
| #define HAVE_GETGROUPS 1
| #define HAVE_GETHOSTNAME 1
| #define HAVE_GETPAGESIZE 1
| #define HAVE_GETPEERNAME 1
| #define HAVE_GETRANDOM 1
| #define HAVE_GETRLIMIT 1
| #define HAVE_GETRUSAGE 1
| #define HAVE_GETTIMEOFDAY 1
| #define HAVE_KILL 1
| #define HAVE_KILLPG 1
| #define HAVE_LSTAT 1
| #define HAVE_NANOSLEEP 1
| #define HAVE_PSELECT 1
| #define HAVE_READLINK 1
| #define HAVE_SELECT 1
| #define HAVE_SETITIMER 1
| #define HAVE_STATFS 1
| #define HAVE_TCGETPGRP 1
| #define HAVE_UNAME 1
| #define HAVE_ULIMIT 1
| #define HAVE_WAITPID 1
| #define HAVE_RENAME 1
| #define HAVE_BCOPY 1
| #define HAVE_BZERO 1
| #define HAVE_CLOCK_GETTIME 1
| #define HAVE_CONFSTR 1
| #define HAVE_FACCESSAT 1
| #define HAVE_FNMATCH 1
| #define HAVE_GETADDRINFO 1
| #define HAVE_GETHOSTBYNAME 1
| #define HAVE_GETSERVBYNAME 1
| #define HAVE_GETSERVENT 1
| #define HAVE_INET_ATON 1
| #define HAVE_IMAXDIV 1
| #define HAVE_MEMMOVE 1
| #define HAVE_PATHCONF 1
| #define HAVE_PUTENV 1
| #define HAVE_RAISE 1
| #define HAVE_RANDOM 1
| #define HAVE_REGCOMP 1
| #define HAVE_REGEXEC 1
| #define HAVE_SETENV 1
| #define HAVE_SETLINEBUF 1
| #define HAVE_SETLOCALE 1
| #define HAVE_SETVBUF 1
| #define HAVE_SIGINTERRUPT 1
| #define HAVE_STRCHR 1
| #define HAVE_SYSCONF 1
| #define HAVE_SYSLOG 1
| #define HAVE_TCGETATTR 1
| #define HAVE_TIMES 1
| #define HAVE_TTYNAME 1
| #define HAVE_TZSET 1
| #define HAVE_UNSETENV 1
| #define HAVE_VASPRINTF 1
| #define HAVE_ASPRINTF 1
| #define HAVE_ISASCII 1
| #define HAVE_ISBLANK 1
| #define HAVE_ISGRAPH 1
| #define HAVE_ISPRINT 1
| #define HAVE_ISSPACE 1
| #define HAVE_ISXDIGIT 1
| #define HAVE_GETPWENT 1
| #define HAVE_GETPWNAM 1
| #define HAVE_GETPWUID 1
| #define HAVE_MKSTEMP 1
| #define HAVE_MKDTEMP 1
| #define HAVE_ARC4RANDOM 1
| #define HAVE_STRLCAT 1
| #define HAVE_MEMFD_CREATE 1
| #define HAVE_SHM_OPEN 1
| #define HAVE_GETCWD 1
| #define HAVE_MEMSET 1
| #define HAVE_STRCASECMP 1
| #define HAVE_STRCASESTR 1
| #define HAVE_STRERROR 1
| #define HAVE_STRFTIME 1
| #define HAVE_STRNLEN 1
| #define HAVE_STRPBRK 1
| #define HAVE_STRSTR 1
| #define HAVE_STRTOD 1
| #define HAVE_STRTOL 1
| #define HAVE_STRTOUL 1
| #define HAVE_STRTOLL 1
| #define HAVE_STRTOULL 1
| #define HAVE_STRTOUMAX 1
| #define HAVE_DPRINTF 1
| #define HAVE_STRDUP 1
| #define HAVE_STRLCPY 1
| #define HAVE_REALLOCARRAY 1
| #define HAVE_DECL_AUDIT_USER_TTY 1
| #define HAVE_DECL_CONFSTR 1
| #define HAVE_DECL_PRINTF 1
| #define HAVE_DECL_BRK 1
| #define HAVE_DECL_SBRK 1
| #define HAVE_DECL_SETREGID 1
| #define HAVE_DECL_STRCPY 1
| #define HAVE_DECL_STRSIGNAL 1
| #define HAVE_SETRESUID 1
| #define HAVE_SETRESGID 1
| #define HAVE_DECL_STRTOLD 1
| #define HAVE_DECL_STRTOL 1
| #define HAVE_DECL_STRTOLL 1
| #define HAVE_DECL_STRTOUL 1
| #define HAVE_DECL_STRTOULL 1
| #define HAVE_DECL_STRTOUMAX 1
| #define HAVE_ARGZ_H 1
| #define HAVE_ERRNO_H 1
| #define HAVE_FCNTL_H 1
| #define HAVE_MALLOC_H 1
| #define HAVE_STDIO_EXT_H 1
| #define HAVE_MALLOC 1
| #define HAVE_MMAP 1
| #define HAVE___ARGZ_COUNT 1
| #define HAVE___ARGZ_NEXT 1
| #define HAVE___ARGZ_STRINGIFY 1
| #define HAVE_DCGETTEXT 1
| #define HAVE_MEMPCPY 1
| #define HAVE_MUNMAP 1
| #define HAVE_MREMAP 1
| #define HAVE_STPCPY 1
| #define HAVE_STRCSPN 1
| #define HAVE_WCTYPE_H 1
| #define HAVE_WCHAR_H 1
| #define HAVE_LANGINFO_H 1
| #define HAVE_MBRLEN 1
| #define HAVE_MBSNRTOWCS 1
| #define HAVE_MBSRTOWCS 1
| #define HAVE_WCRTOMB 1
| #define HAVE_WCSCOLL 1
| #define HAVE_WCSDUP 1
| #define HAVE_WCWIDTH 1
| #define HAVE_WCTYPE 1
| #define HAVE_WCSNRTOMBS 1
| #define HAVE_WCSWIDTH 1
| #define HAVE_MBRTOWC 1
| #define HAVE_MBSTATE_T 1
| #define HAVE_ISWLOWER 1
| #define HAVE_ISWUPPER 1
| #define HAVE_TOWLOWER 1
| #define HAVE_TOWUPPER 1
| #define HAVE_ISWCTYPE 1
| #define HAVE_WCHAR_T 1
| #define HAVE_WCTYPE_T 1
| #define HAVE_WINT_T 1
| #define SIZEOF_WCHAR_T 4
| #define HAVE_LIBDL 1
| #define HAVE_DLOPEN 1
| #define HAVE_DLCLOSE 1
| #define HAVE_DLSYM 1
| #define GETGROUPS_T gid_t
| #define HAVE_INTPTR_T 1
| #define HAVE_UINTPTR_T 1
| #define HAVE_LONG_LONG_INT 1
| #define HAVE_UNSIGNED_LONG_LONG_INT 1
| #define SIZEOF_CHAR 1
| #define SIZEOF_SHORT 2
| #define SIZEOF_INT 4
| #define SIZEOF_LONG 8
| #define SIZEOF_CHAR_P 8
| #define SIZEOF_SIZE_T 8
| #define SIZEOF_DOUBLE 8
| #define SIZEOF_LONG_LONG 8
| #define bits16_t short
| #define u_bits16_t unsigned short
| #define bits32_t int
| #define u_bits32_t unsigned int
| /* end confdefs.h.  */
| #include <stddef.h>
| #ifdef HAVE_STDIO_H
| # include <stdio.h>
| #endif
| #ifdef HAVE_STDLIB_H
| # include <stdlib.h>
| #endif
| #ifdef HAVE_STRING_H
| # include <string.h>
| #endif
| #ifdef HAVE_INTTYPES_H
| # include <inttypes.h>
| #endif
| #ifdef HAVE_STDINT_H
| # include <stdint.h>
| #endif
| #ifdef HAVE_STRINGS_H
| # include <strings.h>
| #endif
| #ifdef HAVE_SYS_TYPES_H
| # include <sys/types.h>
| #endif
| #ifdef HAVE_SYS_STAT_H
| # include <sys/stat.h>
| #endif
| #ifdef HAVE_UNISTD_H
| # include <unistd.h>
| #endif
| int
| main (void)
| {
| if (sizeof (bits64_t))
| 	 return 0;
|   ;
|   return 0;
| }
configure:18374: result: no
configure:18444: checking for ptrdiff_t
configure:18444: result: yes
configure:18479: checking whether stat file-mode macros are broken
configure:18507: gcc -c -g -O2  conftest.c >&5
configure:18507: $? = 0
configure:18515: result: no
configure:18524: checking whether #! works in shell scripts
configure:18542: result: yes
configure:18592: checking whether strchrnul works
configure:18619: gcc -o conftest -g -O2   conftest.c -ldl  >&5
configure:18619: $? = 0
configure:18619: ./conftest
configure:18619: $? = 0
configure:18630: result: yes
configure:18643: checking if dup2 fails to clear the close-on-exec flag
configure:18681: gcc -o conftest -g -O2   conftest.c -ldl  >&5
configure:18681: $? = 0
configure:18681: ./conftest
configure:18681: $? = 1
configure: program exited with status 1
configure: failed program was:
| /* confdefs.h */
| #define PACKAGE_NAME "bash"
| #define PACKAGE_TARNAME "bash"
| #define PACKAGE_VERSION "5.3-release"
| #define PACKAGE_STRING "bash 5.3-release"
| #define PACKAGE_BUGREPORT "bug-bash@gnu.org"
| #define PACKAGE_URL ""
| #define USING_BASH_MALLOC 1
| #define ALIAS 1
| #define PUSHD_AND_POPD 1
| #define RESTRICTED_SHELL 1
| #define PROCESS_SUBSTITUTION 1
| #define PROMPT_STRING_DECODE 1
| #define SELECT_COMMAND 1
| #define HELP_BUILTIN 1
| #define ARRAY_VARS 1
| #define DPAREN_ARITHMETIC 1
| #define BRACE_EXPANSION 1
| #define COMMAND_TIMING 1
| #define EXTENDED_GLOB 1
| #define EXTGLOB_DEFAULT 0
| #define COND_COMMAND 1
| #define COND_REGEXP 1
| #define COPROCESS_SUPPORT 1
| #define ARITH_FOR_COMMAND 1
| #define NETWORK_REDIRECTIONS 1
| #define PROGRAMMABLE_COMPLETION 1
| #define DEBUGGER 1
| #define CASEMOD_ATTRS 1
| #define CASEMOD_EXPANSIONS 1
| #define GLOBASCII_DEFAULT 1
| #define FUNCTION_IMPORT 1
| #define TRANSLATABLE_STRINGS 1
| #define BASH_SOURCE_FULLPATH_DEFAULT 0
| #define MEMSCRAMBLE 1
| #define HAVE_STDIO_H 1
| #define HAVE_STDLIB_H 1
| #define HAVE_STRING_H 1
| #define HAVE_INTTYPES_H 1
| #define HAVE_STDINT_H 1
| #define HAVE_STRINGS_H 1
| #define HAVE_SYS_STAT_H 1
| #define HAVE_SYS_TYPES_H 1
| #define HAVE_UNISTD_H 1
| #define HAVE_WCHAR_H 1
| #define HAVE_STDBOOL_H 1
| #define HAVE_SYS_PARAM_H 1
| #define HAVE_THREADS_H 1
| #define HAVE_SYS_TIME_H 1
| #define STDC_HEADERS 1
| #define _ALL_SOURCE 1
| #define _DARWIN_C_SOURCE 1
| #define _GNU_SOURCE 1
| #define _HPUX_ALT_XOPEN_SOCKET_API 1
| #define _NETBSD_SOURCE 1
| #define _OPENBSD_SOURCE 1
| #define _POSIX_PTHREAD_SEMANTICS 1
| #define __STDC_WANT_IEC_60559_ATTRIBS_EXT__ 1
| #define __STDC_WANT_IEC_60559_BFP_EXT__ 1
| #define __STDC_WANT_IEC_60559_DFP_EXT__ 1
| #define __STDC_WANT_IEC_60559_FUNCS_EXT__ 1
| #define __STDC_WANT_IEC_60559_TYPES_EXT__ 1
| #define __STDC_WANT_LIB_EXT2__ 1
| #define __STDC_WANT_MATH_SPEC_FUNCS__ 1
| #define _TANDEM_SOURCE 1
| #define __EXTENSIONS__ 1
| #define READLINE 1
| #define HISTORY 1
| #define BANG_HISTORY 1
| #define HAVE_STRINGIZE 1
| #define HAVE_LONG_DOUBLE 1
| #define restrict __restrict__
| #define HAVE_VISIBILITY 1
| #define HAVE_STDINT_H_WITH_UINTMAX 1
| #define HAVE_ALLOCA_H 1
| #define HAVE_ALLOCA 1
| #define HAVE_GETPAGESIZE 1
| #define HAVE_SYMLINK 1
| #define HAVE_USELOCALE 1
| #define HAVE_VPRINTF 1
| #define HAVE_ALARM 1
| #define HAVE___FPURGE 1
| #define HAVE_SNPRINTF 1
| #define HAVE_VSNPRINTF 1
| #define HAVE_MMAP 1
| #define INTDIV0_RAISES_SIGFPE 1
| #define HAVE_INTTYPES_H_WITH_UINTMAX 1
| #define HAVE_UNSIGNED_LONG_LONG_INT 1
| #define HAVE_UINTMAX_T 1
| #define HAVE_WEAK_SYMBOLS 1
| #define HAVE_PTHREAD_API 1
| #define USE_POSIX_THREADS 1
| #define USE_POSIX_THREADS_FROM_LIBC 1
| #define HAVE_PTHREAD_RWLOCK 1
| #define HAVE_PTHREAD_MUTEX_RECURSIVE 1
| #define HAVE_ICONV 1
| #define ICONV_CONST 
| #define HAVE_BUILTIN_EXPECT 1
| #define HAVE_INTTYPES_H 1
| #define HAVE_UNISTD_H 1
| #define HAVE_SYS_PARAM_H 1
| #define HAVE_GETCWD 1
| #define HAVE_GETEGID 1
| #define HAVE_GETEUID 1
| #define HAVE_GETGID 1
| #define HAVE_GETUID 1
| #define HAVE_MEMPCPY 1
| #define HAVE_MUNMAP 1
| #define HAVE_STPCPY 1
| #define HAVE_STRCASECMP 1
| #define HAVE_TSEARCH 1
| #define HAVE___FSETLOCKING 1
| #define HAVE_DECL_FEOF_UNLOCKED 1
| #define HAVE_DECL_FGETS_UNLOCKED 1
| #define HAVE_LOCALECONV 1
| #define HAVE_LONG_LONG_INT 1
| #define HAVE_WCHAR_T 1
| #define HAVE_WINT_T 1
| #define HAVE_INTMAX_T 1
| #define HAVE_POSIX_PRINTF 1
| #define HAVE_STDINT_H 1
| #define HAVE_STDINT_H 1
| #define HAVE_WORKING_O_NOATIME 0
| #define HAVE_WORKING_O_NOFOLLOW 0
| #define HAVE_WORKING_USELOCALE 1
| #define HAVE_GOOD_USELOCALE 1
| #define FLEXIBLE_ARRAY_MEMBER /**/
| #define HAVE_FEATURES_H 1
| #define HAVE_STDDEF_H 1
| #define HAVE_STDLIB_H 1
| #define HAVE_STRING_H 1
| #define HAVE_ASPRINTF 1
| #define HAVE_WPRINTF 1
| #define HAVE_NEWLOCALE 1
| #define HAVE_PUTENV 1
| #define HAVE_SETENV 1
| #define HAVE_SNPRINTF 1
| #define HAVE_STRNLEN 1
| #define HAVE_USELOCALE 1
| #define HAVE_WCSLEN 1
| #define HAVE_WCSNLEN 1
| #define HAVE_MBRTOWC 1
| #define HAVE_WCRTOMB 1
| #define HAVE_DECL__SNPRINTF 0
| #define HAVE_DECL__SNWPRINTF 0
| #define HAVE_DECL_GETC_UNLOCKED 1
| #define HAVE_NL_LANGINFO 1
| #define HAVE_LANGINFO_CODESET 1
| #define HAVE_LC_MESSAGES 1
| #define ENABLE_NLS 1
| #define HAVE_GETTEXT 1
| #define HAVE_DCGETTEXT 1
| #define HAVE_DIRENT_H 1
| #define MAJOR_IN_SYSMACROS 1
| #define HAVE_INTTYPES_H 1
| #define HAVE_UNISTD_H 1
| #define HAVE_STDLIB_H 1
| #define HAVE_LIMITS_H 1
| #define HAVE_STRING_H 1
| #define HAVE_MEMORY_H 1
| #define HAVE_LOCALE_H 1
| #define HAVE_TERMCAP_H 1
| #define HAVE_TERMIO_H 1
| #define HAVE_TERMIOS_H 1
| #define HAVE_DLFCN_H 1
| #define HAVE_STDDEF_H 1
| #define HAVE_STDINT_H 1
| #define HAVE_NETDB_H 1
| #define HAVE_PWD_H 1
| #define HAVE_GRP_H 1
| #define HAVE_STRINGS_H 1
| #define HAVE_REGEX_H 1
| #define HAVE_SYSLOG_H 1
| #define HAVE_ULIMIT_H 1
| #define HAVE_SYS_SELECT_H 1
| #define HAVE_SYS_FILE_H 1
| #define HAVE_SYS_IOCTL_H 1
| #define HAVE_SYS_MMAN_H 1
| #define HAVE_SYS_PARAM_H 1
| #define HAVE_SYS_RANDOM_H 1
| #define HAVE_SYS_SOCKET_H 1
| #define HAVE_SYS_STAT_H 1
| #define HAVE_SYS_TIME_H 1
| #define HAVE_SYS_TIMES_H 1
| #define HAVE_SYS_TYPES_H 1
| #define HAVE_SYS_WAIT_H 1
| #define HAVE_NETINET_IN_H 1
| #define HAVE_ARPA_INET_H 1
| #define HAVE_SYS_RESOURCE_H 1
| #define HAVE_ALLOCA_H 1
| #define HAVE_ALLOCA 1
| #define HAVE_CHOWN 1
| #define GETPGRP_VOID 1
| #define HAVE_STRCOLL 1
| #define HAVE_WAIT3 1
| #define HAVE_MKFIFO 1
| #define HAVE_DUP2 1
| #define HAVE_EACCESS 1
| #define HAVE_FCNTL 1
| #define HAVE_GETDTABLESIZE 1
| #define HAVE_GETENTROPY 1
| #define HAVE_GETGROUPS 1
| #define HAVE_GETHOSTNAME 1
| #define HAVE_GETPAGESIZE 1
| #define HAVE_GETPEERNAME 1
| #define HAVE_GETRANDOM 1
| #define HAVE_GETRLIMIT 1
| #define HAVE_GETRUSAGE 1
| #define HAVE_GETTIMEOFDAY 1
| #define HAVE_KILL 1
| #define HAVE_KILLPG 1
| #define HAVE_LSTAT 1
| #define HAVE_NANOSLEEP 1
| #define HAVE_PSELECT 1
| #define HAVE_READLINK 1
| #define HAVE_SELECT 1
| #define HAVE_SETITIMER 1
| #define HAVE_STATFS 1
| #define HAVE_TCGETPGRP 1
| #define HAVE_UNAME 1
| #define HAVE_ULIMIT 1
| #define HAVE_WAITPID 1
| #define HAVE_RENAME 1
| #define HAVE_BCOPY 1
| #define HAVE_BZERO 1
| #define HAVE_CLOCK_GETTIME 1
| #define HAVE_CONFSTR 1
| #define HAVE_FACCESSAT 1
| #define HAVE_FNMATCH 1
| #define HAVE_GETADDRINFO 1
| #define HAVE_GETHOSTBYNAME 1
| #define HAVE_GETSERVBYNAME 1
| #define HAVE_GETSERVENT 1
| #define HAVE_INET_ATON 1
| #define HAVE_IMAXDIV 1
| #define HAVE_MEMMOVE 1
| #define HAVE_PATHCONF 1
| #define HAVE_PUTENV 1
| #define HAVE_RAISE 1
| #define HAVE_RANDOM 1
| #define HAVE_REGCOMP 1
| #define HAVE_REGEXEC 1
| #define HAVE_SETENV 1
| #define HAVE_SETLINEBUF 1
| #define HAVE_SETLOCALE 1
| #define HAVE_SETVBUF 1
| #define HAVE_SIGINTERRUPT 1
| #define HAVE_STRCHR 1
| #define HAVE_SYSCONF 1
| #define HAVE_SYSLOG 1
| #define HAVE_TCGETATTR 1
| #define HAVE_TIMES 1
| #define HAVE_TTYNAME 1
| #define HAVE_TZSET 1
| #define HAVE_UNSETENV 1
| #define HAVE_VASPRINTF 1
| #define HAVE_ASPRINTF 1
| #define HAVE_ISASCII 1
| #define HAVE_ISBLANK 1
| #define HAVE_ISGRAPH 1
| #define HAVE_ISPRINT 1
| #define HAVE_ISSPACE 1
| #define HAVE_ISXDIGIT 1
| #define HAVE_GETPWENT 1
| #define HAVE_GETPWNAM 1
| #define HAVE_GETPWUID 1
| #define HAVE_MKSTEMP 1
| #define HAVE_MKDTEMP 1
| #define HAVE_ARC4RANDOM 1
| #define HAVE_STRLCAT 1
| #define HAVE_MEMFD_CREATE 1
| #define HAVE_SHM_OPEN 1
| #define HAVE_GETCWD 1
| #define HAVE_MEMSET 1
| #define HAVE_STRCASECMP 1
| #define HAVE_STRCASESTR 1
| #define HAVE_STRERROR 1
| #define HAVE_STRFTIME 1
| #define HAVE_STRNLEN 1
| #define HAVE_STRPBRK 1
| #define HAVE_STRSTR 1
| #define HAVE_STRTOD 1
| #define HAVE_STRTOL 1
| #define HAVE_STRTOUL 1
| #define HAVE_STRTOLL 1
| #define HAVE_STRTOULL 1
| #define HAVE_STRTOUMAX 1
| #define HAVE_DPRINTF 1
| #define HAVE_STRDUP 1
| #define HAVE_STRLCPY 1
| #define HAVE_REALLOCARRAY 1
| #define HAVE_DECL_AUDIT_USER_TTY 1
| #define HAVE_DECL_CONFSTR 1
| #define HAVE_DECL_PRINTF 1
| #define HAVE_DECL_BRK 1
| #define HAVE_DECL_SBRK 1
| #define HAVE_DECL_SETREGID 1
| #define HAVE_DECL_STRCPY 1
| #define HAVE_DECL_STRSIGNAL 1
| #define HAVE_SETRESUID 1
| #define HAVE_SETRESGID 1
| #define HAVE_DECL_STRTOLD 1
| #define HAVE_DECL_STRTOL 1
| #define HAVE_DECL_STRTOLL 1
| #define HAVE_DECL_STRTOUL 1
| #define HAVE_DECL_STRTOULL 1
| #define HAVE_DECL_STRTOUMAX 1
| #define HAVE_ARGZ_H 1
| #define HAVE_ERRNO_H 1
| #define HAVE_FCNTL_H 1
| #define HAVE_MALLOC_H 1
| #define HAVE_STDIO_EXT_H 1
| #define HAVE_MALLOC 1
| #define HAVE_MMAP 1
| #define HAVE___ARGZ_COUNT 1
| #define HAVE___ARGZ_NEXT 1
| #define HAVE___ARGZ_STRINGIFY 1
| #define HAVE_DCGETTEXT 1
| #define HAVE_MEMPCPY 1
| #define HAVE_MUNMAP 1
| #define HAVE_MREMAP 1
| #define HAVE_STPCPY 1
| #define HAVE_STRCSPN 1
| #define HAVE_WCTYPE_H 1
| #define HAVE_WCHAR_H 1
| #define HAVE_LANGINFO_H 1
| #define HAVE_MBRLEN 1
| #define HAVE_MBSNRTOWCS 1
| #define HAVE_MBSRTOWCS 1
| #define HAVE_WCRTOMB 1
| #define HAVE_WCSCOLL 1
| #define HAVE_WCSDUP 1
| #define HAVE_WCWIDTH 1
| #define HAVE_WCTYPE 1
| #define HAVE_WCSNRTOMBS 1
| #define HAVE_WCSWIDTH 1
| #define HAVE_MBRTOWC 1
| #define HAVE_MBSTATE_T 1
| #define HAVE_ISWLOWER 1
| #define HAVE_ISWUPPER 1
| #define HAVE_TOWLOWER 1
| #define HAVE_TOWUPPER 1
| #define HAVE_ISWCTYPE 1
| #define HAVE_WCHAR_T 1
| #define HAVE_WCTYPE_T 1
| #define HAVE_WINT_T 1
| #define SIZEOF_WCHAR_T 4
| #define HAVE_LIBDL 1
| #define HAVE_DLOPEN 1
| #define HAVE_DLCLOSE 1
| #define HAVE_DLSYM 1
| #define GETGROUPS_T gid_t
| #define HAVE_INTPTR_T 1
| #define HAVE_UINTPTR_T 1
| #define HAVE_LONG_LONG_INT 1
| #define HAVE_UNSIGNED_LONG_LONG_INT 1
| #define SIZEOF_CHAR 1
| #define SIZEOF_SHORT 2
| #define SIZEOF_INT 4
| #define SIZEOF_LONG 8
| #define SIZEOF_CHAR_P 8
| #define SIZEOF_SIZE_T 8
| #define SIZEOF_DOUBLE 8
| #define SIZEOF_LONG_LONG 8
| #define bits16_t short
| #define u_bits16_t unsigned short
| #define bits32_t int
| #define u_bits32_t unsigned int
| #define bits64_t char *
| #define HAVE_HASH_BANG_EXEC 1
| /* end confdefs.h.  */
| 
| #include <sys/types.h>
| #include <fcntl.h>
| #include <stdlib.h>
| #ifdef HAVE_UNISTD_H
| # include <unistd.h>
| #endif /* HAVE_UNISTD_H */
| int
| main()
| {
|   int fd1, fd2, fl;
|   fd1 = open("/dev/null", 2);
|   if (fcntl(fd1, 2, 1) < 0)
|     exit(1);
|   fd2 = dup2(fd1, 1);
|   if (fd2 < 0)
|     exit(2);
|   fl = fcntl(fd2, 1, 0);
|   /* fl will be 1 if dup2 did not reset the close-on-exec flag. */
|   exit(fl != 1);
| }
| 
configure:18693: result: no
configure:18701: checking whether pgrps need synchronization
configure:18771: gcc -o conftest -g -O2   conftest.c -ldl  >&5
conftest.c: In function 'main':
conftest.c:413:13: warning: ignoring return value of 'write' declared with attribute 'warn_unused_result' [-Wunused-result]
  413 |             write(fds[1], &ok, 1);
      |             ^~~~~~~~~~~~~~~~~~~~~
configure:18771: $? = 0
configure:18771: ./conftest
configure:18771: $? = 0
configure:18783: result: no
configure:18790: checking for type of signal functions
configure:18820: gcc -o conftest -g -O2   conftest.c -ldl  >&5
configure:18820: $? = 0
configure:18914: result: posix
configure:18928: checking for sys_errlist and sys_nerr
configure:18951: gcc -o conftest -g -O2   conftest.c -ldl  >&5
configure:18951: $? = 0
configure:18962: result: yes
configure:18969: checking whether sys_siglist is declared
configure:18969: gcc -c -g -O2   conftest.c >&5
conftest.c: In function 'main':
conftest.c:388:10: error: 'sys_siglist' undeclared (first use in this function)
  388 |   (void) sys_siglist;
      |          ^~~~~~~~~~~
conftest.c:388:10: note: each undeclared identifier is reported only once for each function it appears in
configure:18969: $? = 1
configure: failed program was:
| /* confdefs.h */
| #define PACKAGE_NAME "bash"
| #define PACKAGE_TARNAME "bash"
| #define PACKAGE_VERSION "5.3-release"
| #define PACKAGE_STRING "bash 5.3-release"
| #define PACKAGE_BUGREPORT "bug-bash@gnu.org"
| #define PACKAGE_URL ""
| #define USING_BASH_MALLOC 1
| #define ALIAS 1
| #define PUSHD_AND_POPD 1
| #define RESTRICTED_SHELL 1
| #define PROCESS_SUBSTITUTION 1
| #define PROMPT_STRING_DECODE 1
| #define SELECT_COMMAND 1
| #define HELP_BUILTIN 1
| #define ARRAY_VARS 1
| #define DPAREN_ARITHMETIC 1
| #define BRACE_EXPANSION 1
| #define COMMAND_TIMING 1
| #define EXTENDED_GLOB 1
| #define EXTGLOB_DEFAULT 0
| #define COND_COMMAND 1
| #define COND_REGEXP 1
| #define COPROCESS_SUPPORT 1
| #define ARITH_FOR_COMMAND 1
| #define NETWORK_REDIRECTIONS 1
| #define PROGRAMMABLE_COMPLETION 1
| #define DEBUGGER 1
| #define CASEMOD_ATTRS 1
| #define CASEMOD_EXPANSIONS 1
| #define GLOBASCII_DEFAULT 1
| #define FUNCTION_IMPORT 1
| #define TRANSLATABLE_STRINGS 1
| #define BASH_SOURCE_FULLPATH_DEFAULT 0
| #define MEMSCRAMBLE 1
| #define HAVE_STDIO_H 1
| #define HAVE_STDLIB_H 1
| #define HAVE_STRING_H 1
| #define HAVE_INTTYPES_H 1
| #define HAVE_STDINT_H 1
| #define HAVE_STRINGS_H 1
| #define HAVE_SYS_STAT_H 1
| #define HAVE_SYS_TYPES_H 1
| #define HAVE_UNISTD_H 1
| #define HAVE_WCHAR_H 1
| #define HAVE_STDBOOL_H 1
| #define HAVE_SYS_PARAM_H 1
| #define HAVE_THREADS_H 1
| #define HAVE_SYS_TIME_H 1
| #define STDC_HEADERS 1
| #define _ALL_SOURCE 1
| #define _DARWIN_C_SOURCE 1
| #define _GNU_SOURCE 1
| #define _HPUX_ALT_XOPEN_SOCKET_API 1
| #define _NETBSD_SOURCE 1
| #define _OPENBSD_SOURCE 1
| #define _POSIX_PTHREAD_SEMANTICS 1
| #define __STDC_WANT_IEC_60559_ATTRIBS_EXT__ 1
| #define __STDC_WANT_IEC_60559_BFP_EXT__ 1
| #define __STDC_WANT_IEC_60559_DFP_EXT__ 1
| #define __STDC_WANT_IEC_60559_FUNCS_EXT__ 1
| #define __STDC_WANT_IEC_60559_TYPES_EXT__ 1
| #define __STDC_WANT_LIB_EXT2__ 1
| #define __STDC_WANT_MATH_SPEC_FUNCS__ 1
| #define _TANDEM_SOURCE 1
| #define __EXTENSIONS__ 1
| #define READLINE 1
| #define HISTORY 1
| #define BANG_HISTORY 1
| #define HAVE_STRINGIZE 1
| #define HAVE_LONG_DOUBLE 1
| #define restrict __restrict__
| #define HAVE_VISIBILITY 1
| #define HAVE_STDINT_H_WITH_UINTMAX 1
| #define HAVE_ALLOCA_H 1
| #define HAVE_ALLOCA 1
| #define HAVE_GETPAGESIZE 1
| #define HAVE_SYMLINK 1
| #define HAVE_USELOCALE 1
| #define HAVE_VPRINTF 1
| #define HAVE_ALARM 1
| #define HAVE___FPURGE 1
| #define HAVE_SNPRINTF 1
| #define HAVE_VSNPRINTF 1
| #define HAVE_MMAP 1
| #define INTDIV0_RAISES_SIGFPE 1
| #define HAVE_INTTYPES_H_WITH_UINTMAX 1
| #define HAVE_UNSIGNED_LONG_LONG_INT 1
| #define HAVE_UINTMAX_T 1
| #define HAVE_WEAK_SYMBOLS 1
| #define HAVE_PTHREAD_API 1
| #define USE_POSIX_THREADS 1
| #define USE_POSIX_THREADS_FROM_LIBC 1
| #define HAVE_PTHREAD_RWLOCK 1
| #define HAVE_PTHREAD_MUTEX_RECURSIVE 1
| #define HAVE_ICONV 1
| #define ICONV_CONST 
| #define HAVE_BUILTIN_EXPECT 1
| #define HAVE_INTTYPES_H 1
| #define HAVE_UNISTD_H 1
| #define HAVE_SYS_PARAM_H 1
| #define HAVE_GETCWD 1
| #define HAVE_GETEGID 1
| #define HAVE_GETEUID 1
| #define HAVE_GETGID 1
| #define HAVE_GETUID 1
| #define HAVE_MEMPCPY 1
| #define HAVE_MUNMAP 1
| #define HAVE_STPCPY 1
| #define HAVE_STRCASECMP 1
| #define HAVE_TSEARCH 1
| #define HAVE___FSETLOCKING 1
| #define HAVE_DECL_FEOF_UNLOCKED 1
| #define HAVE_DECL_FGETS_UNLOCKED 1
| #define HAVE_LOCALECONV 1
| #define HAVE_LONG_LONG_INT 1
| #define HAVE_WCHAR_T 1
| #define HAVE_WINT_T 1
| #define HAVE_INTMAX_T 1
| #define HAVE_POSIX_PRINTF 1
| #define HAVE_STDINT_H 1
| #define HAVE_STDINT_H 1
| #define HAVE_WORKING_O_NOATIME 0
| #define HAVE_WORKING_O_NOFOLLOW 0
| #define HAVE_WORKING_USELOCALE 1
| #define HAVE_GOOD_USELOCALE 1
| #define FLEXIBLE_ARRAY_MEMBER /**/
| #define HAVE_FEATURES_H 1
| #define HAVE_STDDEF_H 1
| #define HAVE_STDLIB_H 1
| #define HAVE_STRING_H 1
| #define HAVE_ASPRINTF 1
| #define HAVE_WPRINTF 1
| #define HAVE_NEWLOCALE 1
| #define HAVE_PUTENV 1
| #define HAVE_SETENV 1
| #define HAVE_SNPRINTF 1
| #define HAVE_STRNLEN 1
| #define HAVE_USELOCALE 1
| #define HAVE_WCSLEN 1
| #define HAVE_WCSNLEN 1
| #define HAVE_MBRTOWC 1
| #define HAVE_WCRTOMB 1
| #define HAVE_DECL__SNPRINTF 0
| #define HAVE_DECL__SNWPRINTF 0
| #define HAVE_DECL_GETC_UNLOCKED 1
| #define HAVE_NL_LANGINFO 1
| #define HAVE_LANGINFO_CODESET 1
| #define HAVE_LC_MESSAGES 1
| #define ENABLE_NLS 1
| #define HAVE_GETTEXT 1
| #define HAVE_DCGETTEXT 1
| #define HAVE_DIRENT_H 1
| #define MAJOR_IN_SYSMACROS 1
| #define HAVE_INTTYPES_H 1
| #define HAVE_UNISTD_H 1
| #define HAVE_STDLIB_H 1
| #define HAVE_LIMITS_H 1
| #define HAVE_STRING_H 1
| #define HAVE_MEMORY_H 1
| #define HAVE_LOCALE_H 1
| #define HAVE_TERMCAP_H 1
| #define HAVE_TERMIO_H 1
| #define HAVE_TERMIOS_H 1
| #define HAVE_DLFCN_H 1
| #define HAVE_STDDEF_H 1
| #define HAVE_STDINT_H 1
| #define HAVE_NETDB_H 1
| #define HAVE_PWD_H 1
| #define HAVE_GRP_H 1
| #define HAVE_STRINGS_H 1
| #define HAVE_REGEX_H 1
| #define HAVE_SYSLOG_H 1
| #define HAVE_ULIMIT_H 1
| #define HAVE_SYS_SELECT_H 1
| #define HAVE_SYS_FILE_H 1
| #define HAVE_SYS_IOCTL_H 1
| #define HAVE_SYS_MMAN_H 1
| #define HAVE_SYS_PARAM_H 1
| #define HAVE_SYS_RANDOM_H 1
| #define HAVE_SYS_SOCKET_H 1
| #define HAVE_SYS_STAT_H 1
| #define HAVE_SYS_TIME_H 1
| #define HAVE_SYS_TIMES_H 1
| #define HAVE_SYS_TYPES_H 1
| #define HAVE_SYS_WAIT_H 1
| #define HAVE_NETINET_IN_H 1
| #define HAVE_ARPA_INET_H 1
| #define HAVE_SYS_RESOURCE_H 1
| #define HAVE_ALLOCA_H 1
| #define HAVE_ALLOCA 1
| #define HAVE_CHOWN 1
| #define GETPGRP_VOID 1
| #define HAVE_STRCOLL 1
| #define HAVE_WAIT3 1
| #define HAVE_MKFIFO 1
| #define HAVE_DUP2 1
| #define HAVE_EACCESS 1
| #define HAVE_FCNTL 1
| #define HAVE_GETDTABLESIZE 1
| #define HAVE_GETENTROPY 1
| #define HAVE_GETGROUPS 1
| #define HAVE_GETHOSTNAME 1
| #define HAVE_GETPAGESIZE 1
| #define HAVE_GETPEERNAME 1
| #define HAVE_GETRANDOM 1
| #define HAVE_GETRLIMIT 1
| #define HAVE_GETRUSAGE 1
| #define HAVE_GETTIMEOFDAY 1
| #define HAVE_KILL 1
| #define HAVE_KILLPG 1
| #define HAVE_LSTAT 1
| #define HAVE_NANOSLEEP 1
| #define HAVE_PSELECT 1
| #define HAVE_READLINK 1
| #define HAVE_SELECT 1
| #define HAVE_SETITIMER 1
| #define HAVE_STATFS 1
| #define HAVE_TCGETPGRP 1
| #define HAVE_UNAME 1
| #define HAVE_ULIMIT 1
| #define HAVE_WAITPID 1
| #define HAVE_RENAME 1
| #define HAVE_BCOPY 1
| #define HAVE_BZERO 1
| #define HAVE_CLOCK_GETTIME 1
| #define HAVE_CONFSTR 1
| #define HAVE_FACCESSAT 1
| #define HAVE_FNMATCH 1
| #define HAVE_GETADDRINFO 1
| #define HAVE_GETHOSTBYNAME 1
| #define HAVE_GETSERVBYNAME 1
| #define HAVE_GETSERVENT 1
| #define HAVE_INET_ATON 1
| #define HAVE_IMAXDIV 1
| #define HAVE_MEMMOVE 1
| #define HAVE_PATHCONF 1
| #define HAVE_PUTENV 1
| #define HAVE_RAISE 1
| #define HAVE_RANDOM 1
| #define HAVE_REGCOMP 1
| #define HAVE_REGEXEC 1
| #define HAVE_SETENV 1
| #define HAVE_SETLINEBUF 1
| #define HAVE_SETLOCALE 1
| #define HAVE_SETVBUF 1
| #define HAVE_SIGINTERRUPT 1
| #define HAVE_STRCHR 1
| #define HAVE_SYSCONF 1
| #define HAVE_SYSLOG 1
| #define HAVE_TCGETATTR 1
| #define HAVE_TIMES 1
| #define HAVE_TTYNAME 1
| #define HAVE_TZSET 1
| #define HAVE_UNSETENV 1
| #define HAVE_VASPRINTF 1
| #define HAVE_ASPRINTF 1
| #define HAVE_ISASCII 1
| #define HAVE_ISBLANK 1
| #define HAVE_ISGRAPH 1
| #define HAVE_ISPRINT 1
| #define HAVE_ISSPACE 1
| #define HAVE_ISXDIGIT 1
| #define HAVE_GETPWENT 1
| #define HAVE_GETPWNAM 1
| #define HAVE_GETPWUID 1
| #define HAVE_MKSTEMP 1
| #define HAVE_MKDTEMP 1
| #define HAVE_ARC4RANDOM 1
| #define HAVE_STRLCAT 1
| #define HAVE_MEMFD_CREATE 1
| #define HAVE_SHM_OPEN 1
| #define HAVE_GETCWD 1
| #define HAVE_MEMSET 1
| #define HAVE_STRCASECMP 1
| #define HAVE_STRCASESTR 1
| #define HAVE_STRERROR 1
| #define HAVE_STRFTIME 1
| #define HAVE_STRNLEN 1
| #define HAVE_STRPBRK 1
| #define HAVE_STRSTR 1
| #define HAVE_STRTOD 1
| #define HAVE_STRTOL 1
| #define HAVE_STRTOUL 1
| #define HAVE_STRTOLL 1
| #define HAVE_STRTOULL 1
| #define HAVE_STRTOUMAX 1
| #define HAVE_DPRINTF 1
| #define HAVE_STRDUP 1
| #define HAVE_STRLCPY 1
| #define HAVE_REALLOCARRAY 1
| #define HAVE_DECL_AUDIT_USER_TTY 1
| #define HAVE_DECL_CONFSTR 1
| #define HAVE_DECL_PRINTF 1
| #define HAVE_DECL_BRK 1
| #define HAVE_DECL_SBRK 1
| #define HAVE_DECL_SETREGID 1
| #define HAVE_DECL_STRCPY 1
| #define HAVE_DECL_STRSIGNAL 1
| #define HAVE_SETRESUID 1
| #define HAVE_SETRESGID 1
| #define HAVE_DECL_STRTOLD 1
| #define HAVE_DECL_STRTOL 1
| #define HAVE_DECL_STRTOLL 1
| #define HAVE_DECL_STRTOUL 1
| #define HAVE_DECL_STRTOULL 1
| #define HAVE_DECL_STRTOUMAX 1
| #define HAVE_ARGZ_H 1
| #define HAVE_ERRNO_H 1
| #define HAVE_FCNTL_H 1
| #define HAVE_MALLOC_H 1
| #define HAVE_STDIO_EXT_H 1
| #define HAVE_MALLOC 1
| #define HAVE_MMAP 1
| #define HAVE___ARGZ_COUNT 1
| #define HAVE___ARGZ_NEXT 1
| #define HAVE___ARGZ_STRINGIFY 1
| #define HAVE_DCGETTEXT 1
| #define HAVE_MEMPCPY 1
| #define HAVE_MUNMAP 1
| #define HAVE_MREMAP 1
| #define HAVE_STPCPY 1
| #define HAVE_STRCSPN 1
| #define HAVE_WCTYPE_H 1
| #define HAVE_WCHAR_H 1
| #define HAVE_LANGINFO_H 1
| #define HAVE_MBRLEN 1
| #define HAVE_MBSNRTOWCS 1
| #define HAVE_MBSRTOWCS 1
| #define HAVE_WCRTOMB 1
| #define HAVE_WCSCOLL 1
| #define HAVE_WCSDUP 1
| #define HAVE_WCWIDTH 1
| #define HAVE_WCTYPE 1
| #define HAVE_WCSNRTOMBS 1
| #define HAVE_WCSWIDTH 1
| #define HAVE_MBRTOWC 1
| #define HAVE_MBSTATE_T 1
| #define HAVE_ISWLOWER 1
| #define HAVE_ISWUPPER 1
| #define HAVE_TOWLOWER 1
| #define HAVE_TOWUPPER 1
| #define HAVE_ISWCTYPE 1
| #define HAVE_WCHAR_T 1
| #define HAVE_WCTYPE_T 1
| #define HAVE_WINT_T 1
| #define SIZEOF_WCHAR_T 4
| #define HAVE_LIBDL 1
| #define HAVE_DLOPEN 1
| #define HAVE_DLCLOSE 1
| #define HAVE_DLSYM 1
| #define GETGROUPS_T gid_t
| #define HAVE_INTPTR_T 1
| #define HAVE_UINTPTR_T 1
| #define HAVE_LONG_LONG_INT 1
| #define HAVE_UNSIGNED_LONG_LONG_INT 1
| #define SIZEOF_CHAR 1
| #define SIZEOF_SHORT 2
| #define SIZEOF_INT 4
| #define SIZEOF_LONG 8
| #define SIZEOF_CHAR_P 8
| #define SIZEOF_SIZE_T 8
| #define SIZEOF_DOUBLE 8
| #define SIZEOF_LONG_LONG 8
| #define bits16_t short
| #define u_bits16_t unsigned short
| #define bits32_t int
| #define u_bits32_t unsigned int
| #define bits64_t char *
| #define HAVE_HASH_BANG_EXEC 1
| #define HAVE_POSIX_SIGNALS 1
| #define HAVE_SYS_ERRLIST 1
| /* end confdefs.h.  */
| #include <signal.h>
| /* NetBSD declares sys_siglist in unistd.h.  */
| #ifdef HAVE_UNISTD_H
| # include <unistd.h>
| #endif
| 
| 
| int
| main (void)
| {
| #ifndef sys_siglist
| #ifdef __cplusplus
|   (void) sys_siglist;
| #else
|   (void) sys_siglist;
| #endif
| #endif
| 
|   ;
|   return 0;
| }
configure:18969: result: no
configure:18986: checking for sys_siglist in system C library
configure:19019: gcc -o conftest -g -O2   conftest.c -ldl  >&5
/usr/bin/ld: /tmp/ccOMYkDB.o: warning: relocation against `sys_siglist' in read-only section `.text.startup'
/usr/bin/ld: /tmp/ccOMYkDB.o: in function `main':
/root/boiler/example_repos/bash/before/conftest.c:389:(.text.startup+0xf): undefined reference to `sys_siglist'
/usr/bin/ld: warning: creating DT_TEXTREL in a PIE
collect2: error: ld returned 1 exit status
configure:19019: $? = 1
configure: program exited with status 1
configure: failed program was:
| /* confdefs.h */
| #define PACKAGE_NAME "bash"
| #define PACKAGE_TARNAME "bash"
| #define PACKAGE_VERSION "5.3-release"
| #define PACKAGE_STRING "bash 5.3-release"
| #define PACKAGE_BUGREPORT "bug-bash@gnu.org"
| #define PACKAGE_URL ""
| #define USING_BASH_MALLOC 1
| #define ALIAS 1
| #define PUSHD_AND_POPD 1
| #define RESTRICTED_SHELL 1
| #define PROCESS_SUBSTITUTION 1
| #define PROMPT_STRING_DECODE 1
| #define SELECT_COMMAND 1
| #define HELP_BUILTIN 1
| #define ARRAY_VARS 1
| #define DPAREN_ARITHMETIC 1
| #define BRACE_EXPANSION 1
| #define COMMAND_TIMING 1
| #define EXTENDED_GLOB 1
| #define EXTGLOB_DEFAULT 0
| #define COND_COMMAND 1
| #define COND_REGEXP 1
| #define COPROCESS_SUPPORT 1
| #define ARITH_FOR_COMMAND 1
| #define NETWORK_REDIRECTIONS 1
| #define PROGRAMMABLE_COMPLETION 1
| #define DEBUGGER 1
| #define CASEMOD_ATTRS 1
| #define CASEMOD_EXPANSIONS 1
| #define GLOBASCII_DEFAULT 1
| #define FUNCTION_IMPORT 1
| #define TRANSLATABLE_STRINGS 1
| #define BASH_SOURCE_FULLPATH_DEFAULT 0
| #define MEMSCRAMBLE 1
| #define HAVE_STDIO_H 1
| #define HAVE_STDLIB_H 1
| #define HAVE_STRING_H 1
| #define HAVE_INTTYPES_H 1
| #define HAVE_STDINT_H 1
| #define HAVE_STRINGS_H 1
| #define HAVE_SYS_STAT_H 1
| #define HAVE_SYS_TYPES_H 1
| #define HAVE_UNISTD_H 1
| #define HAVE_WCHAR_H 1
| #define HAVE_STDBOOL_H 1
| #define HAVE_SYS_PARAM_H 1
| #define HAVE_THREADS_H 1
| #define HAVE_SYS_TIME_H 1
| #define STDC_HEADERS 1
| #define _ALL_SOURCE 1
| #define _DARWIN_C_SOURCE 1
| #define _GNU_SOURCE 1
| #define _HPUX_ALT_XOPEN_SOCKET_API 1
| #define _NETBSD_SOURCE 1
| #define _OPENBSD_SOURCE 1
| #define _POSIX_PTHREAD_SEMANTICS 1
| #define __STDC_WANT_IEC_60559_ATTRIBS_EXT__ 1
| #define __STDC_WANT_IEC_60559_BFP_EXT__ 1
| #define __STDC_WANT_IEC_60559_DFP_EXT__ 1
| #define __STDC_WANT_IEC_60559_FUNCS_EXT__ 1
| #define __STDC_WANT_IEC_60559_TYPES_EXT__ 1
| #define __STDC_WANT_LIB_EXT2__ 1
| #define __STDC_WANT_MATH_SPEC_FUNCS__ 1
| #define _TANDEM_SOURCE 1
| #define __EXTENSIONS__ 1
| #define READLINE 1
| #define HISTORY 1
| #define BANG_HISTORY 1
| #define HAVE_STRINGIZE 1
| #define HAVE_LONG_DOUBLE 1
| #define restrict __restrict__
| #define HAVE_VISIBILITY 1
| #define HAVE_STDINT_H_WITH_UINTMAX 1
| #define HAVE_ALLOCA_H 1
| #define HAVE_ALLOCA 1
| #define HAVE_GETPAGESIZE 1
| #define HAVE_SYMLINK 1
| #define HAVE_USELOCALE 1
| #define HAVE_VPRINTF 1
| #define HAVE_ALARM 1
| #define HAVE___FPURGE 1
| #define HAVE_SNPRINTF 1
| #define HAVE_VSNPRINTF 1
| #define HAVE_MMAP 1
| #define INTDIV0_RAISES_SIGFPE 1
| #define HAVE_INTTYPES_H_WITH_UINTMAX 1
| #define HAVE_UNSIGNED_LONG_LONG_INT 1
| #define HAVE_UINTMAX_T 1
| #define HAVE_WEAK_SYMBOLS 1
| #define HAVE_PTHREAD_API 1
| #define USE_POSIX_THREADS 1
| #define USE_POSIX_THREADS_FROM_LIBC 1
| #define HAVE_PTHREAD_RWLOCK 1
| #define HAVE_PTHREAD_MUTEX_RECURSIVE 1
| #define HAVE_ICONV 1
| #define ICONV_CONST 
| #define HAVE_BUILTIN_EXPECT 1
| #define HAVE_INTTYPES_H 1
| #define HAVE_UNISTD_H 1
| #define HAVE_SYS_PARAM_H 1
| #define HAVE_GETCWD 1
| #define HAVE_GETEGID 1
| #define HAVE_GETEUID 1
| #define HAVE_GETGID 1
| #define HAVE_GETUID 1
| #define HAVE_MEMPCPY 1
| #define HAVE_MUNMAP 1
| #define HAVE_STPCPY 1
| #define HAVE_STRCASECMP 1
| #define HAVE_TSEARCH 1
| #define HAVE___FSETLOCKING 1
| #define HAVE_DECL_FEOF_UNLOCKED 1
| #define HAVE_DECL_FGETS_UNLOCKED 1
| #define HAVE_LOCALECONV 1
| #define HAVE_LONG_LONG_INT 1
| #define HAVE_WCHAR_T 1
| #define HAVE_WINT_T 1
| #define HAVE_INTMAX_T 1
| #define HAVE_POSIX_PRINTF 1
| #define HAVE_STDINT_H 1
| #define HAVE_STDINT_H 1
| #define HAVE_WORKING_O_NOATIME 0
| #define HAVE_WORKING_O_NOFOLLOW 0
| #define HAVE_WORKING_USELOCALE 1
| #define HAVE_GOOD_USELOCALE 1
| #define FLEXIBLE_ARRAY_MEMBER /**/
| #define HAVE_FEATURES_H 1
| #define HAVE_STDDEF_H 1
| #define HAVE_STDLIB_H 1
| #define HAVE_STRING_H 1
| #define HAVE_ASPRINTF 1
| #define HAVE_WPRINTF 1
| #define HAVE_NEWLOCALE 1
| #define HAVE_PUTENV 1
| #define HAVE_SETENV 1
| #define HAVE_SNPRINTF 1
| #define HAVE_STRNLEN 1
| #define HAVE_USELOCALE 1
| #define HAVE_WCSLEN 1
| #define HAVE_WCSNLEN 1
| #define HAVE_MBRTOWC 1
| #define HAVE_WCRTOMB 1
| #define HAVE_DECL__SNPRINTF 0
| #define HAVE_DECL__SNWPRINTF 0
| #define HAVE_DECL_GETC_UNLOCKED 1
| #define HAVE_NL_LANGINFO 1
| #define HAVE_LANGINFO_CODESET 1
| #define HAVE_LC_MESSAGES 1
| #define ENABLE_NLS 1
| #define HAVE_GETTEXT 1
| #define HAVE_DCGETTEXT 1
| #define HAVE_DIRENT_H 1
| #define MAJOR_IN_SYSMACROS 1
| #define HAVE_INTTYPES_H 1
| #define HAVE_UNISTD_H 1
| #define HAVE_STDLIB_H 1
| #define HAVE_LIMITS_H 1
| #define HAVE_STRING_H 1
| #define HAVE_MEMORY_H 1
| #define HAVE_LOCALE_H 1
| #define HAVE_TERMCAP_H 1
| #define HAVE_TERMIO_H 1
| #define HAVE_TERMIOS_H 1
| #define HAVE_DLFCN_H 1
| #define HAVE_STDDEF_H 1
| #define HAVE_STDINT_H 1
| #define HAVE_NETDB_H 1
| #define HAVE_PWD_H 1
| #define HAVE_GRP_H 1
| #define HAVE_STRINGS_H 1
| #define HAVE_REGEX_H 1
| #define HAVE_SYSLOG_H 1
| #define HAVE_ULIMIT_H 1
| #define HAVE_SYS_SELECT_H 1
| #define HAVE_SYS_FILE_H 1
| #define HAVE_SYS_IOCTL_H 1
| #define HAVE_SYS_MMAN_H 1
| #define HAVE_SYS_PARAM_H 1
| #define HAVE_SYS_RANDOM_H 1
| #define HAVE_SYS_SOCKET_H 1
| #define HAVE_SYS_STAT_H 1
| #define HAVE_SYS_TIME_H 1
| #define HAVE_SYS_TIMES_H 1
| #define HAVE_SYS_TYPES_H 1
| #define HAVE_SYS_WAIT_H 1
| #define HAVE_NETINET_IN_H 1
| #define HAVE_ARPA_INET_H 1
| #define HAVE_SYS_RESOURCE_H 1
| #define HAVE_ALLOCA_H 1
| #define HAVE_ALLOCA 1
| #define HAVE_CHOWN 1
| #define GETPGRP_VOID 1
| #define HAVE_STRCOLL 1
| #define HAVE_WAIT3 1
| #define HAVE_MKFIFO 1
| #define HAVE_DUP2 1
| #define HAVE_EACCESS 1
| #define HAVE_FCNTL 1
| #define HAVE_GETDTABLESIZE 1
| #define HAVE_GETENTROPY 1
| #define HAVE_GETGROUPS 1
| #define HAVE_GETHOSTNAME 1
| #define HAVE_GETPAGESIZE 1
| #define HAVE_GETPEERNAME 1
| #define HAVE_GETRANDOM 1
| #define HAVE_GETRLIMIT 1
| #define HAVE_GETRUSAGE 1
| #define HAVE_GETTIMEOFDAY 1
| #define HAVE_KILL 1
| #define HAVE_KILLPG 1
| #define HAVE_LSTAT 1
| #define HAVE_NANOSLEEP 1
| #define HAVE_PSELECT 1
| #define HAVE_READLINK 1
| #define HAVE_SELECT 1
| #define HAVE_SETITIMER 1
| #define HAVE_STATFS 1
| #define HAVE_TCGETPGRP 1
| #define HAVE_UNAME 1
| #define HAVE_ULIMIT 1
| #define HAVE_WAITPID 1
| #define HAVE_RENAME 1
| #define HAVE_BCOPY 1
| #define HAVE_BZERO 1
| #define HAVE_CLOCK_GETTIME 1
| #define HAVE_CONFSTR 1
| #define HAVE_FACCESSAT 1
| #define HAVE_FNMATCH 1
| #define HAVE_GETADDRINFO 1
| #define HAVE_GETHOSTBYNAME 1
| #define HAVE_GETSERVBYNAME 1
| #define HAVE_GETSERVENT 1
| #define HAVE_INET_ATON 1
| #define HAVE_IMAXDIV 1
| #define HAVE_MEMMOVE 1
| #define HAVE_PATHCONF 1
| #define HAVE_PUTENV 1
| #define HAVE_RAISE 1
| #define HAVE_RANDOM 1
| #define HAVE_REGCOMP 1
| #define HAVE_REGEXEC 1
| #define HAVE_SETENV 1
| #define HAVE_SETLINEBUF 1
| #define HAVE_SETLOCALE 1
| #define HAVE_SETVBUF 1
| #define HAVE_SIGINTERRUPT 1
| #define HAVE_STRCHR 1
| #define HAVE_SYSCONF 1
| #define HAVE_SYSLOG 1
| #define HAVE_TCGETATTR 1
| #define HAVE_TIMES 1
| #define HAVE_TTYNAME 1
| #define HAVE_TZSET 1
| #define HAVE_UNSETENV 1
| #define HAVE_VASPRINTF 1
| #define HAVE_ASPRINTF 1
| #define HAVE_ISASCII 1
| #define HAVE_ISBLANK 1
| #define HAVE_ISGRAPH 1
| #define HAVE_ISPRINT 1
| #define HAVE_ISSPACE 1
| #define HAVE_ISXDIGIT 1
| #define HAVE_GETPWENT 1
| #define HAVE_GETPWNAM 1
| #define HAVE_GETPWUID 1
| #define HAVE_MKSTEMP 1
| #define HAVE_MKDTEMP 1
| #define HAVE_ARC4RANDOM 1
| #define HAVE_STRLCAT 1
| #define HAVE_MEMFD_CREATE 1
| #define HAVE_SHM_OPEN 1
| #define HAVE_GETCWD 1
| #define HAVE_MEMSET 1
| #define HAVE_STRCASECMP 1
| #define HAVE_STRCASESTR 1
| #define HAVE_STRERROR 1
| #define HAVE_STRFTIME 1
| #define HAVE_STRNLEN 1
| #define HAVE_STRPBRK 1
| #define HAVE_STRSTR 1
| #define HAVE_STRTOD 1
| #define HAVE_STRTOL 1
| #define HAVE_STRTOUL 1
| #define HAVE_STRTOLL 1
| #define HAVE_STRTOULL 1
| #define HAVE_STRTOUMAX 1
| #define HAVE_DPRINTF 1
| #define HAVE_STRDUP 1
| #define HAVE_STRLCPY 1
| #define HAVE_REALLOCARRAY 1
| #define HAVE_DECL_AUDIT_USER_TTY 1
| #define HAVE_DECL_CONFSTR 1
| #define HAVE_DECL_PRINTF 1
| #define HAVE_DECL_BRK 1
| #define HAVE_DECL_SBRK 1
| #define HAVE_DECL_SETREGID 1
| #define HAVE_DECL_STRCPY 1
| #define HAVE_DECL_STRSIGNAL 1
| #define HAVE_SETRESUID 1
| #define HAVE_SETRESGID 1
| #define HAVE_DECL_STRTOLD 1
| #define HAVE_DECL_STRTOL 1
| #define HAVE_DECL_STRTOLL 1
| #define HAVE_DECL_STRTOUL 1
| #define HAVE_DECL_STRTOULL 1
| #define HAVE_DECL_STRTOUMAX 1
| #define HAVE_ARGZ_H 1
| #define HAVE_ERRNO_H 1
| #define HAVE_FCNTL_H 1
| #define HAVE_MALLOC_H 1
| #define HAVE_STDIO_EXT_H 1
| #define HAVE_MALLOC 1
| #define HAVE_MMAP 1
| #define HAVE___ARGZ_COUNT 1
| #define HAVE___ARGZ_NEXT 1
| #define HAVE___ARGZ_STRINGIFY 1
| #define HAVE_DCGETTEXT 1
| #define HAVE_MEMPCPY 1
| #define HAVE_MUNMAP 1
| #define HAVE_MREMAP 1
| #define HAVE_STPCPY 1
| #define HAVE_STRCSPN 1
| #define HAVE_WCTYPE_H 1
| #define HAVE_WCHAR_H 1
| #define HAVE_LANGINFO_H 1
| #define HAVE_MBRLEN 1
| #define HAVE_MBSNRTOWCS 1
| #define HAVE_MBSRTOWCS 1
| #define HAVE_WCRTOMB 1
| #define HAVE_WCSCOLL 1
| #define HAVE_WCSDUP 1
| #define HAVE_WCWIDTH 1
| #define HAVE_WCTYPE 1
| #define HAVE_WCSNRTOMBS 1
| #define HAVE_WCSWIDTH 1
| #define HAVE_MBRTOWC 1
| #define HAVE_MBSTATE_T 1
| #define HAVE_ISWLOWER 1
| #define HAVE_ISWUPPER 1
| #define HAVE_TOWLOWER 1
| #define HAVE_TOWUPPER 1
| #define HAVE_ISWCTYPE 1
| #define HAVE_WCHAR_T 1
| #define HAVE_WCTYPE_T 1
| #define HAVE_WINT_T 1
| #define SIZEOF_WCHAR_T 4
| #define HAVE_LIBDL 1
| #define HAVE_DLOPEN 1
| #define HAVE_DLCLOSE 1
| #define HAVE_DLSYM 1
| #define GETGROUPS_T gid_t
| #define HAVE_INTPTR_T 1
| #define HAVE_UINTPTR_T 1
| #define HAVE_LONG_LONG_INT 1
| #define HAVE_UNSIGNED_LONG_LONG_INT 1
| #define SIZEOF_CHAR 1
| #define SIZEOF_SHORT 2
| #define SIZEOF_INT 4
| #define SIZEOF_LONG 8
| #define SIZEOF_CHAR_P 8
| #define SIZEOF_SIZE_T 8
| #define SIZEOF_DOUBLE 8
| #define SIZEOF_LONG_LONG 8
| #define bits16_t short
| #define u_bits16_t unsigned short
| #define bits32_t int
| #define u_bits32_t unsigned int
| #define bits64_t char *
| #define HAVE_HASH_BANG_EXEC 1
| #define HAVE_POSIX_SIGNALS 1
| #define HAVE_SYS_ERRLIST 1
| #define HAVE_DECL_SYS_SIGLIST 0
| /* end confdefs.h.  */
| 
| #include <sys/types.h>
| #include <signal.h>
| #ifdef HAVE_UNISTD_H
| #include <unistd.h>
| #endif
| #include <stdlib.h>
| #if !HAVE_DECL_SYS_SIGLIST
| extern char *sys_siglist[];
| #endif
| int
| main()
| {
| char *msg = sys_siglist[2];
| exit(msg == 0);
| }
| 
configure:19031: result: no
configure:19038: checking for _sys_siglist in signal.h or unistd.h
configure:19060: gcc -c -g -O2  conftest.c >&5
conftest.c: In function 'main':
conftest.c:384:14: error: '_sys_siglist' undeclared (first use in this function)
  384 |  char *msg = _sys_siglist[2];
      |              ^~~~~~~~~~~~
conftest.c:384:14: note: each undeclared identifier is reported only once for each function it appears in
configure:19060: $? = 1
configure: failed program was:
| /* confdefs.h */
| #define PACKAGE_NAME "bash"
| #define PACKAGE_TARNAME "bash"
| #define PACKAGE_VERSION "5.3-release"
| #define PACKAGE_STRING "bash 5.3-release"
| #define PACKAGE_BUGREPORT "bug-bash@gnu.org"
| #define PACKAGE_URL ""
| #define USING_BASH_MALLOC 1
| #define ALIAS 1
| #define PUSHD_AND_POPD 1
| #define RESTRICTED_SHELL 1
| #define PROCESS_SUBSTITUTION 1
| #define PROMPT_STRING_DECODE 1
| #define SELECT_COMMAND 1
| #define HELP_BUILTIN 1
| #define ARRAY_VARS 1
| #define DPAREN_ARITHMETIC 1
| #define BRACE_EXPANSION 1
| #define COMMAND_TIMING 1
| #define EXTENDED_GLOB 1
| #define EXTGLOB_DEFAULT 0
| #define COND_COMMAND 1
| #define COND_REGEXP 1
| #define COPROCESS_SUPPORT 1
| #define ARITH_FOR_COMMAND 1
| #define NETWORK_REDIRECTIONS 1
| #define PROGRAMMABLE_COMPLETION 1
| #define DEBUGGER 1
| #define CASEMOD_ATTRS 1
| #define CASEMOD_EXPANSIONS 1
| #define GLOBASCII_DEFAULT 1
| #define FUNCTION_IMPORT 1
| #define TRANSLATABLE_STRINGS 1
| #define BASH_SOURCE_FULLPATH_DEFAULT 0
| #define MEMSCRAMBLE 1
| #define HAVE_STDIO_H 1
| #define HAVE_STDLIB_H 1
| #define HAVE_STRING_H 1
| #define HAVE_INTTYPES_H 1
| #define HAVE_STDINT_H 1
| #define HAVE_STRINGS_H 1
| #define HAVE_SYS_STAT_H 1
| #define HAVE_SYS_TYPES_H 1
| #define HAVE_UNISTD_H 1
| #define HAVE_WCHAR_H 1
| #define HAVE_STDBOOL_H 1
| #define HAVE_SYS_PARAM_H 1
| #define HAVE_THREADS_H 1
| #define HAVE_SYS_TIME_H 1
| #define STDC_HEADERS 1
| #define _ALL_SOURCE 1
| #define _DARWIN_C_SOURCE 1
| #define _GNU_SOURCE 1
| #define _HPUX_ALT_XOPEN_SOCKET_API 1
| #define _NETBSD_SOURCE 1
| #define _OPENBSD_SOURCE 1
| #define _POSIX_PTHREAD_SEMANTICS 1
| #define __STDC_WANT_IEC_60559_ATTRIBS_EXT__ 1
| #define __STDC_WANT_IEC_60559_BFP_EXT__ 1
| #define __STDC_WANT_IEC_60559_DFP_EXT__ 1
| #define __STDC_WANT_IEC_60559_FUNCS_EXT__ 1
| #define __STDC_WANT_IEC_60559_TYPES_EXT__ 1
| #define __STDC_WANT_LIB_EXT2__ 1
| #define __STDC_WANT_MATH_SPEC_FUNCS__ 1
| #define _TANDEM_SOURCE 1
| #define __EXTENSIONS__ 1
| #define READLINE 1
| #define HISTORY 1
| #define BANG_HISTORY 1
| #define HAVE_STRINGIZE 1
| #define HAVE_LONG_DOUBLE 1
| #define restrict __restrict__
| #define HAVE_VISIBILITY 1
| #define HAVE_STDINT_H_WITH_UINTMAX 1
| #define HAVE_ALLOCA_H 1
| #define HAVE_ALLOCA 1
| #define HAVE_GETPAGESIZE 1
| #define HAVE_SYMLINK 1
| #define HAVE_USELOCALE 1
| #define HAVE_VPRINTF 1
| #define HAVE_ALARM 1
| #define HAVE___FPURGE 1
| #define HAVE_SNPRINTF 1
| #define HAVE_VSNPRINTF 1
| #define HAVE_MMAP 1
| #define INTDIV0_RAISES_SIGFPE 1
| #define HAVE_INTTYPES_H_WITH_UINTMAX 1
| #define HAVE_UNSIGNED_LONG_LONG_INT 1
| #define HAVE_UINTMAX_T 1
| #define HAVE_WEAK_SYMBOLS 1
| #define HAVE_PTHREAD_API 1
| #define USE_POSIX_THREADS 1
| #define USE_POSIX_THREADS_FROM_LIBC 1
| #define HAVE_PTHREAD_RWLOCK 1
| #define HAVE_PTHREAD_MUTEX_RECURSIVE 1
| #define HAVE_ICONV 1
| #define ICONV_CONST 
| #define HAVE_BUILTIN_EXPECT 1
| #define HAVE_INTTYPES_H 1
| #define HAVE_UNISTD_H 1
| #define HAVE_SYS_PARAM_H 1
| #define HAVE_GETCWD 1
| #define HAVE_GETEGID 1
| #define HAVE_GETEUID 1
| #define HAVE_GETGID 1
| #define HAVE_GETUID 1
| #define HAVE_MEMPCPY 1
| #define HAVE_MUNMAP 1
| #define HAVE_STPCPY 1
| #define HAVE_STRCASECMP 1
| #define HAVE_TSEARCH 1
| #define HAVE___FSETLOCKING 1
| #define HAVE_DECL_FEOF_UNLOCKED 1
| #define HAVE_DECL_FGETS_UNLOCKED 1
| #define HAVE_LOCALECONV 1
| #define HAVE_LONG_LONG_INT 1
| #define HAVE_WCHAR_T 1
| #define HAVE_WINT_T 1
| #define HAVE_INTMAX_T 1
| #define HAVE_POSIX_PRINTF 1
| #define HAVE_STDINT_H 1
| #define HAVE_STDINT_H 1
| #define HAVE_WORKING_O_NOATIME 0
| #define HAVE_WORKING_O_NOFOLLOW 0
| #define HAVE_WORKING_USELOCALE 1
| #define HAVE_GOOD_USELOCALE 1
| #define FLEXIBLE_ARRAY_MEMBER /**/
| #define HAVE_FEATURES_H 1
| #define HAVE_STDDEF_H 1
| #define HAVE_STDLIB_H 1
| #define HAVE_STRING_H 1
| #define HAVE_ASPRINTF 1
| #define HAVE_WPRINTF 1
| #define HAVE_NEWLOCALE 1
| #define HAVE_PUTENV 1
| #define HAVE_SETENV 1
| #define HAVE_SNPRINTF 1
| #define HAVE_STRNLEN 1
| #define HAVE_USELOCALE 1
| #define HAVE_WCSLEN 1
| #define HAVE_WCSNLEN 1
| #define HAVE_MBRTOWC 1
| #define HAVE_WCRTOMB 1
| #define HAVE_DECL__SNPRINTF 0
| #define HAVE_DECL__SNWPRINTF 0
| #define HAVE_DECL_GETC_UNLOCKED 1
| #define HAVE_NL_LANGINFO 1
| #define HAVE_LANGINFO_CODESET 1
| #define HAVE_LC_MESSAGES 1
| #define ENABLE_NLS 1
| #define HAVE_GETTEXT 1
| #define HAVE_DCGETTEXT 1
| #define HAVE_DIRENT_H 1
| #define MAJOR_IN_SYSMACROS 1
| #define HAVE_INTTYPES_H 1
| #define HAVE_UNISTD_H 1
| #define HAVE_STDLIB_H 1
| #define HAVE_LIMITS_H 1
| #define HAVE_STRING_H 1
| #define HAVE_MEMORY_H 1
| #define HAVE_LOCALE_H 1
| #define HAVE_TERMCAP_H 1
| #define HAVE_TERMIO_H 1
| #define HAVE_TERMIOS_H 1
| #define HAVE_DLFCN_H 1
| #define HAVE_STDDEF_H 1
| #define HAVE_STDINT_H 1
| #define HAVE_NETDB_H 1
| #define HAVE_PWD_H 1
| #define HAVE_GRP_H 1
| #define HAVE_STRINGS_H 1
| #define HAVE_REGEX_H 1
| #define HAVE_SYSLOG_H 1
| #define HAVE_ULIMIT_H 1
| #define HAVE_SYS_SELECT_H 1
| #define HAVE_SYS_FILE_H 1
| #define HAVE_SYS_IOCTL_H 1
| #define HAVE_SYS_MMAN_H 1
| #define HAVE_SYS_PARAM_H 1
| #define HAVE_SYS_RANDOM_H 1
| #define HAVE_SYS_SOCKET_H 1
| #define HAVE_SYS_STAT_H 1
| #define HAVE_SYS_TIME_H 1
| #define HAVE_SYS_TIMES_H 1
| #define HAVE_SYS_TYPES_H 1
| #define HAVE_SYS_WAIT_H 1
| #define HAVE_NETINET_IN_H 1
| #define HAVE_ARPA_INET_H 1
| #define HAVE_SYS_RESOURCE_H 1
| #define HAVE_ALLOCA_H 1
| #define HAVE_ALLOCA 1
| #define HAVE_CHOWN 1
| #define GETPGRP_VOID 1
| #define HAVE_STRCOLL 1
| #define HAVE_WAIT3 1
| #define HAVE_MKFIFO 1
| #define HAVE_DUP2 1
| #define HAVE_EACCESS 1
| #define HAVE_FCNTL 1
| #define HAVE_GETDTABLESIZE 1
| #define HAVE_GETENTROPY 1
| #define HAVE_GETGROUPS 1
| #define HAVE_GETHOSTNAME 1
| #define HAVE_GETPAGESIZE 1
| #define HAVE_GETPEERNAME 1
| #define HAVE_GETRANDOM 1
| #define HAVE_GETRLIMIT 1
| #define HAVE_GETRUSAGE 1
| #define HAVE_GETTIMEOFDAY 1
| #define HAVE_KILL 1
| #define HAVE_KILLPG 1
| #define HAVE_LSTAT 1
| #define HAVE_NANOSLEEP 1
| #define HAVE_PSELECT 1
| #define HAVE_READLINK 1
| #define HAVE_SELECT 1
| #define HAVE_SETITIMER 1
| #define HAVE_STATFS 1
| #define HAVE_TCGETPGRP 1
| #define HAVE_UNAME 1
| #define HAVE_ULIMIT 1
| #define HAVE_WAITPID 1
| #define HAVE_RENAME 1
| #define HAVE_BCOPY 1
| #define HAVE_BZERO 1
| #define HAVE_CLOCK_GETTIME 1
| #define HAVE_CONFSTR 1
| #define HAVE_FACCESSAT 1
| #define HAVE_FNMATCH 1
| #define HAVE_GETADDRINFO 1
| #define HAVE_GETHOSTBYNAME 1
| #define HAVE_GETSERVBYNAME 1
| #define HAVE_GETSERVENT 1
| #define HAVE_INET_ATON 1
| #define HAVE_IMAXDIV 1
| #define HAVE_MEMMOVE 1
| #define HAVE_PATHCONF 1
| #define HAVE_PUTENV 1
| #define HAVE_RAISE 1
| #define HAVE_RANDOM 1
| #define HAVE_REGCOMP 1
| #define HAVE_REGEXEC 1
| #define HAVE_SETENV 1
| #define HAVE_SETLINEBUF 1
| #define HAVE_SETLOCALE 1
| #define HAVE_SETVBUF 1
| #define HAVE_SIGINTERRUPT 1
| #define HAVE_STRCHR 1
| #define HAVE_SYSCONF 1
| #define HAVE_SYSLOG 1
| #define HAVE_TCGETATTR 1
| #define HAVE_TIMES 1
| #define HAVE_TTYNAME 1
| #define HAVE_TZSET 1
| #define HAVE_UNSETENV 1
| #define HAVE_VASPRINTF 1
| #define HAVE_ASPRINTF 1
| #define HAVE_ISASCII 1
| #define HAVE_ISBLANK 1
| #define HAVE_ISGRAPH 1
| #define HAVE_ISPRINT 1
| #define HAVE_ISSPACE 1
| #define HAVE_ISXDIGIT 1
| #define HAVE_GETPWENT 1
| #define HAVE_GETPWNAM 1
| #define HAVE_GETPWUID 1
| #define HAVE_MKSTEMP 1
| #define HAVE_MKDTEMP 1
| #define HAVE_ARC4RANDOM 1
| #define HAVE_STRLCAT 1
| #define HAVE_MEMFD_CREATE 1
| #define HAVE_SHM_OPEN 1
| #define HAVE_GETCWD 1
| #define HAVE_MEMSET 1
| #define HAVE_STRCASECMP 1
| #define HAVE_STRCASESTR 1
| #define HAVE_STRERROR 1
| #define HAVE_STRFTIME 1
| #define HAVE_STRNLEN 1
| #define HAVE_STRPBRK 1
| #define HAVE_STRSTR 1
| #define HAVE_STRTOD 1
| #define HAVE_STRTOL 1
| #define HAVE_STRTOUL 1
| #define HAVE_STRTOLL 1
| #define HAVE_STRTOULL 1
| #define HAVE_STRTOUMAX 1
| #define HAVE_DPRINTF 1
| #define HAVE_STRDUP 1
| #define HAVE_STRLCPY 1
| #define HAVE_REALLOCARRAY 1
| #define HAVE_DECL_AUDIT_USER_TTY 1
| #define HAVE_DECL_CONFSTR 1
| #define HAVE_DECL_PRINTF 1
| #define HAVE_DECL_BRK 1
| #define HAVE_DECL_SBRK 1
| #define HAVE_DECL_SETREGID 1
| #define HAVE_DECL_STRCPY 1
| #define HAVE_DECL_STRSIGNAL 1
| #define HAVE_SETRESUID 1
| #define HAVE_SETRESGID 1
| #define HAVE_DECL_STRTOLD 1
| #define HAVE_DECL_STRTOL 1
| #define HAVE_DECL_STRTOLL 1
| #define HAVE_DECL_STRTOUL 1
| #define HAVE_DECL_STRTOULL 1
| #define HAVE_DECL_STRTOUMAX 1
| #define HAVE_ARGZ_H 1
| #define HAVE_ERRNO_H 1
| #define HAVE_FCNTL_H 1
| #define HAVE_MALLOC_H 1
| #define HAVE_STDIO_EXT_H 1
| #define HAVE_MALLOC 1
| #define HAVE_MMAP 1
| #define HAVE___ARGZ_COUNT 1
| #define HAVE___ARGZ_NEXT 1
| #define HAVE___ARGZ_STRINGIFY 1
| #define HAVE_DCGETTEXT 1
| #define HAVE_MEMPCPY 1
| #define HAVE_MUNMAP 1
| #define HAVE_MREMAP 1
| #define HAVE_STPCPY 1
| #define HAVE_STRCSPN 1
| #define HAVE_WCTYPE_H 1
| #define HAVE_WCHAR_H 1
| #define HAVE_LANGINFO_H 1
| #define HAVE_MBRLEN 1
| #define HAVE_MBSNRTOWCS 1
| #define HAVE_MBSRTOWCS 1
| #define HAVE_WCRTOMB 1
| #define HAVE_WCSCOLL 1
| #define HAVE_WCSDUP 1
| #define HAVE_WCWIDTH 1
| #define HAVE_WCTYPE 1
| #define HAVE_WCSNRTOMBS 1
| #define HAVE_WCSWIDTH 1
| #define HAVE_MBRTOWC 1
| #define HAVE_MBSTATE_T 1
| #define HAVE_ISWLOWER 1
| #define HAVE_ISWUPPER 1
| #define HAVE_TOWLOWER 1
| #define HAVE_TOWUPPER 1
| #define HAVE_ISWCTYPE 1
| #define HAVE_WCHAR_T 1
| #define HAVE_WCTYPE_T 1
| #define HAVE_WINT_T 1
| #define SIZEOF_WCHAR_T 4
| #define HAVE_LIBDL 1
| #define HAVE_DLOPEN 1
| #define HAVE_DLCLOSE 1
| #define HAVE_DLSYM 1
| #define GETGROUPS_T gid_t
| #define HAVE_INTPTR_T 1
| #define HAVE_UINTPTR_T 1
| #define HAVE_LONG_LONG_INT 1
| #define HAVE_UNSIGNED_LONG_LONG_INT 1
| #define SIZEOF_CHAR 1
| #define SIZEOF_SHORT 2
| #define SIZEOF_INT 4
| #define SIZEOF_LONG 8
| #define SIZEOF_CHAR_P 8
| #define SIZEOF_SIZE_T 8
| #define SIZEOF_DOUBLE 8
| #define SIZEOF_LONG_LONG 8
| #define bits16_t short
| #define u_bits16_t unsigned short
| #define bits32_t int
| #define u_bits32_t unsigned int
| #define bits64_t char *
| #define HAVE_HASH_BANG_EXEC 1
| #define HAVE_POSIX_SIGNALS 1
| #define HAVE_SYS_ERRLIST 1
| #define HAVE_DECL_SYS_SIGLIST 0
| /* end confdefs.h.  */
| 
| #include <sys/types.h>
| #include <signal.h>
| #ifdef HAVE_UNISTD_H
| #include <unistd.h>
| #endif
| int
| main (void)
| {
|  char *msg = _sys_siglist[2];
|   ;
|   return 0;
| }
configure:19068: result: no
configure:19076: checking for _sys_siglist in system C library
configure:19109: gcc -o conftest -g -O2   conftest.c -ldl  >&5
/usr/bin/ld: /tmp/ccJ947oE.o: warning: relocation against `_sys_siglist' in read-only section `.text.startup'
/usr/bin/ld: /tmp/ccJ947oE.o: in function `main':
/root/boiler/example_repos/bash/before/conftest.c:389:(.text.startup+0xf): undefined reference to `_sys_siglist'
/usr/bin/ld: warning: creating DT_TEXTREL in a PIE
collect2: error: ld returned 1 exit status
configure:19109: $? = 1
configure: program exited with status 1
configure: failed program was:
| /* confdefs.h */
| #define PACKAGE_NAME "bash"
| #define PACKAGE_TARNAME "bash"
| #define PACKAGE_VERSION "5.3-release"
| #define PACKAGE_STRING "bash 5.3-release"
| #define PACKAGE_BUGREPORT "bug-bash@gnu.org"
| #define PACKAGE_URL ""
| #define USING_BASH_MALLOC 1
| #define ALIAS 1
| #define PUSHD_AND_POPD 1
| #define RESTRICTED_SHELL 1
| #define PROCESS_SUBSTITUTION 1
| #define PROMPT_STRING_DECODE 1
| #define SELECT_COMMAND 1
| #define HELP_BUILTIN 1
| #define ARRAY_VARS 1
| #define DPAREN_ARITHMETIC 1
| #define BRACE_EXPANSION 1
| #define COMMAND_TIMING 1
| #define EXTENDED_GLOB 1
| #define EXTGLOB_DEFAULT 0
| #define COND_COMMAND 1
| #define COND_REGEXP 1
| #define COPROCESS_SUPPORT 1
| #define ARITH_FOR_COMMAND 1
| #define NETWORK_REDIRECTIONS 1
| #define PROGRAMMABLE_COMPLETION 1
| #define DEBUGGER 1
| #define CASEMOD_ATTRS 1
| #define CASEMOD_EXPANSIONS 1
| #define GLOBASCII_DEFAULT 1
| #define FUNCTION_IMPORT 1
| #define TRANSLATABLE_STRINGS 1
| #define BASH_SOURCE_FULLPATH_DEFAULT 0
| #define MEMSCRAMBLE 1
| #define HAVE_STDIO_H 1
| #define HAVE_STDLIB_H 1
| #define HAVE_STRING_H 1
| #define HAVE_INTTYPES_H 1
| #define HAVE_STDINT_H 1
| #define HAVE_STRINGS_H 1
| #define HAVE_SYS_STAT_H 1
| #define HAVE_SYS_TYPES_H 1
| #define HAVE_UNISTD_H 1
| #define HAVE_WCHAR_H 1
| #define HAVE_STDBOOL_H 1
| #define HAVE_SYS_PARAM_H 1
| #define HAVE_THREADS_H 1
| #define HAVE_SYS_TIME_H 1
| #define STDC_HEADERS 1
| #define _ALL_SOURCE 1
| #define _DARWIN_C_SOURCE 1
| #define _GNU_SOURCE 1
| #define _HPUX_ALT_XOPEN_SOCKET_API 1
| #define _NETBSD_SOURCE 1
| #define _OPENBSD_SOURCE 1
| #define _POSIX_PTHREAD_SEMANTICS 1
| #define __STDC_WANT_IEC_60559_ATTRIBS_EXT__ 1
| #define __STDC_WANT_IEC_60559_BFP_EXT__ 1
| #define __STDC_WANT_IEC_60559_DFP_EXT__ 1
| #define __STDC_WANT_IEC_60559_FUNCS_EXT__ 1
| #define __STDC_WANT_IEC_60559_TYPES_EXT__ 1
| #define __STDC_WANT_LIB_EXT2__ 1
| #define __STDC_WANT_MATH_SPEC_FUNCS__ 1
| #define _TANDEM_SOURCE 1
| #define __EXTENSIONS__ 1
| #define READLINE 1
| #define HISTORY 1
| #define BANG_HISTORY 1
| #define HAVE_STRINGIZE 1
| #define HAVE_LONG_DOUBLE 1
| #define restrict __restrict__
| #define HAVE_VISIBILITY 1
| #define HAVE_STDINT_H_WITH_UINTMAX 1
| #define HAVE_ALLOCA_H 1
| #define HAVE_ALLOCA 1
| #define HAVE_GETPAGESIZE 1
| #define HAVE_SYMLINK 1
| #define HAVE_USELOCALE 1
| #define HAVE_VPRINTF 1
| #define HAVE_ALARM 1
| #define HAVE___FPURGE 1
| #define HAVE_SNPRINTF 1
| #define HAVE_VSNPRINTF 1
| #define HAVE_MMAP 1
| #define INTDIV0_RAISES_SIGFPE 1
| #define HAVE_INTTYPES_H_WITH_UINTMAX 1
| #define HAVE_UNSIGNED_LONG_LONG_INT 1
| #define HAVE_UINTMAX_T 1
| #define HAVE_WEAK_SYMBOLS 1
| #define HAVE_PTHREAD_API 1
| #define USE_POSIX_THREADS 1
| #define USE_POSIX_THREADS_FROM_LIBC 1
| #define HAVE_PTHREAD_RWLOCK 1
| #define HAVE_PTHREAD_MUTEX_RECURSIVE 1
| #define HAVE_ICONV 1
| #define ICONV_CONST 
| #define HAVE_BUILTIN_EXPECT 1
| #define HAVE_INTTYPES_H 1
| #define HAVE_UNISTD_H 1
| #define HAVE_SYS_PARAM_H 1
| #define HAVE_GETCWD 1
| #define HAVE_GETEGID 1
| #define HAVE_GETEUID 1
| #define HAVE_GETGID 1
| #define HAVE_GETUID 1
| #define HAVE_MEMPCPY 1
| #define HAVE_MUNMAP 1
| #define HAVE_STPCPY 1
| #define HAVE_STRCASECMP 1
| #define HAVE_TSEARCH 1
| #define HAVE___FSETLOCKING 1
| #define HAVE_DECL_FEOF_UNLOCKED 1
| #define HAVE_DECL_FGETS_UNLOCKED 1
| #define HAVE_LOCALECONV 1
| #define HAVE_LONG_LONG_INT 1
| #define HAVE_WCHAR_T 1
| #define HAVE_WINT_T 1
| #define HAVE_INTMAX_T 1
| #define HAVE_POSIX_PRINTF 1
| #define HAVE_STDINT_H 1
| #define HAVE_STDINT_H 1
| #define HAVE_WORKING_O_NOATIME 0
| #define HAVE_WORKING_O_NOFOLLOW 0
| #define HAVE_WORKING_USELOCALE 1
| #define HAVE_GOOD_USELOCALE 1
| #define FLEXIBLE_ARRAY_MEMBER /**/
| #define HAVE_FEATURES_H 1
| #define HAVE_STDDEF_H 1
| #define HAVE_STDLIB_H 1
| #define HAVE_STRING_H 1
| #define HAVE_ASPRINTF 1
| #define HAVE_WPRINTF 1
| #define HAVE_NEWLOCALE 1
| #define HAVE_PUTENV 1
| #define HAVE_SETENV 1
| #define HAVE_SNPRINTF 1
| #define HAVE_STRNLEN 1
| #define HAVE_USELOCALE 1
| #define HAVE_WCSLEN 1
| #define HAVE_WCSNLEN 1
| #define HAVE_MBRTOWC 1
| #define HAVE_WCRTOMB 1
| #define HAVE_DECL__SNPRINTF 0
| #define HAVE_DECL__SNWPRINTF 0
| #define HAVE_DECL_GETC_UNLOCKED 1
| #define HAVE_NL_LANGINFO 1
| #define HAVE_LANGINFO_CODESET 1
| #define HAVE_LC_MESSAGES 1
| #define ENABLE_NLS 1
| #define HAVE_GETTEXT 1
| #define HAVE_DCGETTEXT 1
| #define HAVE_DIRENT_H 1
| #define MAJOR_IN_SYSMACROS 1
| #define HAVE_INTTYPES_H 1
| #define HAVE_UNISTD_H 1
| #define HAVE_STDLIB_H 1
| #define HAVE_LIMITS_H 1
| #define HAVE_STRING_H 1
| #define HAVE_MEMORY_H 1
| #define HAVE_LOCALE_H 1
| #define HAVE_TERMCAP_H 1
| #define HAVE_TERMIO_H 1
| #define HAVE_TERMIOS_H 1
| #define HAVE_DLFCN_H 1
| #define HAVE_STDDEF_H 1
| #define HAVE_STDINT_H 1
| #define HAVE_NETDB_H 1
| #define HAVE_PWD_H 1
| #define HAVE_GRP_H 1
| #define HAVE_STRINGS_H 1
| #define HAVE_REGEX_H 1
| #define HAVE_SYSLOG_H 1
| #define HAVE_ULIMIT_H 1
| #define HAVE_SYS_SELECT_H 1
| #define HAVE_SYS_FILE_H 1
| #define HAVE_SYS_IOCTL_H 1
| #define HAVE_SYS_MMAN_H 1
| #define HAVE_SYS_PARAM_H 1
| #define HAVE_SYS_RANDOM_H 1
| #define HAVE_SYS_SOCKET_H 1
| #define HAVE_SYS_STAT_H 1
| #define HAVE_SYS_TIME_H 1
| #define HAVE_SYS_TIMES_H 1
| #define HAVE_SYS_TYPES_H 1
| #define HAVE_SYS_WAIT_H 1
| #define HAVE_NETINET_IN_H 1
| #define HAVE_ARPA_INET_H 1
| #define HAVE_SYS_RESOURCE_H 1
| #define HAVE_ALLOCA_H 1
| #define HAVE_ALLOCA 1
| #define HAVE_CHOWN 1
| #define GETPGRP_VOID 1
| #define HAVE_STRCOLL 1
| #define HAVE_WAIT3 1
| #define HAVE_MKFIFO 1
| #define HAVE_DUP2 1
| #define HAVE_EACCESS 1
| #define HAVE_FCNTL 1
| #define HAVE_GETDTABLESIZE 1
| #define HAVE_GETENTROPY 1
| #define HAVE_GETGROUPS 1
| #define HAVE_GETHOSTNAME 1
| #define HAVE_GETPAGESIZE 1
| #define HAVE_GETPEERNAME 1
| #define HAVE_GETRANDOM 1
| #define HAVE_GETRLIMIT 1
| #define HAVE_GETRUSAGE 1
| #define HAVE_GETTIMEOFDAY 1
| #define HAVE_KILL 1
| #define HAVE_KILLPG 1
| #define HAVE_LSTAT 1
| #define HAVE_NANOSLEEP 1
| #define HAVE_PSELECT 1
| #define HAVE_READLINK 1
| #define HAVE_SELECT 1
| #define HAVE_SETITIMER 1
| #define HAVE_STATFS 1
| #define HAVE_TCGETPGRP 1
| #define HAVE_UNAME 1
| #define HAVE_ULIMIT 1
| #define HAVE_WAITPID 1
| #define HAVE_RENAME 1
| #define HAVE_BCOPY 1
| #define HAVE_BZERO 1
| #define HAVE_CLOCK_GETTIME 1
| #define HAVE_CONFSTR 1
| #define HAVE_FACCESSAT 1
| #define HAVE_FNMATCH 1
| #define HAVE_GETADDRINFO 1
| #define HAVE_GETHOSTBYNAME 1
| #define HAVE_GETSERVBYNAME 1
| #define HAVE_GETSERVENT 1
| #define HAVE_INET_ATON 1
| #define HAVE_IMAXDIV 1
| #define HAVE_MEMMOVE 1
| #define HAVE_PATHCONF 1
| #define HAVE_PUTENV 1
| #define HAVE_RAISE 1
| #define HAVE_RANDOM 1
| #define HAVE_REGCOMP 1
| #define HAVE_REGEXEC 1
| #define HAVE_SETENV 1
| #define HAVE_SETLINEBUF 1
| #define HAVE_SETLOCALE 1
| #define HAVE_SETVBUF 1
| #define HAVE_SIGINTERRUPT 1
| #define HAVE_STRCHR 1
| #define HAVE_SYSCONF 1
| #define HAVE_SYSLOG 1
| #define HAVE_TCGETATTR 1
| #define HAVE_TIMES 1
| #define HAVE_TTYNAME 1
| #define HAVE_TZSET 1
| #define HAVE_UNSETENV 1
| #define HAVE_VASPRINTF 1
| #define HAVE_ASPRINTF 1
| #define HAVE_ISASCII 1
| #define HAVE_ISBLANK 1
| #define HAVE_ISGRAPH 1
| #define HAVE_ISPRINT 1
| #define HAVE_ISSPACE 1
| #define HAVE_ISXDIGIT 1
| #define HAVE_GETPWENT 1
| #define HAVE_GETPWNAM 1
| #define HAVE_GETPWUID 1
| #define HAVE_MKSTEMP 1
| #define HAVE_MKDTEMP 1
| #define HAVE_ARC4RANDOM 1
| #define HAVE_STRLCAT 1
| #define HAVE_MEMFD_CREATE 1
| #define HAVE_SHM_OPEN 1
| #define HAVE_GETCWD 1
| #define HAVE_MEMSET 1
| #define HAVE_STRCASECMP 1
| #define HAVE_STRCASESTR 1
| #define HAVE_STRERROR 1
| #define HAVE_STRFTIME 1
| #define HAVE_STRNLEN 1
| #define HAVE_STRPBRK 1
| #define HAVE_STRSTR 1
| #define HAVE_STRTOD 1
| #define HAVE_STRTOL 1
| #define HAVE_STRTOUL 1
| #define HAVE_STRTOLL 1
| #define HAVE_STRTOULL 1
| #define HAVE_STRTOUMAX 1
| #define HAVE_DPRINTF 1
| #define HAVE_STRDUP 1
| #define HAVE_STRLCPY 1
| #define HAVE_REALLOCARRAY 1
| #define HAVE_DECL_AUDIT_USER_TTY 1
| #define HAVE_DECL_CONFSTR 1
| #define HAVE_DECL_PRINTF 1
| #define HAVE_DECL_BRK 1
| #define HAVE_DECL_SBRK 1
| #define HAVE_DECL_SETREGID 1
| #define HAVE_DECL_STRCPY 1
| #define HAVE_DECL_STRSIGNAL 1
| #define HAVE_SETRESUID 1
| #define HAVE_SETRESGID 1
| #define HAVE_DECL_STRTOLD 1
| #define HAVE_DECL_STRTOL 1
| #define HAVE_DECL_STRTOLL 1
| #define HAVE_DECL_STRTOUL 1
| #define HAVE_DECL_STRTOULL 1
| #define HAVE_DECL_STRTOUMAX 1
| #define HAVE_ARGZ_H 1
| #define HAVE_ERRNO_H 1
| #define HAVE_FCNTL_H 1
| #define HAVE_MALLOC_H 1
| #define HAVE_STDIO_EXT_H 1
| #define HAVE_MALLOC 1
| #define HAVE_MMAP 1
| #define HAVE___ARGZ_COUNT 1
| #define HAVE___ARGZ_NEXT 1
| #define HAVE___ARGZ_STRINGIFY 1
| #define HAVE_DCGETTEXT 1
| #define HAVE_MEMPCPY 1
| #define HAVE_MUNMAP 1
| #define HAVE_MREMAP 1
| #define HAVE_STPCPY 1
| #define HAVE_STRCSPN 1
| #define HAVE_WCTYPE_H 1
| #define HAVE_WCHAR_H 1
| #define HAVE_LANGINFO_H 1
| #define HAVE_MBRLEN 1
| #define HAVE_MBSNRTOWCS 1
| #define HAVE_MBSRTOWCS 1
| #define HAVE_WCRTOMB 1
| #define HAVE_WCSCOLL 1
| #define HAVE_WCSDUP 1
| #define HAVE_WCWIDTH 1
| #define HAVE_WCTYPE 1
| #define HAVE_WCSNRTOMBS 1
| #define HAVE_WCSWIDTH 1
| #define HAVE_MBRTOWC 1
| #define HAVE_MBSTATE_T 1
| #define HAVE_ISWLOWER 1
| #define HAVE_ISWUPPER 1
| #define HAVE_TOWLOWER 1
| #define HAVE_TOWUPPER 1
| #define HAVE_ISWCTYPE 1
| #define HAVE_WCHAR_T 1
| #define HAVE_WCTYPE_T 1
| #define HAVE_WINT_T 1
| #define SIZEOF_WCHAR_T 4
| #define HAVE_LIBDL 1
| #define HAVE_DLOPEN 1
| #define HAVE_DLCLOSE 1
| #define HAVE_DLSYM 1
| #define GETGROUPS_T gid_t
| #define HAVE_INTPTR_T 1
| #define HAVE_UINTPTR_T 1
| #define HAVE_LONG_LONG_INT 1
| #define HAVE_UNSIGNED_LONG_LONG_INT 1
| #define SIZEOF_CHAR 1
| #define SIZEOF_SHORT 2
| #define SIZEOF_INT 4
| #define SIZEOF_LONG 8
| #define SIZEOF_CHAR_P 8
| #define SIZEOF_SIZE_T 8
| #define SIZEOF_DOUBLE 8
| #define SIZEOF_LONG_LONG 8
| #define bits16_t short
| #define u_bits16_t unsigned short
| #define bits32_t int
| #define u_bits32_t unsigned int
| #define bits64_t char *
| #define HAVE_HASH_BANG_EXEC 1
| #define HAVE_POSIX_SIGNALS 1
| #define HAVE_SYS_ERRLIST 1
| #define HAVE_DECL_SYS_SIGLIST 0
| /* end confdefs.h.  */
| 
| #include <sys/types.h>
| #include <signal.h>
| #ifdef HAVE_UNISTD_H
| #include <unistd.h>
| #endif
| #include <stdlib.h>
| #ifndef UNDER_SYS_SIGLIST_DECLARED
| extern char *_sys_siglist[];
| #endif
| int
| main()
| {
| char *msg = (char *)_sys_siglist[2];
| exit(msg == 0);
| }
| 
configure:19121: result: no
configure:19131: checking for clock_t
configure:19166: result: yes
configure:19176: checking for sigset_t
configure:19211: result: yes
configure:19222: checking for socklen_t
configure:19257: result: yes
configure:19270: checking for quad_t
configure:19270: gcc -c -g -O2  conftest.c >&5
configure:19270: $? = 0
configure:19270: gcc -c -g -O2  conftest.c >&5
conftest.c: In function 'main':
conftest.c:407:21: error: expected expression before ')' token
  407 | if (sizeof ((quad_t)))
      |                     ^
configure:19270: $? = 1
configure: failed program was:
| /* confdefs.h */
| #define PACKAGE_NAME "bash"
| #define PACKAGE_TARNAME "bash"
| #define PACKAGE_VERSION "5.3-release"
| #define PACKAGE_STRING "bash 5.3-release"
| #define PACKAGE_BUGREPORT "bug-bash@gnu.org"
| #define PACKAGE_URL ""
| #define USING_BASH_MALLOC 1
| #define ALIAS 1
| #define PUSHD_AND_POPD 1
| #define RESTRICTED_SHELL 1
| #define PROCESS_SUBSTITUTION 1
| #define PROMPT_STRING_DECODE 1
| #define SELECT_COMMAND 1
| #define HELP_BUILTIN 1
| #define ARRAY_VARS 1
| #define DPAREN_ARITHMETIC 1
| #define BRACE_EXPANSION 1
| #define COMMAND_TIMING 1
| #define EXTENDED_GLOB 1
| #define EXTGLOB_DEFAULT 0
| #define COND_COMMAND 1
| #define COND_REGEXP 1
| #define COPROCESS_SUPPORT 1
| #define ARITH_FOR_COMMAND 1
| #define NETWORK_REDIRECTIONS 1
| #define PROGRAMMABLE_COMPLETION 1
| #define DEBUGGER 1
| #define CASEMOD_ATTRS 1
| #define CASEMOD_EXPANSIONS 1
| #define GLOBASCII_DEFAULT 1
| #define FUNCTION_IMPORT 1
| #define TRANSLATABLE_STRINGS 1
| #define BASH_SOURCE_FULLPATH_DEFAULT 0
| #define MEMSCRAMBLE 1
| #define HAVE_STDIO_H 1
| #define HAVE_STDLIB_H 1
| #define HAVE_STRING_H 1
| #define HAVE_INTTYPES_H 1
| #define HAVE_STDINT_H 1
| #define HAVE_STRINGS_H 1
| #define HAVE_SYS_STAT_H 1
| #define HAVE_SYS_TYPES_H 1
| #define HAVE_UNISTD_H 1
| #define HAVE_WCHAR_H 1
| #define HAVE_STDBOOL_H 1
| #define HAVE_SYS_PARAM_H 1
| #define HAVE_THREADS_H 1
| #define HAVE_SYS_TIME_H 1
| #define STDC_HEADERS 1
| #define _ALL_SOURCE 1
| #define _DARWIN_C_SOURCE 1
| #define _GNU_SOURCE 1
| #define _HPUX_ALT_XOPEN_SOCKET_API 1
| #define _NETBSD_SOURCE 1
| #define _OPENBSD_SOURCE 1
| #define _POSIX_PTHREAD_SEMANTICS 1
| #define __STDC_WANT_IEC_60559_ATTRIBS_EXT__ 1
| #define __STDC_WANT_IEC_60559_BFP_EXT__ 1
| #define __STDC_WANT_IEC_60559_DFP_EXT__ 1
| #define __STDC_WANT_IEC_60559_FUNCS_EXT__ 1
| #define __STDC_WANT_IEC_60559_TYPES_EXT__ 1
| #define __STDC_WANT_LIB_EXT2__ 1
| #define __STDC_WANT_MATH_SPEC_FUNCS__ 1
| #define _TANDEM_SOURCE 1
| #define __EXTENSIONS__ 1
| #define READLINE 1
| #define HISTORY 1
| #define BANG_HISTORY 1
| #define HAVE_STRINGIZE 1
| #define HAVE_LONG_DOUBLE 1
| #define restrict __restrict__
| #define HAVE_VISIBILITY 1
| #define HAVE_STDINT_H_WITH_UINTMAX 1
| #define HAVE_ALLOCA_H 1
| #define HAVE_ALLOCA 1
| #define HAVE_GETPAGESIZE 1
| #define HAVE_SYMLINK 1
| #define HAVE_USELOCALE 1
| #define HAVE_VPRINTF 1
| #define HAVE_ALARM 1
| #define HAVE___FPURGE 1
| #define HAVE_SNPRINTF 1
| #define HAVE_VSNPRINTF 1
| #define HAVE_MMAP 1
| #define INTDIV0_RAISES_SIGFPE 1
| #define HAVE_INTTYPES_H_WITH_UINTMAX 1
| #define HAVE_UNSIGNED_LONG_LONG_INT 1
| #define HAVE_UINTMAX_T 1
| #define HAVE_WEAK_SYMBOLS 1
| #define HAVE_PTHREAD_API 1
| #define USE_POSIX_THREADS 1
| #define USE_POSIX_THREADS_FROM_LIBC 1
| #define HAVE_PTHREAD_RWLOCK 1
| #define HAVE_PTHREAD_MUTEX_RECURSIVE 1
| #define HAVE_ICONV 1
| #define ICONV_CONST 
| #define HAVE_BUILTIN_EXPECT 1
| #define HAVE_INTTYPES_H 1
| #define HAVE_UNISTD_H 1
| #define HAVE_SYS_PARAM_H 1
| #define HAVE_GETCWD 1
| #define HAVE_GETEGID 1
| #define HAVE_GETEUID 1
| #define HAVE_GETGID 1
| #define HAVE_GETUID 1
| #define HAVE_MEMPCPY 1
| #define HAVE_MUNMAP 1
| #define HAVE_STPCPY 1
| #define HAVE_STRCASECMP 1
| #define HAVE_TSEARCH 1
| #define HAVE___FSETLOCKING 1
| #define HAVE_DECL_FEOF_UNLOCKED 1
| #define HAVE_DECL_FGETS_UNLOCKED 1
| #define HAVE_LOCALECONV 1
| #define HAVE_LONG_LONG_INT 1
| #define HAVE_WCHAR_T 1
| #define HAVE_WINT_T 1
| #define HAVE_INTMAX_T 1
| #define HAVE_POSIX_PRINTF 1
| #define HAVE_STDINT_H 1
| #define HAVE_STDINT_H 1
| #define HAVE_WORKING_O_NOATIME 0
| #define HAVE_WORKING_O_NOFOLLOW 0
| #define HAVE_WORKING_USELOCALE 1
| #define HAVE_GOOD_USELOCALE 1
| #define FLEXIBLE_ARRAY_MEMBER /**/
| #define HAVE_FEATURES_H 1
| #define HAVE_STDDEF_H 1
| #define HAVE_STDLIB_H 1
| #define HAVE_STRING_H 1
| #define HAVE_ASPRINTF 1
| #define HAVE_WPRINTF 1
| #define HAVE_NEWLOCALE 1
| #define HAVE_PUTENV 1
| #define HAVE_SETENV 1
| #define HAVE_SNPRINTF 1
| #define HAVE_STRNLEN 1
| #define HAVE_USELOCALE 1
| #define HAVE_WCSLEN 1
| #define HAVE_WCSNLEN 1
| #define HAVE_MBRTOWC 1
| #define HAVE_WCRTOMB 1
| #define HAVE_DECL__SNPRINTF 0
| #define HAVE_DECL__SNWPRINTF 0
| #define HAVE_DECL_GETC_UNLOCKED 1
| #define HAVE_NL_LANGINFO 1
| #define HAVE_LANGINFO_CODESET 1
| #define HAVE_LC_MESSAGES 1
| #define ENABLE_NLS 1
| #define HAVE_GETTEXT 1
| #define HAVE_DCGETTEXT 1
| #define HAVE_DIRENT_H 1
| #define MAJOR_IN_SYSMACROS 1
| #define HAVE_INTTYPES_H 1
| #define HAVE_UNISTD_H 1
| #define HAVE_STDLIB_H 1
| #define HAVE_LIMITS_H 1
| #define HAVE_STRING_H 1
| #define HAVE_MEMORY_H 1
| #define HAVE_LOCALE_H 1
| #define HAVE_TERMCAP_H 1
| #define HAVE_TERMIO_H 1
| #define HAVE_TERMIOS_H 1
| #define HAVE_DLFCN_H 1
| #define HAVE_STDDEF_H 1
| #define HAVE_STDINT_H 1
| #define HAVE_NETDB_H 1
| #define HAVE_PWD_H 1
| #define HAVE_GRP_H 1
| #define HAVE_STRINGS_H 1
| #define HAVE_REGEX_H 1
| #define HAVE_SYSLOG_H 1
| #define HAVE_ULIMIT_H 1
| #define HAVE_SYS_SELECT_H 1
| #define HAVE_SYS_FILE_H 1
| #define HAVE_SYS_IOCTL_H 1
| #define HAVE_SYS_MMAN_H 1
| #define HAVE_SYS_PARAM_H 1
| #define HAVE_SYS_RANDOM_H 1
| #define HAVE_SYS_SOCKET_H 1
| #define HAVE_SYS_STAT_H 1
| #define HAVE_SYS_TIME_H 1
| #define HAVE_SYS_TIMES_H 1
| #define HAVE_SYS_TYPES_H 1
| #define HAVE_SYS_WAIT_H 1
| #define HAVE_NETINET_IN_H 1
| #define HAVE_ARPA_INET_H 1
| #define HAVE_SYS_RESOURCE_H 1
| #define HAVE_ALLOCA_H 1
| #define HAVE_ALLOCA 1
| #define HAVE_CHOWN 1
| #define GETPGRP_VOID 1
| #define HAVE_STRCOLL 1
| #define HAVE_WAIT3 1
| #define HAVE_MKFIFO 1
| #define HAVE_DUP2 1
| #define HAVE_EACCESS 1
| #define HAVE_FCNTL 1
| #define HAVE_GETDTABLESIZE 1
| #define HAVE_GETENTROPY 1
| #define HAVE_GETGROUPS 1
| #define HAVE_GETHOSTNAME 1
| #define HAVE_GETPAGESIZE 1
| #define HAVE_GETPEERNAME 1
| #define HAVE_GETRANDOM 1
| #define HAVE_GETRLIMIT 1
| #define HAVE_GETRUSAGE 1
| #define HAVE_GETTIMEOFDAY 1
| #define HAVE_KILL 1
| #define HAVE_KILLPG 1
| #define HAVE_LSTAT 1
| #define HAVE_NANOSLEEP 1
| #define HAVE_PSELECT 1
| #define HAVE_READLINK 1
| #define HAVE_SELECT 1
| #define HAVE_SETITIMER 1
| #define HAVE_STATFS 1
| #define HAVE_TCGETPGRP 1
| #define HAVE_UNAME 1
| #define HAVE_ULIMIT 1
| #define HAVE_WAITPID 1
| #define HAVE_RENAME 1
| #define HAVE_BCOPY 1
| #define HAVE_BZERO 1
| #define HAVE_CLOCK_GETTIME 1
| #define HAVE_CONFSTR 1
| #define HAVE_FACCESSAT 1
| #define HAVE_FNMATCH 1
| #define HAVE_GETADDRINFO 1
| #define HAVE_GETHOSTBYNAME 1
| #define HAVE_GETSERVBYNAME 1
| #define HAVE_GETSERVENT 1
| #define HAVE_INET_ATON 1
| #define HAVE_IMAXDIV 1
| #define HAVE_MEMMOVE 1
| #define HAVE_PATHCONF 1
| #define HAVE_PUTENV 1
| #define HAVE_RAISE 1
| #define HAVE_RANDOM 1
| #define HAVE_REGCOMP 1
| #define HAVE_REGEXEC 1
| #define HAVE_SETENV 1
| #define HAVE_SETLINEBUF 1
| #define HAVE_SETLOCALE 1
| #define HAVE_SETVBUF 1
| #define HAVE_SIGINTERRUPT 1
| #define HAVE_STRCHR 1
| #define HAVE_SYSCONF 1
| #define HAVE_SYSLOG 1
| #define HAVE_TCGETATTR 1
| #define HAVE_TIMES 1
| #define HAVE_TTYNAME 1
| #define HAVE_TZSET 1
| #define HAVE_UNSETENV 1
| #define HAVE_VASPRINTF 1
| #define HAVE_ASPRINTF 1
| #define HAVE_ISASCII 1
| #define HAVE_ISBLANK 1
| #define HAVE_ISGRAPH 1
| #define HAVE_ISPRINT 1
| #define HAVE_ISSPACE 1
| #define HAVE_ISXDIGIT 1
| #define HAVE_GETPWENT 1
| #define HAVE_GETPWNAM 1
| #define HAVE_GETPWUID 1
| #define HAVE_MKSTEMP 1
| #define HAVE_MKDTEMP 1
| #define HAVE_ARC4RANDOM 1
| #define HAVE_STRLCAT 1
| #define HAVE_MEMFD_CREATE 1
| #define HAVE_SHM_OPEN 1
| #define HAVE_GETCWD 1
| #define HAVE_MEMSET 1
| #define HAVE_STRCASECMP 1
| #define HAVE_STRCASESTR 1
| #define HAVE_STRERROR 1
| #define HAVE_STRFTIME 1
| #define HAVE_STRNLEN 1
| #define HAVE_STRPBRK 1
| #define HAVE_STRSTR 1
| #define HAVE_STRTOD 1
| #define HAVE_STRTOL 1
| #define HAVE_STRTOUL 1
| #define HAVE_STRTOLL 1
| #define HAVE_STRTOULL 1
| #define HAVE_STRTOUMAX 1
| #define HAVE_DPRINTF 1
| #define HAVE_STRDUP 1
| #define HAVE_STRLCPY 1
| #define HAVE_REALLOCARRAY 1
| #define HAVE_DECL_AUDIT_USER_TTY 1
| #define HAVE_DECL_CONFSTR 1
| #define HAVE_DECL_PRINTF 1
| #define HAVE_DECL_BRK 1
| #define HAVE_DECL_SBRK 1
| #define HAVE_DECL_SETREGID 1
| #define HAVE_DECL_STRCPY 1
| #define HAVE_DECL_STRSIGNAL 1
| #define HAVE_SETRESUID 1
| #define HAVE_SETRESGID 1
| #define HAVE_DECL_STRTOLD 1
| #define HAVE_DECL_STRTOL 1
| #define HAVE_DECL_STRTOLL 1
| #define HAVE_DECL_STRTOUL 1
| #define HAVE_DECL_STRTOULL 1
| #define HAVE_DECL_STRTOUMAX 1
| #define HAVE_ARGZ_H 1
| #define HAVE_ERRNO_H 1
| #define HAVE_FCNTL_H 1
| #define HAVE_MALLOC_H 1
| #define HAVE_STDIO_EXT_H 1
| #define HAVE_MALLOC 1
| #define HAVE_MMAP 1
| #define HAVE___ARGZ_COUNT 1
| #define HAVE___ARGZ_NEXT 1
| #define HAVE___ARGZ_STRINGIFY 1
| #define HAVE_DCGETTEXT 1
| #define HAVE_MEMPCPY 1
| #define HAVE_MUNMAP 1
| #define HAVE_MREMAP 1
| #define HAVE_STPCPY 1
| #define HAVE_STRCSPN 1
| #define HAVE_WCTYPE_H 1
| #define HAVE_WCHAR_H 1
| #define HAVE_LANGINFO_H 1
| #define HAVE_MBRLEN 1
| #define HAVE_MBSNRTOWCS 1
| #define HAVE_MBSRTOWCS 1
| #define HAVE_WCRTOMB 1
| #define HAVE_WCSCOLL 1
| #define HAVE_WCSDUP 1
| #define HAVE_WCWIDTH 1
| #define HAVE_WCTYPE 1
| #define HAVE_WCSNRTOMBS 1
| #define HAVE_WCSWIDTH 1
| #define HAVE_MBRTOWC 1
| #define HAVE_MBSTATE_T 1
| #define HAVE_ISWLOWER 1
| #define HAVE_ISWUPPER 1
| #define HAVE_TOWLOWER 1
| #define HAVE_TOWUPPER 1
| #define HAVE_ISWCTYPE 1
| #define HAVE_WCHAR_T 1
| #define HAVE_WCTYPE_T 1
| #define HAVE_WINT_T 1
| #define SIZEOF_WCHAR_T 4
| #define HAVE_LIBDL 1
| #define HAVE_DLOPEN 1
| #define HAVE_DLCLOSE 1
| #define HAVE_DLSYM 1
| #define GETGROUPS_T gid_t
| #define HAVE_INTPTR_T 1
| #define HAVE_UINTPTR_T 1
| #define HAVE_LONG_LONG_INT 1
| #define HAVE_UNSIGNED_LONG_LONG_INT 1
| #define SIZEOF_CHAR 1
| #define SIZEOF_SHORT 2
| #define SIZEOF_INT 4
| #define SIZEOF_LONG 8
| #define SIZEOF_CHAR_P 8
| #define SIZEOF_SIZE_T 8
| #define SIZEOF_DOUBLE 8
| #define SIZEOF_LONG_LONG 8
| #define bits16_t short
| #define u_bits16_t unsigned short
| #define bits32_t int
| #define u_bits32_t unsigned int
| #define bits64_t char *
| #define HAVE_HASH_BANG_EXEC 1
| #define HAVE_POSIX_SIGNALS 1
| #define HAVE_SYS_ERRLIST 1
| #define HAVE_DECL_SYS_SIGLIST 0
| #define HAVE_SOCKLEN_T 1
| /* end confdefs.h.  */
| #include <stddef.h>
| #ifdef HAVE_STDIO_H
| # include <stdio.h>
| #endif
| #ifdef HAVE_STDLIB_H
| # include <stdlib.h>
| #endif
| #ifdef HAVE_STRING_H
| # include <string.h>
| #endif
| #ifdef HAVE_INTTYPES_H
| # include <inttypes.h>
| #endif
| #ifdef HAVE_STDINT_H
| # include <stdint.h>
| #endif
| #ifdef HAVE_STRINGS_H
| # include <strings.h>
| #endif
| #ifdef HAVE_SYS_TYPES_H
| # include <sys/types.h>
| #endif
| #ifdef HAVE_SYS_STAT_H
| # include <sys/stat.h>
| #endif
| #ifdef HAVE_UNISTD_H
| # include <unistd.h>
| #endif
| int
| main (void)
| {
| if (sizeof ((quad_t)))
| 	    return 0;
|   ;
|   return 0;
| }
configure:19270: result: yes
configure:19277: checking for type of struct rlimit fields
configure:19297: gcc -c -g -O2  conftest.c >&5
configure:19297: $? = 0
configure:19415: result: rlim_t
configure:19423: checking for intmax_t
configure:19423: gcc -c -g -O2  conftest.c >&5
configure:19423: $? = 0
configure:19423: gcc -c -g -O2  conftest.c >&5
conftest.c: In function 'main':
conftest.c:409:23: error: expected expression before ')' token
  409 | if (sizeof ((intmax_t)))
      |                       ^
configure:19423: $? = 1
configure: failed program was:
| /* confdefs.h */
| #define PACKAGE_NAME "bash"
| #define PACKAGE_TARNAME "bash"
| #define PACKAGE_VERSION "5.3-release"
| #define PACKAGE_STRING "bash 5.3-release"
| #define PACKAGE_BUGREPORT "bug-bash@gnu.org"
| #define PACKAGE_URL ""
| #define USING_BASH_MALLOC 1
| #define ALIAS 1
| #define PUSHD_AND_POPD 1
| #define RESTRICTED_SHELL 1
| #define PROCESS_SUBSTITUTION 1
| #define PROMPT_STRING_DECODE 1
| #define SELECT_COMMAND 1
| #define HELP_BUILTIN 1
| #define ARRAY_VARS 1
| #define DPAREN_ARITHMETIC 1
| #define BRACE_EXPANSION 1
| #define COMMAND_TIMING 1
| #define EXTENDED_GLOB 1
| #define EXTGLOB_DEFAULT 0
| #define COND_COMMAND 1
| #define COND_REGEXP 1
| #define COPROCESS_SUPPORT 1
| #define ARITH_FOR_COMMAND 1
| #define NETWORK_REDIRECTIONS 1
| #define PROGRAMMABLE_COMPLETION 1
| #define DEBUGGER 1
| #define CASEMOD_ATTRS 1
| #define CASEMOD_EXPANSIONS 1
| #define GLOBASCII_DEFAULT 1
| #define FUNCTION_IMPORT 1
| #define TRANSLATABLE_STRINGS 1
| #define BASH_SOURCE_FULLPATH_DEFAULT 0
| #define MEMSCRAMBLE 1
| #define HAVE_STDIO_H 1
| #define HAVE_STDLIB_H 1
| #define HAVE_STRING_H 1
| #define HAVE_INTTYPES_H 1
| #define HAVE_STDINT_H 1
| #define HAVE_STRINGS_H 1
| #define HAVE_SYS_STAT_H 1
| #define HAVE_SYS_TYPES_H 1
| #define HAVE_UNISTD_H 1
| #define HAVE_WCHAR_H 1
| #define HAVE_STDBOOL_H 1
| #define HAVE_SYS_PARAM_H 1
| #define HAVE_THREADS_H 1
| #define HAVE_SYS_TIME_H 1
| #define STDC_HEADERS 1
| #define _ALL_SOURCE 1
| #define _DARWIN_C_SOURCE 1
| #define _GNU_SOURCE 1
| #define _HPUX_ALT_XOPEN_SOCKET_API 1
| #define _NETBSD_SOURCE 1
| #define _OPENBSD_SOURCE 1
| #define _POSIX_PTHREAD_SEMANTICS 1
| #define __STDC_WANT_IEC_60559_ATTRIBS_EXT__ 1
| #define __STDC_WANT_IEC_60559_BFP_EXT__ 1
| #define __STDC_WANT_IEC_60559_DFP_EXT__ 1
| #define __STDC_WANT_IEC_60559_FUNCS_EXT__ 1
| #define __STDC_WANT_IEC_60559_TYPES_EXT__ 1
| #define __STDC_WANT_LIB_EXT2__ 1
| #define __STDC_WANT_MATH_SPEC_FUNCS__ 1
| #define _TANDEM_SOURCE 1
| #define __EXTENSIONS__ 1
| #define READLINE 1
| #define HISTORY 1
| #define BANG_HISTORY 1
| #define HAVE_STRINGIZE 1
| #define HAVE_LONG_DOUBLE 1
| #define restrict __restrict__
| #define HAVE_VISIBILITY 1
| #define HAVE_STDINT_H_WITH_UINTMAX 1
| #define HAVE_ALLOCA_H 1
| #define HAVE_ALLOCA 1
| #define HAVE_GETPAGESIZE 1
| #define HAVE_SYMLINK 1
| #define HAVE_USELOCALE 1
| #define HAVE_VPRINTF 1
| #define HAVE_ALARM 1
| #define HAVE___FPURGE 1
| #define HAVE_SNPRINTF 1
| #define HAVE_VSNPRINTF 1
| #define HAVE_MMAP 1
| #define INTDIV0_RAISES_SIGFPE 1
| #define HAVE_INTTYPES_H_WITH_UINTMAX 1
| #define HAVE_UNSIGNED_LONG_LONG_INT 1
| #define HAVE_UINTMAX_T 1
| #define HAVE_WEAK_SYMBOLS 1
| #define HAVE_PTHREAD_API 1
| #define USE_POSIX_THREADS 1
| #define USE_POSIX_THREADS_FROM_LIBC 1
| #define HAVE_PTHREAD_RWLOCK 1
| #define HAVE_PTHREAD_MUTEX_RECURSIVE 1
| #define HAVE_ICONV 1
| #define ICONV_CONST 
| #define HAVE_BUILTIN_EXPECT 1
| #define HAVE_INTTYPES_H 1
| #define HAVE_UNISTD_H 1
| #define HAVE_SYS_PARAM_H 1
| #define HAVE_GETCWD 1
| #define HAVE_GETEGID 1
| #define HAVE_GETEUID 1
| #define HAVE_GETGID 1
| #define HAVE_GETUID 1
| #define HAVE_MEMPCPY 1
| #define HAVE_MUNMAP 1
| #define HAVE_STPCPY 1
| #define HAVE_STRCASECMP 1
| #define HAVE_TSEARCH 1
| #define HAVE___FSETLOCKING 1
| #define HAVE_DECL_FEOF_UNLOCKED 1
| #define HAVE_DECL_FGETS_UNLOCKED 1
| #define HAVE_LOCALECONV 1
| #define HAVE_LONG_LONG_INT 1
| #define HAVE_WCHAR_T 1
| #define HAVE_WINT_T 1
| #define HAVE_INTMAX_T 1
| #define HAVE_POSIX_PRINTF 1
| #define HAVE_STDINT_H 1
| #define HAVE_STDINT_H 1
| #define HAVE_WORKING_O_NOATIME 0
| #define HAVE_WORKING_O_NOFOLLOW 0
| #define HAVE_WORKING_USELOCALE 1
| #define HAVE_GOOD_USELOCALE 1
| #define FLEXIBLE_ARRAY_MEMBER /**/
| #define HAVE_FEATURES_H 1
| #define HAVE_STDDEF_H 1
| #define HAVE_STDLIB_H 1
| #define HAVE_STRING_H 1
| #define HAVE_ASPRINTF 1
| #define HAVE_WPRINTF 1
| #define HAVE_NEWLOCALE 1
| #define HAVE_PUTENV 1
| #define HAVE_SETENV 1
| #define HAVE_SNPRINTF 1
| #define HAVE_STRNLEN 1
| #define HAVE_USELOCALE 1
| #define HAVE_WCSLEN 1
| #define HAVE_WCSNLEN 1
| #define HAVE_MBRTOWC 1
| #define HAVE_WCRTOMB 1
| #define HAVE_DECL__SNPRINTF 0
| #define HAVE_DECL__SNWPRINTF 0
| #define HAVE_DECL_GETC_UNLOCKED 1
| #define HAVE_NL_LANGINFO 1
| #define HAVE_LANGINFO_CODESET 1
| #define HAVE_LC_MESSAGES 1
| #define ENABLE_NLS 1
| #define HAVE_GETTEXT 1
| #define HAVE_DCGETTEXT 1
| #define HAVE_DIRENT_H 1
| #define MAJOR_IN_SYSMACROS 1
| #define HAVE_INTTYPES_H 1
| #define HAVE_UNISTD_H 1
| #define HAVE_STDLIB_H 1
| #define HAVE_LIMITS_H 1
| #define HAVE_STRING_H 1
| #define HAVE_MEMORY_H 1
| #define HAVE_LOCALE_H 1
| #define HAVE_TERMCAP_H 1
| #define HAVE_TERMIO_H 1
| #define HAVE_TERMIOS_H 1
| #define HAVE_DLFCN_H 1
| #define HAVE_STDDEF_H 1
| #define HAVE_STDINT_H 1
| #define HAVE_NETDB_H 1
| #define HAVE_PWD_H 1
| #define HAVE_GRP_H 1
| #define HAVE_STRINGS_H 1
| #define HAVE_REGEX_H 1
| #define HAVE_SYSLOG_H 1
| #define HAVE_ULIMIT_H 1
| #define HAVE_SYS_SELECT_H 1
| #define HAVE_SYS_FILE_H 1
| #define HAVE_SYS_IOCTL_H 1
| #define HAVE_SYS_MMAN_H 1
| #define HAVE_SYS_PARAM_H 1
| #define HAVE_SYS_RANDOM_H 1
| #define HAVE_SYS_SOCKET_H 1
| #define HAVE_SYS_STAT_H 1
| #define HAVE_SYS_TIME_H 1
| #define HAVE_SYS_TIMES_H 1
| #define HAVE_SYS_TYPES_H 1
| #define HAVE_SYS_WAIT_H 1
| #define HAVE_NETINET_IN_H 1
| #define HAVE_ARPA_INET_H 1
| #define HAVE_SYS_RESOURCE_H 1
| #define HAVE_ALLOCA_H 1
| #define HAVE_ALLOCA 1
| #define HAVE_CHOWN 1
| #define GETPGRP_VOID 1
| #define HAVE_STRCOLL 1
| #define HAVE_WAIT3 1
| #define HAVE_MKFIFO 1
| #define HAVE_DUP2 1
| #define HAVE_EACCESS 1
| #define HAVE_FCNTL 1
| #define HAVE_GETDTABLESIZE 1
| #define HAVE_GETENTROPY 1
| #define HAVE_GETGROUPS 1
| #define HAVE_GETHOSTNAME 1
| #define HAVE_GETPAGESIZE 1
| #define HAVE_GETPEERNAME 1
| #define HAVE_GETRANDOM 1
| #define HAVE_GETRLIMIT 1
| #define HAVE_GETRUSAGE 1
| #define HAVE_GETTIMEOFDAY 1
| #define HAVE_KILL 1
| #define HAVE_KILLPG 1
| #define HAVE_LSTAT 1
| #define HAVE_NANOSLEEP 1
| #define HAVE_PSELECT 1
| #define HAVE_READLINK 1
| #define HAVE_SELECT 1
| #define HAVE_SETITIMER 1
| #define HAVE_STATFS 1
| #define HAVE_TCGETPGRP 1
| #define HAVE_UNAME 1
| #define HAVE_ULIMIT 1
| #define HAVE_WAITPID 1
| #define HAVE_RENAME 1
| #define HAVE_BCOPY 1
| #define HAVE_BZERO 1
| #define HAVE_CLOCK_GETTIME 1
| #define HAVE_CONFSTR 1
| #define HAVE_FACCESSAT 1
| #define HAVE_FNMATCH 1
| #define HAVE_GETADDRINFO 1
| #define HAVE_GETHOSTBYNAME 1
| #define HAVE_GETSERVBYNAME 1
| #define HAVE_GETSERVENT 1
| #define HAVE_INET_ATON 1
| #define HAVE_IMAXDIV 1
| #define HAVE_MEMMOVE 1
| #define HAVE_PATHCONF 1
| #define HAVE_PUTENV 1
| #define HAVE_RAISE 1
| #define HAVE_RANDOM 1
| #define HAVE_REGCOMP 1
| #define HAVE_REGEXEC 1
| #define HAVE_SETENV 1
| #define HAVE_SETLINEBUF 1
| #define HAVE_SETLOCALE 1
| #define HAVE_SETVBUF 1
| #define HAVE_SIGINTERRUPT 1
| #define HAVE_STRCHR 1
| #define HAVE_SYSCONF 1
| #define HAVE_SYSLOG 1
| #define HAVE_TCGETATTR 1
| #define HAVE_TIMES 1
| #define HAVE_TTYNAME 1
| #define HAVE_TZSET 1
| #define HAVE_UNSETENV 1
| #define HAVE_VASPRINTF 1
| #define HAVE_ASPRINTF 1
| #define HAVE_ISASCII 1
| #define HAVE_ISBLANK 1
| #define HAVE_ISGRAPH 1
| #define HAVE_ISPRINT 1
| #define HAVE_ISSPACE 1
| #define HAVE_ISXDIGIT 1
| #define HAVE_GETPWENT 1
| #define HAVE_GETPWNAM 1
| #define HAVE_GETPWUID 1
| #define HAVE_MKSTEMP 1
| #define HAVE_MKDTEMP 1
| #define HAVE_ARC4RANDOM 1
| #define HAVE_STRLCAT 1
| #define HAVE_MEMFD_CREATE 1
| #define HAVE_SHM_OPEN 1
| #define HAVE_GETCWD 1
| #define HAVE_MEMSET 1
| #define HAVE_STRCASECMP 1
| #define HAVE_STRCASESTR 1
| #define HAVE_STRERROR 1
| #define HAVE_STRFTIME 1
| #define HAVE_STRNLEN 1
| #define HAVE_STRPBRK 1
| #define HAVE_STRSTR 1
| #define HAVE_STRTOD 1
| #define HAVE_STRTOL 1
| #define HAVE_STRTOUL 1
| #define HAVE_STRTOLL 1
| #define HAVE_STRTOULL 1
| #define HAVE_STRTOUMAX 1
| #define HAVE_DPRINTF 1
| #define HAVE_STRDUP 1
| #define HAVE_STRLCPY 1
| #define HAVE_REALLOCARRAY 1
| #define HAVE_DECL_AUDIT_USER_TTY 1
| #define HAVE_DECL_CONFSTR 1
| #define HAVE_DECL_PRINTF 1
| #define HAVE_DECL_BRK 1
| #define HAVE_DECL_SBRK 1
| #define HAVE_DECL_SETREGID 1
| #define HAVE_DECL_STRCPY 1
| #define HAVE_DECL_STRSIGNAL 1
| #define HAVE_SETRESUID 1
| #define HAVE_SETRESGID 1
| #define HAVE_DECL_STRTOLD 1
| #define HAVE_DECL_STRTOL 1
| #define HAVE_DECL_STRTOLL 1
| #define HAVE_DECL_STRTOUL 1
| #define HAVE_DECL_STRTOULL 1
| #define HAVE_DECL_STRTOUMAX 1
| #define HAVE_ARGZ_H 1
| #define HAVE_ERRNO_H 1
| #define HAVE_FCNTL_H 1
| #define HAVE_MALLOC_H 1
| #define HAVE_STDIO_EXT_H 1
| #define HAVE_MALLOC 1
| #define HAVE_MMAP 1
| #define HAVE___ARGZ_COUNT 1
| #define HAVE___ARGZ_NEXT 1
| #define HAVE___ARGZ_STRINGIFY 1
| #define HAVE_DCGETTEXT 1
| #define HAVE_MEMPCPY 1
| #define HAVE_MUNMAP 1
| #define HAVE_MREMAP 1
| #define HAVE_STPCPY 1
| #define HAVE_STRCSPN 1
| #define HAVE_WCTYPE_H 1
| #define HAVE_WCHAR_H 1
| #define HAVE_LANGINFO_H 1
| #define HAVE_MBRLEN 1
| #define HAVE_MBSNRTOWCS 1
| #define HAVE_MBSRTOWCS 1
| #define HAVE_WCRTOMB 1
| #define HAVE_WCSCOLL 1
| #define HAVE_WCSDUP 1
| #define HAVE_WCWIDTH 1
| #define HAVE_WCTYPE 1
| #define HAVE_WCSNRTOMBS 1
| #define HAVE_WCSWIDTH 1
| #define HAVE_MBRTOWC 1
| #define HAVE_MBSTATE_T 1
| #define HAVE_ISWLOWER 1
| #define HAVE_ISWUPPER 1
| #define HAVE_TOWLOWER 1
| #define HAVE_TOWUPPER 1
| #define HAVE_ISWCTYPE 1
| #define HAVE_WCHAR_T 1
| #define HAVE_WCTYPE_T 1
| #define HAVE_WINT_T 1
| #define SIZEOF_WCHAR_T 4
| #define HAVE_LIBDL 1
| #define HAVE_DLOPEN 1
| #define HAVE_DLCLOSE 1
| #define HAVE_DLSYM 1
| #define GETGROUPS_T gid_t
| #define HAVE_INTPTR_T 1
| #define HAVE_UINTPTR_T 1
| #define HAVE_LONG_LONG_INT 1
| #define HAVE_UNSIGNED_LONG_LONG_INT 1
| #define SIZEOF_CHAR 1
| #define SIZEOF_SHORT 2
| #define SIZEOF_INT 4
| #define SIZEOF_LONG 8
| #define SIZEOF_CHAR_P 8
| #define SIZEOF_SIZE_T 8
| #define SIZEOF_DOUBLE 8
| #define SIZEOF_LONG_LONG 8
| #define bits16_t short
| #define u_bits16_t unsigned short
| #define bits32_t int
| #define u_bits32_t unsigned int
| #define bits64_t char *
| #define HAVE_HASH_BANG_EXEC 1
| #define HAVE_POSIX_SIGNALS 1
| #define HAVE_SYS_ERRLIST 1
| #define HAVE_DECL_SYS_SIGLIST 0
| #define HAVE_SOCKLEN_T 1
| #define HAVE_QUAD_T 1
| #define RLIMTYPE rlim_t
| /* end confdefs.h.  */
| #include <stddef.h>
| #ifdef HAVE_STDIO_H
| # include <stdio.h>
| #endif
| #ifdef HAVE_STDLIB_H
| # include <stdlib.h>
| #endif
| #ifdef HAVE_STRING_H
| # include <string.h>
| #endif
| #ifdef HAVE_INTTYPES_H
| # include <inttypes.h>
| #endif
| #ifdef HAVE_STDINT_H
| # include <stdint.h>
| #endif
| #ifdef HAVE_STRINGS_H
| # include <strings.h>
| #endif
| #ifdef HAVE_SYS_TYPES_H
| # include <sys/types.h>
| #endif
| #ifdef HAVE_SYS_STAT_H
| # include <sys/stat.h>
| #endif
| #ifdef HAVE_UNISTD_H
| # include <unistd.h>
| #endif
| int
| main (void)
| {
| if (sizeof ((intmax_t)))
| 	    return 0;
|   ;
|   return 0;
| }
configure:19423: result: yes
configure:19441: checking for uintmax_t
configure:19441: gcc -c -g -O2  conftest.c >&5
configure:19441: $? = 0
configure:19441: gcc -c -g -O2  conftest.c >&5
conftest.c: In function 'main':
conftest.c:410:24: error: expected expression before ')' token
  410 | if (sizeof ((uintmax_t)))
      |                        ^
configure:19441: $? = 1
configure: failed program was:
| /* confdefs.h */
| #define PACKAGE_NAME "bash"
| #define PACKAGE_TARNAME "bash"
| #define PACKAGE_VERSION "5.3-release"
| #define PACKAGE_STRING "bash 5.3-release"
| #define PACKAGE_BUGREPORT "bug-bash@gnu.org"
| #define PACKAGE_URL ""
| #define USING_BASH_MALLOC 1
| #define ALIAS 1
| #define PUSHD_AND_POPD 1
| #define RESTRICTED_SHELL 1
| #define PROCESS_SUBSTITUTION 1
| #define PROMPT_STRING_DECODE 1
| #define SELECT_COMMAND 1
| #define HELP_BUILTIN 1
| #define ARRAY_VARS 1
| #define DPAREN_ARITHMETIC 1
| #define BRACE_EXPANSION 1
| #define COMMAND_TIMING 1
| #define EXTENDED_GLOB 1
| #define EXTGLOB_DEFAULT 0
| #define COND_COMMAND 1
| #define COND_REGEXP 1
| #define COPROCESS_SUPPORT 1
| #define ARITH_FOR_COMMAND 1
| #define NETWORK_REDIRECTIONS 1
| #define PROGRAMMABLE_COMPLETION 1
| #define DEBUGGER 1
| #define CASEMOD_ATTRS 1
| #define CASEMOD_EXPANSIONS 1
| #define GLOBASCII_DEFAULT 1
| #define FUNCTION_IMPORT 1
| #define TRANSLATABLE_STRINGS 1
| #define BASH_SOURCE_FULLPATH_DEFAULT 0
| #define MEMSCRAMBLE 1
| #define HAVE_STDIO_H 1
| #define HAVE_STDLIB_H 1
| #define HAVE_STRING_H 1
| #define HAVE_INTTYPES_H 1
| #define HAVE_STDINT_H 1
| #define HAVE_STRINGS_H 1
| #define HAVE_SYS_STAT_H 1
| #define HAVE_SYS_TYPES_H 1
| #define HAVE_UNISTD_H 1
| #define HAVE_WCHAR_H 1
| #define HAVE_STDBOOL_H 1
| #define HAVE_SYS_PARAM_H 1
| #define HAVE_THREADS_H 1
| #define HAVE_SYS_TIME_H 1
| #define STDC_HEADERS 1
| #define _ALL_SOURCE 1
| #define _DARWIN_C_SOURCE 1
| #define _GNU_SOURCE 1
| #define _HPUX_ALT_XOPEN_SOCKET_API 1
| #define _NETBSD_SOURCE 1
| #define _OPENBSD_SOURCE 1
| #define _POSIX_PTHREAD_SEMANTICS 1
| #define __STDC_WANT_IEC_60559_ATTRIBS_EXT__ 1
| #define __STDC_WANT_IEC_60559_BFP_EXT__ 1
| #define __STDC_WANT_IEC_60559_DFP_EXT__ 1
| #define __STDC_WANT_IEC_60559_FUNCS_EXT__ 1
| #define __STDC_WANT_IEC_60559_TYPES_EXT__ 1
| #define __STDC_WANT_LIB_EXT2__ 1
| #define __STDC_WANT_MATH_SPEC_FUNCS__ 1
| #define _TANDEM_SOURCE 1
| #define __EXTENSIONS__ 1
| #define READLINE 1
| #define HISTORY 1
| #define BANG_HISTORY 1
| #define HAVE_STRINGIZE 1
| #define HAVE_LONG_DOUBLE 1
| #define restrict __restrict__
| #define HAVE_VISIBILITY 1
| #define HAVE_STDINT_H_WITH_UINTMAX 1
| #define HAVE_ALLOCA_H 1
| #define HAVE_ALLOCA 1
| #define HAVE_GETPAGESIZE 1
| #define HAVE_SYMLINK 1
| #define HAVE_USELOCALE 1
| #define HAVE_VPRINTF 1
| #define HAVE_ALARM 1
| #define HAVE___FPURGE 1
| #define HAVE_SNPRINTF 1
| #define HAVE_VSNPRINTF 1
| #define HAVE_MMAP 1
| #define INTDIV0_RAISES_SIGFPE 1
| #define HAVE_INTTYPES_H_WITH_UINTMAX 1
| #define HAVE_UNSIGNED_LONG_LONG_INT 1
| #define HAVE_UINTMAX_T 1
| #define HAVE_WEAK_SYMBOLS 1
| #define HAVE_PTHREAD_API 1
| #define USE_POSIX_THREADS 1
| #define USE_POSIX_THREADS_FROM_LIBC 1
| #define HAVE_PTHREAD_RWLOCK 1
| #define HAVE_PTHREAD_MUTEX_RECURSIVE 1
| #define HAVE_ICONV 1
| #define ICONV_CONST 
| #define HAVE_BUILTIN_EXPECT 1
| #define HAVE_INTTYPES_H 1
| #define HAVE_UNISTD_H 1
| #define HAVE_SYS_PARAM_H 1
| #define HAVE_GETCWD 1
| #define HAVE_GETEGID 1
| #define HAVE_GETEUID 1
| #define HAVE_GETGID 1
| #define HAVE_GETUID 1
| #define HAVE_MEMPCPY 1
| #define HAVE_MUNMAP 1
| #define HAVE_STPCPY 1
| #define HAVE_STRCASECMP 1
| #define HAVE_TSEARCH 1
| #define HAVE___FSETLOCKING 1
| #define HAVE_DECL_FEOF_UNLOCKED 1
| #define HAVE_DECL_FGETS_UNLOCKED 1
| #define HAVE_LOCALECONV 1
| #define HAVE_LONG_LONG_INT 1
| #define HAVE_WCHAR_T 1
| #define HAVE_WINT_T 1
| #define HAVE_INTMAX_T 1
| #define HAVE_POSIX_PRINTF 1
| #define HAVE_STDINT_H 1
| #define HAVE_STDINT_H 1
| #define HAVE_WORKING_O_NOATIME 0
| #define HAVE_WORKING_O_NOFOLLOW 0
| #define HAVE_WORKING_USELOCALE 1
| #define HAVE_GOOD_USELOCALE 1
| #define FLEXIBLE_ARRAY_MEMBER /**/
| #define HAVE_FEATURES_H 1
| #define HAVE_STDDEF_H 1
| #define HAVE_STDLIB_H 1
| #define HAVE_STRING_H 1
| #define HAVE_ASPRINTF 1
| #define HAVE_WPRINTF 1
| #define HAVE_NEWLOCALE 1
| #define HAVE_PUTENV 1
| #define HAVE_SETENV 1
| #define HAVE_SNPRINTF 1
| #define HAVE_STRNLEN 1
| #define HAVE_USELOCALE 1
| #define HAVE_WCSLEN 1
| #define HAVE_WCSNLEN 1
| #define HAVE_MBRTOWC 1
| #define HAVE_WCRTOMB 1
| #define HAVE_DECL__SNPRINTF 0
| #define HAVE_DECL__SNWPRINTF 0
| #define HAVE_DECL_GETC_UNLOCKED 1
| #define HAVE_NL_LANGINFO 1
| #define HAVE_LANGINFO_CODESET 1
| #define HAVE_LC_MESSAGES 1
| #define ENABLE_NLS 1
| #define HAVE_GETTEXT 1
| #define HAVE_DCGETTEXT 1
| #define HAVE_DIRENT_H 1
| #define MAJOR_IN_SYSMACROS 1
| #define HAVE_INTTYPES_H 1
| #define HAVE_UNISTD_H 1
| #define HAVE_STDLIB_H 1
| #define HAVE_LIMITS_H 1
| #define HAVE_STRING_H 1
| #define HAVE_MEMORY_H 1
| #define HAVE_LOCALE_H 1
| #define HAVE_TERMCAP_H 1
| #define HAVE_TERMIO_H 1
| #define HAVE_TERMIOS_H 1
| #define HAVE_DLFCN_H 1
| #define HAVE_STDDEF_H 1
| #define HAVE_STDINT_H 1
| #define HAVE_NETDB_H 1
| #define HAVE_PWD_H 1
| #define HAVE_GRP_H 1
| #define HAVE_STRINGS_H 1
| #define HAVE_REGEX_H 1
| #define HAVE_SYSLOG_H 1
| #define HAVE_ULIMIT_H 1
| #define HAVE_SYS_SELECT_H 1
| #define HAVE_SYS_FILE_H 1
| #define HAVE_SYS_IOCTL_H 1
| #define HAVE_SYS_MMAN_H 1
| #define HAVE_SYS_PARAM_H 1
| #define HAVE_SYS_RANDOM_H 1
| #define HAVE_SYS_SOCKET_H 1
| #define HAVE_SYS_STAT_H 1
| #define HAVE_SYS_TIME_H 1
| #define HAVE_SYS_TIMES_H 1
| #define HAVE_SYS_TYPES_H 1
| #define HAVE_SYS_WAIT_H 1
| #define HAVE_NETINET_IN_H 1
| #define HAVE_ARPA_INET_H 1
| #define HAVE_SYS_RESOURCE_H 1
| #define HAVE_ALLOCA_H 1
| #define HAVE_ALLOCA 1
| #define HAVE_CHOWN 1
| #define GETPGRP_VOID 1
| #define HAVE_STRCOLL 1
| #define HAVE_WAIT3 1
| #define HAVE_MKFIFO 1
| #define HAVE_DUP2 1
| #define HAVE_EACCESS 1
| #define HAVE_FCNTL 1
| #define HAVE_GETDTABLESIZE 1
| #define HAVE_GETENTROPY 1
| #define HAVE_GETGROUPS 1
| #define HAVE_GETHOSTNAME 1
| #define HAVE_GETPAGESIZE 1
| #define HAVE_GETPEERNAME 1
| #define HAVE_GETRANDOM 1
| #define HAVE_GETRLIMIT 1
| #define HAVE_GETRUSAGE 1
| #define HAVE_GETTIMEOFDAY 1
| #define HAVE_KILL 1
| #define HAVE_KILLPG 1
| #define HAVE_LSTAT 1
| #define HAVE_NANOSLEEP 1
| #define HAVE_PSELECT 1
| #define HAVE_READLINK 1
| #define HAVE_SELECT 1
| #define HAVE_SETITIMER 1
| #define HAVE_STATFS 1
| #define HAVE_TCGETPGRP 1
| #define HAVE_UNAME 1
| #define HAVE_ULIMIT 1
| #define HAVE_WAITPID 1
| #define HAVE_RENAME 1
| #define HAVE_BCOPY 1
| #define HAVE_BZERO 1
| #define HAVE_CLOCK_GETTIME 1
| #define HAVE_CONFSTR 1
| #define HAVE_FACCESSAT 1
| #define HAVE_FNMATCH 1
| #define HAVE_GETADDRINFO 1
| #define HAVE_GETHOSTBYNAME 1
| #define HAVE_GETSERVBYNAME 1
| #define HAVE_GETSERVENT 1
| #define HAVE_INET_ATON 1
| #define HAVE_IMAXDIV 1
| #define HAVE_MEMMOVE 1
| #define HAVE_PATHCONF 1
| #define HAVE_PUTENV 1
| #define HAVE_RAISE 1
| #define HAVE_RANDOM 1
| #define HAVE_REGCOMP 1
| #define HAVE_REGEXEC 1
| #define HAVE_SETENV 1
| #define HAVE_SETLINEBUF 1
| #define HAVE_SETLOCALE 1
| #define HAVE_SETVBUF 1
| #define HAVE_SIGINTERRUPT 1
| #define HAVE_STRCHR 1
| #define HAVE_SYSCONF 1
| #define HAVE_SYSLOG 1
| #define HAVE_TCGETATTR 1
| #define HAVE_TIMES 1
| #define HAVE_TTYNAME 1
| #define HAVE_TZSET 1
| #define HAVE_UNSETENV 1
| #define HAVE_VASPRINTF 1
| #define HAVE_ASPRINTF 1
| #define HAVE_ISASCII 1
| #define HAVE_ISBLANK 1
| #define HAVE_ISGRAPH 1
| #define HAVE_ISPRINT 1
| #define HAVE_ISSPACE 1
| #define HAVE_ISXDIGIT 1
| #define HAVE_GETPWENT 1
| #define HAVE_GETPWNAM 1
| #define HAVE_GETPWUID 1
| #define HAVE_MKSTEMP 1
| #define HAVE_MKDTEMP 1
| #define HAVE_ARC4RANDOM 1
| #define HAVE_STRLCAT 1
| #define HAVE_MEMFD_CREATE 1
| #define HAVE_SHM_OPEN 1
| #define HAVE_GETCWD 1
| #define HAVE_MEMSET 1
| #define HAVE_STRCASECMP 1
| #define HAVE_STRCASESTR 1
| #define HAVE_STRERROR 1
| #define HAVE_STRFTIME 1
| #define HAVE_STRNLEN 1
| #define HAVE_STRPBRK 1
| #define HAVE_STRSTR 1
| #define HAVE_STRTOD 1
| #define HAVE_STRTOL 1
| #define HAVE_STRTOUL 1
| #define HAVE_STRTOLL 1
| #define HAVE_STRTOULL 1
| #define HAVE_STRTOUMAX 1
| #define HAVE_DPRINTF 1
| #define HAVE_STRDUP 1
| #define HAVE_STRLCPY 1
| #define HAVE_REALLOCARRAY 1
| #define HAVE_DECL_AUDIT_USER_TTY 1
| #define HAVE_DECL_CONFSTR 1
| #define HAVE_DECL_PRINTF 1
| #define HAVE_DECL_BRK 1
| #define HAVE_DECL_SBRK 1
| #define HAVE_DECL_SETREGID 1
| #define HAVE_DECL_STRCPY 1
| #define HAVE_DECL_STRSIGNAL 1
| #define HAVE_SETRESUID 1
| #define HAVE_SETRESGID 1
| #define HAVE_DECL_STRTOLD 1
| #define HAVE_DECL_STRTOL 1
| #define HAVE_DECL_STRTOLL 1
| #define HAVE_DECL_STRTOUL 1
| #define HAVE_DECL_STRTOULL 1
| #define HAVE_DECL_STRTOUMAX 1
| #define HAVE_ARGZ_H 1
| #define HAVE_ERRNO_H 1
| #define HAVE_FCNTL_H 1
| #define HAVE_MALLOC_H 1
| #define HAVE_STDIO_EXT_H 1
| #define HAVE_MALLOC 1
| #define HAVE_MMAP 1
| #define HAVE___ARGZ_COUNT 1
| #define HAVE___ARGZ_NEXT 1
| #define HAVE___ARGZ_STRINGIFY 1
| #define HAVE_DCGETTEXT 1
| #define HAVE_MEMPCPY 1
| #define HAVE_MUNMAP 1
| #define HAVE_MREMAP 1
| #define HAVE_STPCPY 1
| #define HAVE_STRCSPN 1
| #define HAVE_WCTYPE_H 1
| #define HAVE_WCHAR_H 1
| #define HAVE_LANGINFO_H 1
| #define HAVE_MBRLEN 1
| #define HAVE_MBSNRTOWCS 1
| #define HAVE_MBSRTOWCS 1
| #define HAVE_WCRTOMB 1
| #define HAVE_WCSCOLL 1
| #define HAVE_WCSDUP 1
| #define HAVE_WCWIDTH 1
| #define HAVE_WCTYPE 1
| #define HAVE_WCSNRTOMBS 1
| #define HAVE_WCSWIDTH 1
| #define HAVE_MBRTOWC 1
| #define HAVE_MBSTATE_T 1
| #define HAVE_ISWLOWER 1
| #define HAVE_ISWUPPER 1
| #define HAVE_TOWLOWER 1
| #define HAVE_TOWUPPER 1
| #define HAVE_ISWCTYPE 1
| #define HAVE_WCHAR_T 1
| #define HAVE_WCTYPE_T 1
| #define HAVE_WINT_T 1
| #define SIZEOF_WCHAR_T 4
| #define HAVE_LIBDL 1
| #define HAVE_DLOPEN 1
| #define HAVE_DLCLOSE 1
| #define HAVE_DLSYM 1
| #define GETGROUPS_T gid_t
| #define HAVE_INTPTR_T 1
| #define HAVE_UINTPTR_T 1
| #define HAVE_LONG_LONG_INT 1
| #define HAVE_UNSIGNED_LONG_LONG_INT 1
| #define SIZEOF_CHAR 1
| #define SIZEOF_SHORT 2
| #define SIZEOF_INT 4
| #define SIZEOF_LONG 8
| #define SIZEOF_CHAR_P 8
| #define SIZEOF_SIZE_T 8
| #define SIZEOF_DOUBLE 8
| #define SIZEOF_LONG_LONG 8
| #define bits16_t short
| #define u_bits16_t unsigned short
| #define bits32_t int
| #define u_bits32_t unsigned int
| #define bits64_t char *
| #define HAVE_HASH_BANG_EXEC 1
| #define HAVE_POSIX_SIGNALS 1
| #define HAVE_SYS_ERRLIST 1
| #define HAVE_DECL_SYS_SIGLIST 0
| #define HAVE_SOCKLEN_T 1
| #define HAVE_QUAD_T 1
| #define RLIMTYPE rlim_t
| #define HAVE_INTMAX_T 1
| /* end confdefs.h.  */
| #include <stddef.h>
| #ifdef HAVE_STDIO_H
| # include <stdio.h>
| #endif
| #ifdef HAVE_STDLIB_H
| # include <stdlib.h>
| #endif
| #ifdef HAVE_STRING_H
| # include <string.h>
| #endif
| #ifdef HAVE_INTTYPES_H
| # include <inttypes.h>
| #endif
| #ifdef HAVE_STDINT_H
| # include <stdint.h>
| #endif
| #ifdef HAVE_STRINGS_H
| # include <strings.h>
| #endif
| #ifdef HAVE_SYS_TYPES_H
| # include <sys/types.h>
| #endif
| #ifdef HAVE_SYS_STAT_H
| # include <sys/stat.h>
| #endif
| #ifdef HAVE_UNISTD_H
| # include <unistd.h>
| #endif
| int
| main (void)
| {
| if (sizeof ((uintmax_t)))
| 	    return 0;
|   ;
|   return 0;
| }
configure:19441: result: yes
configure:19462: checking size of intmax_t
configure:19468: gcc -o conftest -g -O2   conftest.c -ldl  >&5
configure:19468: $? = 0
configure:19468: ./conftest
configure:19468: $? = 0
configure:19483: result: 8
configure:19493: checking for struct termios.c_line
configure:19493: gcc -c -g -O2  conftest.c >&5
configure:19493: $? = 0
configure:19493: result: yes
configure:19506: checking for struct termio.c_line
configure:19506: gcc -c -g -O2  conftest.c >&5
configure:19506: $? = 0
configure:19506: result: yes
configure:19520: checking for struct dirent.d_ino
configure:19520: gcc -c -g -O2  conftest.c >&5
configure:19520: $? = 0
configure:19520: result: yes
configure:19553: checking for struct dirent.d_fileno
configure:19553: gcc -c -g -O2  conftest.c >&5
configure:19553: $? = 0
configure:19553: result: yes
configure:19586: checking for struct dirent.d_namlen
configure:19586: gcc -c -g -O2  conftest.c >&5
conftest.c: In function 'main':
conftest.c:411:13: error: 'struct dirent' has no member named 'd_namlen'; did you mean 'd_name'?
  411 | if (ac_aggr.d_namlen)
      |             ^~~~~~~~
      |             d_name
configure:19586: $? = 1
configure: failed program was:
| /* confdefs.h */
| #define PACKAGE_NAME "bash"
| #define PACKAGE_TARNAME "bash"
| #define PACKAGE_VERSION "5.3-release"
| #define PACKAGE_STRING "bash 5.3-release"
| #define PACKAGE_BUGREPORT "bug-bash@gnu.org"
| #define PACKAGE_URL ""
| #define USING_BASH_MALLOC 1
| #define ALIAS 1
| #define PUSHD_AND_POPD 1
| #define RESTRICTED_SHELL 1
| #define PROCESS_SUBSTITUTION 1
| #define PROMPT_STRING_DECODE 1
| #define SELECT_COMMAND 1
| #define HELP_BUILTIN 1
| #define ARRAY_VARS 1
| #define DPAREN_ARITHMETIC 1
| #define BRACE_EXPANSION 1
| #define COMMAND_TIMING 1
| #define EXTENDED_GLOB 1
| #define EXTGLOB_DEFAULT 0
| #define COND_COMMAND 1
| #define COND_REGEXP 1
| #define COPROCESS_SUPPORT 1
| #define ARITH_FOR_COMMAND 1
| #define NETWORK_REDIRECTIONS 1
| #define PROGRAMMABLE_COMPLETION 1
| #define DEBUGGER 1
| #define CASEMOD_ATTRS 1
| #define CASEMOD_EXPANSIONS 1
| #define GLOBASCII_DEFAULT 1
| #define FUNCTION_IMPORT 1
| #define TRANSLATABLE_STRINGS 1
| #define BASH_SOURCE_FULLPATH_DEFAULT 0
| #define MEMSCRAMBLE 1
| #define HAVE_STDIO_H 1
| #define HAVE_STDLIB_H 1
| #define HAVE_STRING_H 1
| #define HAVE_INTTYPES_H 1
| #define HAVE_STDINT_H 1
| #define HAVE_STRINGS_H 1
| #define HAVE_SYS_STAT_H 1
| #define HAVE_SYS_TYPES_H 1
| #define HAVE_UNISTD_H 1
| #define HAVE_WCHAR_H 1
| #define HAVE_STDBOOL_H 1
| #define HAVE_SYS_PARAM_H 1
| #define HAVE_THREADS_H 1
| #define HAVE_SYS_TIME_H 1
| #define STDC_HEADERS 1
| #define _ALL_SOURCE 1
| #define _DARWIN_C_SOURCE 1
| #define _GNU_SOURCE 1
| #define _HPUX_ALT_XOPEN_SOCKET_API 1
| #define _NETBSD_SOURCE 1
| #define _OPENBSD_SOURCE 1
| #define _POSIX_PTHREAD_SEMANTICS 1
| #define __STDC_WANT_IEC_60559_ATTRIBS_EXT__ 1
| #define __STDC_WANT_IEC_60559_BFP_EXT__ 1
| #define __STDC_WANT_IEC_60559_DFP_EXT__ 1
| #define __STDC_WANT_IEC_60559_FUNCS_EXT__ 1
| #define __STDC_WANT_IEC_60559_TYPES_EXT__ 1
| #define __STDC_WANT_LIB_EXT2__ 1
| #define __STDC_WANT_MATH_SPEC_FUNCS__ 1
| #define _TANDEM_SOURCE 1
| #define __EXTENSIONS__ 1
| #define READLINE 1
| #define HISTORY 1
| #define BANG_HISTORY 1
| #define HAVE_STRINGIZE 1
| #define HAVE_LONG_DOUBLE 1
| #define restrict __restrict__
| #define HAVE_VISIBILITY 1
| #define HAVE_STDINT_H_WITH_UINTMAX 1
| #define HAVE_ALLOCA_H 1
| #define HAVE_ALLOCA 1
| #define HAVE_GETPAGESIZE 1
| #define HAVE_SYMLINK 1
| #define HAVE_USELOCALE 1
| #define HAVE_VPRINTF 1
| #define HAVE_ALARM 1
| #define HAVE___FPURGE 1
| #define HAVE_SNPRINTF 1
| #define HAVE_VSNPRINTF 1
| #define HAVE_MMAP 1
| #define INTDIV0_RAISES_SIGFPE 1
| #define HAVE_INTTYPES_H_WITH_UINTMAX 1
| #define HAVE_UNSIGNED_LONG_LONG_INT 1
| #define HAVE_UINTMAX_T 1
| #define HAVE_WEAK_SYMBOLS 1
| #define HAVE_PTHREAD_API 1
| #define USE_POSIX_THREADS 1
| #define USE_POSIX_THREADS_FROM_LIBC 1
| #define HAVE_PTHREAD_RWLOCK 1
| #define HAVE_PTHREAD_MUTEX_RECURSIVE 1
| #define HAVE_ICONV 1
| #define ICONV_CONST 
| #define HAVE_BUILTIN_EXPECT 1
| #define HAVE_INTTYPES_H 1
| #define HAVE_UNISTD_H 1
| #define HAVE_SYS_PARAM_H 1
| #define HAVE_GETCWD 1
| #define HAVE_GETEGID 1
| #define HAVE_GETEUID 1
| #define HAVE_GETGID 1
| #define HAVE_GETUID 1
| #define HAVE_MEMPCPY 1
| #define HAVE_MUNMAP 1
| #define HAVE_STPCPY 1
| #define HAVE_STRCASECMP 1
| #define HAVE_TSEARCH 1
| #define HAVE___FSETLOCKING 1
| #define HAVE_DECL_FEOF_UNLOCKED 1
| #define HAVE_DECL_FGETS_UNLOCKED 1
| #define HAVE_LOCALECONV 1
| #define HAVE_LONG_LONG_INT 1
| #define HAVE_WCHAR_T 1
| #define HAVE_WINT_T 1
| #define HAVE_INTMAX_T 1
| #define HAVE_POSIX_PRINTF 1
| #define HAVE_STDINT_H 1
| #define HAVE_STDINT_H 1
| #define HAVE_WORKING_O_NOATIME 0
| #define HAVE_WORKING_O_NOFOLLOW 0
| #define HAVE_WORKING_USELOCALE 1
| #define HAVE_GOOD_USELOCALE 1
| #define FLEXIBLE_ARRAY_MEMBER /**/
| #define HAVE_FEATURES_H 1
| #define HAVE_STDDEF_H 1
| #define HAVE_STDLIB_H 1
| #define HAVE_STRING_H 1
| #define HAVE_ASPRINTF 1
| #define HAVE_WPRINTF 1
| #define HAVE_NEWLOCALE 1
| #define HAVE_PUTENV 1
| #define HAVE_SETENV 1
| #define HAVE_SNPRINTF 1
| #define HAVE_STRNLEN 1
| #define HAVE_USELOCALE 1
| #define HAVE_WCSLEN 1
| #define HAVE_WCSNLEN 1
| #define HAVE_MBRTOWC 1
| #define HAVE_WCRTOMB 1
| #define HAVE_DECL__SNPRINTF 0
| #define HAVE_DECL__SNWPRINTF 0
| #define HAVE_DECL_GETC_UNLOCKED 1
| #define HAVE_NL_LANGINFO 1
| #define HAVE_LANGINFO_CODESET 1
| #define HAVE_LC_MESSAGES 1
| #define ENABLE_NLS 1
| #define HAVE_GETTEXT 1
| #define HAVE_DCGETTEXT 1
| #define HAVE_DIRENT_H 1
| #define MAJOR_IN_SYSMACROS 1
| #define HAVE_INTTYPES_H 1
| #define HAVE_UNISTD_H 1
| #define HAVE_STDLIB_H 1
| #define HAVE_LIMITS_H 1
| #define HAVE_STRING_H 1
| #define HAVE_MEMORY_H 1
| #define HAVE_LOCALE_H 1
| #define HAVE_TERMCAP_H 1
| #define HAVE_TERMIO_H 1
| #define HAVE_TERMIOS_H 1
| #define HAVE_DLFCN_H 1
| #define HAVE_STDDEF_H 1
| #define HAVE_STDINT_H 1
| #define HAVE_NETDB_H 1
| #define HAVE_PWD_H 1
| #define HAVE_GRP_H 1
| #define HAVE_STRINGS_H 1
| #define HAVE_REGEX_H 1
| #define HAVE_SYSLOG_H 1
| #define HAVE_ULIMIT_H 1
| #define HAVE_SYS_SELECT_H 1
| #define HAVE_SYS_FILE_H 1
| #define HAVE_SYS_IOCTL_H 1
| #define HAVE_SYS_MMAN_H 1
| #define HAVE_SYS_PARAM_H 1
| #define HAVE_SYS_RANDOM_H 1
| #define HAVE_SYS_SOCKET_H 1
| #define HAVE_SYS_STAT_H 1
| #define HAVE_SYS_TIME_H 1
| #define HAVE_SYS_TIMES_H 1
| #define HAVE_SYS_TYPES_H 1
| #define HAVE_SYS_WAIT_H 1
| #define HAVE_NETINET_IN_H 1
| #define HAVE_ARPA_INET_H 1
| #define HAVE_SYS_RESOURCE_H 1
| #define HAVE_ALLOCA_H 1
| #define HAVE_ALLOCA 1
| #define HAVE_CHOWN 1
| #define GETPGRP_VOID 1
| #define HAVE_STRCOLL 1
| #define HAVE_WAIT3 1
| #define HAVE_MKFIFO 1
| #define HAVE_DUP2 1
| #define HAVE_EACCESS 1
| #define HAVE_FCNTL 1
| #define HAVE_GETDTABLESIZE 1
| #define HAVE_GETENTROPY 1
| #define HAVE_GETGROUPS 1
| #define HAVE_GETHOSTNAME 1
| #define HAVE_GETPAGESIZE 1
| #define HAVE_GETPEERNAME 1
| #define HAVE_GETRANDOM 1
| #define HAVE_GETRLIMIT 1
| #define HAVE_GETRUSAGE 1
| #define HAVE_GETTIMEOFDAY 1
| #define HAVE_KILL 1
| #define HAVE_KILLPG 1
| #define HAVE_LSTAT 1
| #define HAVE_NANOSLEEP 1
| #define HAVE_PSELECT 1
| #define HAVE_READLINK 1
| #define HAVE_SELECT 1
| #define HAVE_SETITIMER 1
| #define HAVE_STATFS 1
| #define HAVE_TCGETPGRP 1
| #define HAVE_UNAME 1
| #define HAVE_ULIMIT 1
| #define HAVE_WAITPID 1
| #define HAVE_RENAME 1
| #define HAVE_BCOPY 1
| #define HAVE_BZERO 1
| #define HAVE_CLOCK_GETTIME 1
| #define HAVE_CONFSTR 1
| #define HAVE_FACCESSAT 1
| #define HAVE_FNMATCH 1
| #define HAVE_GETADDRINFO 1
| #define HAVE_GETHOSTBYNAME 1
| #define HAVE_GETSERVBYNAME 1
| #define HAVE_GETSERVENT 1
| #define HAVE_INET_ATON 1
| #define HAVE_IMAXDIV 1
| #define HAVE_MEMMOVE 1
| #define HAVE_PATHCONF 1
| #define HAVE_PUTENV 1
| #define HAVE_RAISE 1
| #define HAVE_RANDOM 1
| #define HAVE_REGCOMP 1
| #define HAVE_REGEXEC 1
| #define HAVE_SETENV 1
| #define HAVE_SETLINEBUF 1
| #define HAVE_SETLOCALE 1
| #define HAVE_SETVBUF 1
| #define HAVE_SIGINTERRUPT 1
| #define HAVE_STRCHR 1
| #define HAVE_SYSCONF 1
| #define HAVE_SYSLOG 1
| #define HAVE_TCGETATTR 1
| #define HAVE_TIMES 1
| #define HAVE_TTYNAME 1
| #define HAVE_TZSET 1
| #define HAVE_UNSETENV 1
| #define HAVE_VASPRINTF 1
| #define HAVE_ASPRINTF 1
| #define HAVE_ISASCII 1
| #define HAVE_ISBLANK 1
| #define HAVE_ISGRAPH 1
| #define HAVE_ISPRINT 1
| #define HAVE_ISSPACE 1
| #define HAVE_ISXDIGIT 1
| #define HAVE_GETPWENT 1
| #define HAVE_GETPWNAM 1
| #define HAVE_GETPWUID 1
| #define HAVE_MKSTEMP 1
| #define HAVE_MKDTEMP 1
| #define HAVE_ARC4RANDOM 1
| #define HAVE_STRLCAT 1
| #define HAVE_MEMFD_CREATE 1
| #define HAVE_SHM_OPEN 1
| #define HAVE_GETCWD 1
| #define HAVE_MEMSET 1
| #define HAVE_STRCASECMP 1
| #define HAVE_STRCASESTR 1
| #define HAVE_STRERROR 1
| #define HAVE_STRFTIME 1
| #define HAVE_STRNLEN 1
| #define HAVE_STRPBRK 1
| #define HAVE_STRSTR 1
| #define HAVE_STRTOD 1
| #define HAVE_STRTOL 1
| #define HAVE_STRTOUL 1
| #define HAVE_STRTOLL 1
| #define HAVE_STRTOULL 1
| #define HAVE_STRTOUMAX 1
| #define HAVE_DPRINTF 1
| #define HAVE_STRDUP 1
| #define HAVE_STRLCPY 1
| #define HAVE_REALLOCARRAY 1
| #define HAVE_DECL_AUDIT_USER_TTY 1
| #define HAVE_DECL_CONFSTR 1
| #define HAVE_DECL_PRINTF 1
| #define HAVE_DECL_BRK 1
| #define HAVE_DECL_SBRK 1
| #define HAVE_DECL_SETREGID 1
| #define HAVE_DECL_STRCPY 1
| #define HAVE_DECL_STRSIGNAL 1
| #define HAVE_SETRESUID 1
| #define HAVE_SETRESGID 1
| #define HAVE_DECL_STRTOLD 1
| #define HAVE_DECL_STRTOL 1
| #define HAVE_DECL_STRTOLL 1
| #define HAVE_DECL_STRTOUL 1
| #define HAVE_DECL_STRTOULL 1
| #define HAVE_DECL_STRTOUMAX 1
| #define HAVE_ARGZ_H 1
| #define HAVE_ERRNO_H 1
| #define HAVE_FCNTL_H 1
| #define HAVE_MALLOC_H 1
| #define HAVE_STDIO_EXT_H 1
| #define HAVE_MALLOC 1
| #define HAVE_MMAP 1
| #define HAVE___ARGZ_COUNT 1
| #define HAVE___ARGZ_NEXT 1
| #define HAVE___ARGZ_STRINGIFY 1
| #define HAVE_DCGETTEXT 1
| #define HAVE_MEMPCPY 1
| #define HAVE_MUNMAP 1
| #define HAVE_MREMAP 1
| #define HAVE_STPCPY 1
| #define HAVE_STRCSPN 1
| #define HAVE_WCTYPE_H 1
| #define HAVE_WCHAR_H 1
| #define HAVE_LANGINFO_H 1
| #define HAVE_MBRLEN 1
| #define HAVE_MBSNRTOWCS 1
| #define HAVE_MBSRTOWCS 1
| #define HAVE_WCRTOMB 1
| #define HAVE_WCSCOLL 1
| #define HAVE_WCSDUP 1
| #define HAVE_WCWIDTH 1
| #define HAVE_WCTYPE 1
| #define HAVE_WCSNRTOMBS 1
| #define HAVE_WCSWIDTH 1
| #define HAVE_MBRTOWC 1
| #define HAVE_MBSTATE_T 1
| #define HAVE_ISWLOWER 1
| #define HAVE_ISWUPPER 1
| #define HAVE_TOWLOWER 1
| #define HAVE_TOWUPPER 1
| #define HAVE_ISWCTYPE 1
| #define HAVE_WCHAR_T 1
| #define HAVE_WCTYPE_T 1
| #define HAVE_WINT_T 1
| #define SIZEOF_WCHAR_T 4
| #define HAVE_LIBDL 1
| #define HAVE_DLOPEN 1
| #define HAVE_DLCLOSE 1
| #define HAVE_DLSYM 1
| #define GETGROUPS_T gid_t
| #define HAVE_INTPTR_T 1
| #define HAVE_UINTPTR_T 1
| #define HAVE_LONG_LONG_INT 1
| #define HAVE_UNSIGNED_LONG_LONG_INT 1
| #define SIZEOF_CHAR 1
| #define SIZEOF_SHORT 2
| #define SIZEOF_INT 4
| #define SIZEOF_LONG 8
| #define SIZEOF_CHAR_P 8
| #define SIZEOF_SIZE_T 8
| #define SIZEOF_DOUBLE 8
| #define SIZEOF_LONG_LONG 8
| #define bits16_t short
| #define u_bits16_t unsigned short
| #define bits32_t int
| #define u_bits32_t unsigned int
| #define bits64_t char *
| #define HAVE_HASH_BANG_EXEC 1
| #define HAVE_POSIX_SIGNALS 1
| #define HAVE_SYS_ERRLIST 1
| #define HAVE_DECL_SYS_SIGLIST 0
| #define HAVE_SOCKLEN_T 1
| #define HAVE_QUAD_T 1
| #define RLIMTYPE rlim_t
| #define HAVE_INTMAX_T 1
| #define HAVE_UINTMAX_T 1
| #define SIZEOF_INTMAX_T 8
| #define TERMIOS_LDISC 1
| #define TERMIO_LDISC 1
| #define HAVE_STRUCT_DIRENT_D_INO 1
| #define HAVE_STRUCT_DIRENT_D_FILENO 1
| /* end confdefs.h.  */
| 
| #include <stdio.h>
| #include <sys/types.h>
| #ifdef HAVE_UNISTD_H
| # include <unistd.h>
| #endif /* HAVE_UNISTD_H */
| #if defined(HAVE_DIRENT_H)
| # include <dirent.h>
| #else
| # define dirent direct
| # ifdef HAVE_SYS_NDIR_H
| #  include <sys/ndir.h>
| # endif /* SYSNDIR */
| # ifdef HAVE_SYS_DIR_H
| #  include <sys/dir.h>
| # endif /* SYSDIR */
| # ifdef HAVE_NDIR_H
| #  include <ndir.h>
| # endif
| #endif /* HAVE_DIRENT_H */
| 
| 
| int
| main (void)
| {
| static struct dirent ac_aggr;
| if (ac_aggr.d_namlen)
| return 0;
|   ;
|   return 0;
| }
configure:19586: gcc -c -g -O2  conftest.c >&5
conftest.c: In function 'main':
conftest.c:411:20: error: 'struct dirent' has no member named 'd_namlen'; did you mean 'd_name'?
  411 | if (sizeof ac_aggr.d_namlen)
      |                    ^~~~~~~~
      |                    d_name
configure:19586: $? = 1
configure: failed program was:
| /* confdefs.h */
| #define PACKAGE_NAME "bash"
| #define PACKAGE_TARNAME "bash"
| #define PACKAGE_VERSION "5.3-release"
| #define PACKAGE_STRING "bash 5.3-release"
| #define PACKAGE_BUGREPORT "bug-bash@gnu.org"
| #define PACKAGE_URL ""
| #define USING_BASH_MALLOC 1
| #define ALIAS 1
| #define PUSHD_AND_POPD 1
| #define RESTRICTED_SHELL 1
| #define PROCESS_SUBSTITUTION 1
| #define PROMPT_STRING_DECODE 1
| #define SELECT_COMMAND 1
| #define HELP_BUILTIN 1
| #define ARRAY_VARS 1
| #define DPAREN_ARITHMETIC 1
| #define BRACE_EXPANSION 1
| #define COMMAND_TIMING 1
| #define EXTENDED_GLOB 1
| #define EXTGLOB_DEFAULT 0
| #define COND_COMMAND 1
| #define COND_REGEXP 1
| #define COPROCESS_SUPPORT 1
| #define ARITH_FOR_COMMAND 1
| #define NETWORK_REDIRECTIONS 1
| #define PROGRAMMABLE_COMPLETION 1
| #define DEBUGGER 1
| #define CASEMOD_ATTRS 1
| #define CASEMOD_EXPANSIONS 1
| #define GLOBASCII_DEFAULT 1
| #define FUNCTION_IMPORT 1
| #define TRANSLATABLE_STRINGS 1
| #define BASH_SOURCE_FULLPATH_DEFAULT 0
| #define MEMSCRAMBLE 1
| #define HAVE_STDIO_H 1
| #define HAVE_STDLIB_H 1
| #define HAVE_STRING_H 1
| #define HAVE_INTTYPES_H 1
| #define HAVE_STDINT_H 1
| #define HAVE_STRINGS_H 1
| #define HAVE_SYS_STAT_H 1
| #define HAVE_SYS_TYPES_H 1
| #define HAVE_UNISTD_H 1
| #define HAVE_WCHAR_H 1
| #define HAVE_STDBOOL_H 1
| #define HAVE_SYS_PARAM_H 1
| #define HAVE_THREADS_H 1
| #define HAVE_SYS_TIME_H 1
| #define STDC_HEADERS 1
| #define _ALL_SOURCE 1
| #define _DARWIN_C_SOURCE 1
| #define _GNU_SOURCE 1
| #define _HPUX_ALT_XOPEN_SOCKET_API 1
| #define _NETBSD_SOURCE 1
| #define _OPENBSD_SOURCE 1
| #define _POSIX_PTHREAD_SEMANTICS 1
| #define __STDC_WANT_IEC_60559_ATTRIBS_EXT__ 1
| #define __STDC_WANT_IEC_60559_BFP_EXT__ 1
| #define __STDC_WANT_IEC_60559_DFP_EXT__ 1
| #define __STDC_WANT_IEC_60559_FUNCS_EXT__ 1
| #define __STDC_WANT_IEC_60559_TYPES_EXT__ 1
| #define __STDC_WANT_LIB_EXT2__ 1
| #define __STDC_WANT_MATH_SPEC_FUNCS__ 1
| #define _TANDEM_SOURCE 1
| #define __EXTENSIONS__ 1
| #define READLINE 1
| #define HISTORY 1
| #define BANG_HISTORY 1
| #define HAVE_STRINGIZE 1
| #define HAVE_LONG_DOUBLE 1
| #define restrict __restrict__
| #define HAVE_VISIBILITY 1
| #define HAVE_STDINT_H_WITH_UINTMAX 1
| #define HAVE_ALLOCA_H 1
| #define HAVE_ALLOCA 1
| #define HAVE_GETPAGESIZE 1
| #define HAVE_SYMLINK 1
| #define HAVE_USELOCALE 1
| #define HAVE_VPRINTF 1
| #define HAVE_ALARM 1
| #define HAVE___FPURGE 1
| #define HAVE_SNPRINTF 1
| #define HAVE_VSNPRINTF 1
| #define HAVE_MMAP 1
| #define INTDIV0_RAISES_SIGFPE 1
| #define HAVE_INTTYPES_H_WITH_UINTMAX 1
| #define HAVE_UNSIGNED_LONG_LONG_INT 1
| #define HAVE_UINTMAX_T 1
| #define HAVE_WEAK_SYMBOLS 1
| #define HAVE_PTHREAD_API 1
| #define USE_POSIX_THREADS 1
| #define USE_POSIX_THREADS_FROM_LIBC 1
| #define HAVE_PTHREAD_RWLOCK 1
| #define HAVE_PTHREAD_MUTEX_RECURSIVE 1
| #define HAVE_ICONV 1
| #define ICONV_CONST 
| #define HAVE_BUILTIN_EXPECT 1
| #define HAVE_INTTYPES_H 1
| #define HAVE_UNISTD_H 1
| #define HAVE_SYS_PARAM_H 1
| #define HAVE_GETCWD 1
| #define HAVE_GETEGID 1
| #define HAVE_GETEUID 1
| #define HAVE_GETGID 1
| #define HAVE_GETUID 1
| #define HAVE_MEMPCPY 1
| #define HAVE_MUNMAP 1
| #define HAVE_STPCPY 1
| #define HAVE_STRCASECMP 1
| #define HAVE_TSEARCH 1
| #define HAVE___FSETLOCKING 1
| #define HAVE_DECL_FEOF_UNLOCKED 1
| #define HAVE_DECL_FGETS_UNLOCKED 1
| #define HAVE_LOCALECONV 1
| #define HAVE_LONG_LONG_INT 1
| #define HAVE_WCHAR_T 1
| #define HAVE_WINT_T 1
| #define HAVE_INTMAX_T 1
| #define HAVE_POSIX_PRINTF 1
| #define HAVE_STDINT_H 1
| #define HAVE_STDINT_H 1
| #define HAVE_WORKING_O_NOATIME 0
| #define HAVE_WORKING_O_NOFOLLOW 0
| #define HAVE_WORKING_USELOCALE 1
| #define HAVE_GOOD_USELOCALE 1
| #define FLEXIBLE_ARRAY_MEMBER /**/
| #define HAVE_FEATURES_H 1
| #define HAVE_STDDEF_H 1
| #define HAVE_STDLIB_H 1
| #define HAVE_STRING_H 1
| #define HAVE_ASPRINTF 1
| #define HAVE_WPRINTF 1
| #define HAVE_NEWLOCALE 1
| #define HAVE_PUTENV 1
| #define HAVE_SETENV 1
| #define HAVE_SNPRINTF 1
| #define HAVE_STRNLEN 1
| #define HAVE_USELOCALE 1
| #define HAVE_WCSLEN 1
| #define HAVE_WCSNLEN 1
| #define HAVE_MBRTOWC 1
| #define HAVE_WCRTOMB 1
| #define HAVE_DECL__SNPRINTF 0
| #define HAVE_DECL__SNWPRINTF 0
| #define HAVE_DECL_GETC_UNLOCKED 1
| #define HAVE_NL_LANGINFO 1
| #define HAVE_LANGINFO_CODESET 1
| #define HAVE_LC_MESSAGES 1
| #define ENABLE_NLS 1
| #define HAVE_GETTEXT 1
| #define HAVE_DCGETTEXT 1
| #define HAVE_DIRENT_H 1
| #define MAJOR_IN_SYSMACROS 1
| #define HAVE_INTTYPES_H 1
| #define HAVE_UNISTD_H 1
| #define HAVE_STDLIB_H 1
| #define HAVE_LIMITS_H 1
| #define HAVE_STRING_H 1
| #define HAVE_MEMORY_H 1
| #define HAVE_LOCALE_H 1
| #define HAVE_TERMCAP_H 1
| #define HAVE_TERMIO_H 1
| #define HAVE_TERMIOS_H 1
| #define HAVE_DLFCN_H 1
| #define HAVE_STDDEF_H 1
| #define HAVE_STDINT_H 1
| #define HAVE_NETDB_H 1
| #define HAVE_PWD_H 1
| #define HAVE_GRP_H 1
| #define HAVE_STRINGS_H 1
| #define HAVE_REGEX_H 1
| #define HAVE_SYSLOG_H 1
| #define HAVE_ULIMIT_H 1
| #define HAVE_SYS_SELECT_H 1
| #define HAVE_SYS_FILE_H 1
| #define HAVE_SYS_IOCTL_H 1
| #define HAVE_SYS_MMAN_H 1
| #define HAVE_SYS_PARAM_H 1
| #define HAVE_SYS_RANDOM_H 1
| #define HAVE_SYS_SOCKET_H 1
| #define HAVE_SYS_STAT_H 1
| #define HAVE_SYS_TIME_H 1
| #define HAVE_SYS_TIMES_H 1
| #define HAVE_SYS_TYPES_H 1
| #define HAVE_SYS_WAIT_H 1
| #define HAVE_NETINET_IN_H 1
| #define HAVE_ARPA_INET_H 1
| #define HAVE_SYS_RESOURCE_H 1
| #define HAVE_ALLOCA_H 1
| #define HAVE_ALLOCA 1
| #define HAVE_CHOWN 1
| #define GETPGRP_VOID 1
| #define HAVE_STRCOLL 1
| #define HAVE_WAIT3 1
| #define HAVE_MKFIFO 1
| #define HAVE_DUP2 1
| #define HAVE_EACCESS 1
| #define HAVE_FCNTL 1
| #define HAVE_GETDTABLESIZE 1
| #define HAVE_GETENTROPY 1
| #define HAVE_GETGROUPS 1
| #define HAVE_GETHOSTNAME 1
| #define HAVE_GETPAGESIZE 1
| #define HAVE_GETPEERNAME 1
| #define HAVE_GETRANDOM 1
| #define HAVE_GETRLIMIT 1
| #define HAVE_GETRUSAGE 1
| #define HAVE_GETTIMEOFDAY 1
| #define HAVE_KILL 1
| #define HAVE_KILLPG 1
| #define HAVE_LSTAT 1
| #define HAVE_NANOSLEEP 1
| #define HAVE_PSELECT 1
| #define HAVE_READLINK 1
| #define HAVE_SELECT 1
| #define HAVE_SETITIMER 1
| #define HAVE_STATFS 1
| #define HAVE_TCGETPGRP 1
| #define HAVE_UNAME 1
| #define HAVE_ULIMIT 1
| #define HAVE_WAITPID 1
| #define HAVE_RENAME 1
| #define HAVE_BCOPY 1
| #define HAVE_BZERO 1
| #define HAVE_CLOCK_GETTIME 1
| #define HAVE_CONFSTR 1
| #define HAVE_FACCESSAT 1
| #define HAVE_FNMATCH 1
| #define HAVE_GETADDRINFO 1
| #define HAVE_GETHOSTBYNAME 1
| #define HAVE_GETSERVBYNAME 1
| #define HAVE_GETSERVENT 1
| #define HAVE_INET_ATON 1
| #define HAVE_IMAXDIV 1
| #define HAVE_MEMMOVE 1
| #define HAVE_PATHCONF 1
| #define HAVE_PUTENV 1
| #define HAVE_RAISE 1
| #define HAVE_RANDOM 1
| #define HAVE_REGCOMP 1
| #define HAVE_REGEXEC 1
| #define HAVE_SETENV 1
| #define HAVE_SETLINEBUF 1
| #define HAVE_SETLOCALE 1
| #define HAVE_SETVBUF 1
| #define HAVE_SIGINTERRUPT 1
| #define HAVE_STRCHR 1
| #define HAVE_SYSCONF 1
| #define HAVE_SYSLOG 1
| #define HAVE_TCGETATTR 1
| #define HAVE_TIMES 1
| #define HAVE_TTYNAME 1
| #define HAVE_TZSET 1
| #define HAVE_UNSETENV 1
| #define HAVE_VASPRINTF 1
| #define HAVE_ASPRINTF 1
| #define HAVE_ISASCII 1
| #define HAVE_ISBLANK 1
| #define HAVE_ISGRAPH 1
| #define HAVE_ISPRINT 1
| #define HAVE_ISSPACE 1
| #define HAVE_ISXDIGIT 1
| #define HAVE_GETPWENT 1
| #define HAVE_GETPWNAM 1
| #define HAVE_GETPWUID 1
| #define HAVE_MKSTEMP 1
| #define HAVE_MKDTEMP 1
| #define HAVE_ARC4RANDOM 1
| #define HAVE_STRLCAT 1
| #define HAVE_MEMFD_CREATE 1
| #define HAVE_SHM_OPEN 1
| #define HAVE_GETCWD 1
| #define HAVE_MEMSET 1
| #define HAVE_STRCASECMP 1
| #define HAVE_STRCASESTR 1
| #define HAVE_STRERROR 1
| #define HAVE_STRFTIME 1
| #define HAVE_STRNLEN 1
| #define HAVE_STRPBRK 1
| #define HAVE_STRSTR 1
| #define HAVE_STRTOD 1
| #define HAVE_STRTOL 1
| #define HAVE_STRTOUL 1
| #define HAVE_STRTOLL 1
| #define HAVE_STRTOULL 1
| #define HAVE_STRTOUMAX 1
| #define HAVE_DPRINTF 1
| #define HAVE_STRDUP 1
| #define HAVE_STRLCPY 1
| #define HAVE_REALLOCARRAY 1
| #define HAVE_DECL_AUDIT_USER_TTY 1
| #define HAVE_DECL_CONFSTR 1
| #define HAVE_DECL_PRINTF 1
| #define HAVE_DECL_BRK 1
| #define HAVE_DECL_SBRK 1
| #define HAVE_DECL_SETREGID 1
| #define HAVE_DECL_STRCPY 1
| #define HAVE_DECL_STRSIGNAL 1
| #define HAVE_SETRESUID 1
| #define HAVE_SETRESGID 1
| #define HAVE_DECL_STRTOLD 1
| #define HAVE_DECL_STRTOL 1
| #define HAVE_DECL_STRTOLL 1
| #define HAVE_DECL_STRTOUL 1
| #define HAVE_DECL_STRTOULL 1
| #define HAVE_DECL_STRTOUMAX 1
| #define HAVE_ARGZ_H 1
| #define HAVE_ERRNO_H 1
| #define HAVE_FCNTL_H 1
| #define HAVE_MALLOC_H 1
| #define HAVE_STDIO_EXT_H 1
| #define HAVE_MALLOC 1
| #define HAVE_MMAP 1
| #define HAVE___ARGZ_COUNT 1
| #define HAVE___ARGZ_NEXT 1
| #define HAVE___ARGZ_STRINGIFY 1
| #define HAVE_DCGETTEXT 1
| #define HAVE_MEMPCPY 1
| #define HAVE_MUNMAP 1
| #define HAVE_MREMAP 1
| #define HAVE_STPCPY 1
| #define HAVE_STRCSPN 1
| #define HAVE_WCTYPE_H 1
| #define HAVE_WCHAR_H 1
| #define HAVE_LANGINFO_H 1
| #define HAVE_MBRLEN 1
| #define HAVE_MBSNRTOWCS 1
| #define HAVE_MBSRTOWCS 1
| #define HAVE_WCRTOMB 1
| #define HAVE_WCSCOLL 1
| #define HAVE_WCSDUP 1
| #define HAVE_WCWIDTH 1
| #define HAVE_WCTYPE 1
| #define HAVE_WCSNRTOMBS 1
| #define HAVE_WCSWIDTH 1
| #define HAVE_MBRTOWC 1
| #define HAVE_MBSTATE_T 1
| #define HAVE_ISWLOWER 1
| #define HAVE_ISWUPPER 1
| #define HAVE_TOWLOWER 1
| #define HAVE_TOWUPPER 1
| #define HAVE_ISWCTYPE 1
| #define HAVE_WCHAR_T 1
| #define HAVE_WCTYPE_T 1
| #define HAVE_WINT_T 1
| #define SIZEOF_WCHAR_T 4
| #define HAVE_LIBDL 1
| #define HAVE_DLOPEN 1
| #define HAVE_DLCLOSE 1
| #define HAVE_DLSYM 1
| #define GETGROUPS_T gid_t
| #define HAVE_INTPTR_T 1
| #define HAVE_UINTPTR_T 1
| #define HAVE_LONG_LONG_INT 1
| #define HAVE_UNSIGNED_LONG_LONG_INT 1
| #define SIZEOF_CHAR 1
| #define SIZEOF_SHORT 2
| #define SIZEOF_INT 4
| #define SIZEOF_LONG 8
| #define SIZEOF_CHAR_P 8
| #define SIZEOF_SIZE_T 8
| #define SIZEOF_DOUBLE 8
| #define SIZEOF_LONG_LONG 8
| #define bits16_t short
| #define u_bits16_t unsigned short
| #define bits32_t int
| #define u_bits32_t unsigned int
| #define bits64_t char *
| #define HAVE_HASH_BANG_EXEC 1
| #define HAVE_POSIX_SIGNALS 1
| #define HAVE_SYS_ERRLIST 1
| #define HAVE_DECL_SYS_SIGLIST 0
| #define HAVE_SOCKLEN_T 1
| #define HAVE_QUAD_T 1
| #define RLIMTYPE rlim_t
| #define HAVE_INTMAX_T 1
| #define HAVE_UINTMAX_T 1
| #define SIZEOF_INTMAX_T 8
| #define TERMIOS_LDISC 1
| #define TERMIO_LDISC 1
| #define HAVE_STRUCT_DIRENT_D_INO 1
| #define HAVE_STRUCT_DIRENT_D_FILENO 1
| /* end confdefs.h.  */
| 
| #include <stdio.h>
| #include <sys/types.h>
| #ifdef HAVE_UNISTD_H
| # include <unistd.h>
| #endif /* HAVE_UNISTD_H */
| #if defined(HAVE_DIRENT_H)
| # include <dirent.h>
| #else
| # define dirent direct
| # ifdef HAVE_SYS_NDIR_H
| #  include <sys/ndir.h>
| # endif /* SYSNDIR */
| # ifdef HAVE_SYS_DIR_H
| #  include <sys/dir.h>
| # endif /* SYSDIR */
| # ifdef HAVE_NDIR_H
| #  include <ndir.h>
| # endif
| #endif /* HAVE_DIRENT_H */
| 
| 
| int
| main (void)
| {
| static struct dirent ac_aggr;
| if (sizeof ac_aggr.d_namlen)
| return 0;
|   ;
|   return 0;
| }
configure:19586: result: no
configure:19617: checking for d_type member in directory struct
configure:19637: gcc -o conftest -g -O2   conftest.c -ldl  >&5
configure:19637: $? = 0
configure:19648: result: yes
configure:19657: checking for struct winsize in sys/ioctl.h and termios.h
configure:19685: gcc -c -g -O2  conftest.c >&5
configure:19685: $? = 0
configure:19717: gcc -c -g -O2  conftest.c >&5
conftest.c: In function 'main':
conftest.c:394:16: error: storage size of 'x' isn't known
  394 | struct winsize x;
      |                ^
configure:19717: $? = 1
configure: failed program was:
| /* confdefs.h */
| #define PACKAGE_NAME "bash"
| #define PACKAGE_TARNAME "bash"
| #define PACKAGE_VERSION "5.3-release"
| #define PACKAGE_STRING "bash 5.3-release"
| #define PACKAGE_BUGREPORT "bug-bash@gnu.org"
| #define PACKAGE_URL ""
| #define USING_BASH_MALLOC 1
| #define ALIAS 1
| #define PUSHD_AND_POPD 1
| #define RESTRICTED_SHELL 1
| #define PROCESS_SUBSTITUTION 1
| #define PROMPT_STRING_DECODE 1
| #define SELECT_COMMAND 1
| #define HELP_BUILTIN 1
| #define ARRAY_VARS 1
| #define DPAREN_ARITHMETIC 1
| #define BRACE_EXPANSION 1
| #define COMMAND_TIMING 1
| #define EXTENDED_GLOB 1
| #define EXTGLOB_DEFAULT 0
| #define COND_COMMAND 1
| #define COND_REGEXP 1
| #define COPROCESS_SUPPORT 1
| #define ARITH_FOR_COMMAND 1
| #define NETWORK_REDIRECTIONS 1
| #define PROGRAMMABLE_COMPLETION 1
| #define DEBUGGER 1
| #define CASEMOD_ATTRS 1
| #define CASEMOD_EXPANSIONS 1
| #define GLOBASCII_DEFAULT 1
| #define FUNCTION_IMPORT 1
| #define TRANSLATABLE_STRINGS 1
| #define BASH_SOURCE_FULLPATH_DEFAULT 0
| #define MEMSCRAMBLE 1
| #define HAVE_STDIO_H 1
| #define HAVE_STDLIB_H 1
| #define HAVE_STRING_H 1
| #define HAVE_INTTYPES_H 1
| #define HAVE_STDINT_H 1
| #define HAVE_STRINGS_H 1
| #define HAVE_SYS_STAT_H 1
| #define HAVE_SYS_TYPES_H 1
| #define HAVE_UNISTD_H 1
| #define HAVE_WCHAR_H 1
| #define HAVE_STDBOOL_H 1
| #define HAVE_SYS_PARAM_H 1
| #define HAVE_THREADS_H 1
| #define HAVE_SYS_TIME_H 1
| #define STDC_HEADERS 1
| #define _ALL_SOURCE 1
| #define _DARWIN_C_SOURCE 1
| #define _GNU_SOURCE 1
| #define _HPUX_ALT_XOPEN_SOCKET_API 1
| #define _NETBSD_SOURCE 1
| #define _OPENBSD_SOURCE 1
| #define _POSIX_PTHREAD_SEMANTICS 1
| #define __STDC_WANT_IEC_60559_ATTRIBS_EXT__ 1
| #define __STDC_WANT_IEC_60559_BFP_EXT__ 1
| #define __STDC_WANT_IEC_60559_DFP_EXT__ 1
| #define __STDC_WANT_IEC_60559_FUNCS_EXT__ 1
| #define __STDC_WANT_IEC_60559_TYPES_EXT__ 1
| #define __STDC_WANT_LIB_EXT2__ 1
| #define __STDC_WANT_MATH_SPEC_FUNCS__ 1
| #define _TANDEM_SOURCE 1
| #define __EXTENSIONS__ 1
| #define READLINE 1
| #define HISTORY 1
| #define BANG_HISTORY 1
| #define HAVE_STRINGIZE 1
| #define HAVE_LONG_DOUBLE 1
| #define restrict __restrict__
| #define HAVE_VISIBILITY 1
| #define HAVE_STDINT_H_WITH_UINTMAX 1
| #define HAVE_ALLOCA_H 1
| #define HAVE_ALLOCA 1
| #define HAVE_GETPAGESIZE 1
| #define HAVE_SYMLINK 1
| #define HAVE_USELOCALE 1
| #define HAVE_VPRINTF 1
| #define HAVE_ALARM 1
| #define HAVE___FPURGE 1
| #define HAVE_SNPRINTF 1
| #define HAVE_VSNPRINTF 1
| #define HAVE_MMAP 1
| #define INTDIV0_RAISES_SIGFPE 1
| #define HAVE_INTTYPES_H_WITH_UINTMAX 1
| #define HAVE_UNSIGNED_LONG_LONG_INT 1
| #define HAVE_UINTMAX_T 1
| #define HAVE_WEAK_SYMBOLS 1
| #define HAVE_PTHREAD_API 1
| #define USE_POSIX_THREADS 1
| #define USE_POSIX_THREADS_FROM_LIBC 1
| #define HAVE_PTHREAD_RWLOCK 1
| #define HAVE_PTHREAD_MUTEX_RECURSIVE 1
| #define HAVE_ICONV 1
| #define ICONV_CONST 
| #define HAVE_BUILTIN_EXPECT 1
| #define HAVE_INTTYPES_H 1
| #define HAVE_UNISTD_H 1
| #define HAVE_SYS_PARAM_H 1
| #define HAVE_GETCWD 1
| #define HAVE_GETEGID 1
| #define HAVE_GETEUID 1
| #define HAVE_GETGID 1
| #define HAVE_GETUID 1
| #define HAVE_MEMPCPY 1
| #define HAVE_MUNMAP 1
| #define HAVE_STPCPY 1
| #define HAVE_STRCASECMP 1
| #define HAVE_TSEARCH 1
| #define HAVE___FSETLOCKING 1
| #define HAVE_DECL_FEOF_UNLOCKED 1
| #define HAVE_DECL_FGETS_UNLOCKED 1
| #define HAVE_LOCALECONV 1
| #define HAVE_LONG_LONG_INT 1
| #define HAVE_WCHAR_T 1
| #define HAVE_WINT_T 1
| #define HAVE_INTMAX_T 1
| #define HAVE_POSIX_PRINTF 1
| #define HAVE_STDINT_H 1
| #define HAVE_STDINT_H 1
| #define HAVE_WORKING_O_NOATIME 0
| #define HAVE_WORKING_O_NOFOLLOW 0
| #define HAVE_WORKING_USELOCALE 1
| #define HAVE_GOOD_USELOCALE 1
| #define FLEXIBLE_ARRAY_MEMBER /**/
| #define HAVE_FEATURES_H 1
| #define HAVE_STDDEF_H 1
| #define HAVE_STDLIB_H 1
| #define HAVE_STRING_H 1
| #define HAVE_ASPRINTF 1
| #define HAVE_WPRINTF 1
| #define HAVE_NEWLOCALE 1
| #define HAVE_PUTENV 1
| #define HAVE_SETENV 1
| #define HAVE_SNPRINTF 1
| #define HAVE_STRNLEN 1
| #define HAVE_USELOCALE 1
| #define HAVE_WCSLEN 1
| #define HAVE_WCSNLEN 1
| #define HAVE_MBRTOWC 1
| #define HAVE_WCRTOMB 1
| #define HAVE_DECL__SNPRINTF 0
| #define HAVE_DECL__SNWPRINTF 0
| #define HAVE_DECL_GETC_UNLOCKED 1
| #define HAVE_NL_LANGINFO 1
| #define HAVE_LANGINFO_CODESET 1
| #define HAVE_LC_MESSAGES 1
| #define ENABLE_NLS 1
| #define HAVE_GETTEXT 1
| #define HAVE_DCGETTEXT 1
| #define HAVE_DIRENT_H 1
| #define MAJOR_IN_SYSMACROS 1
| #define HAVE_INTTYPES_H 1
| #define HAVE_UNISTD_H 1
| #define HAVE_STDLIB_H 1
| #define HAVE_LIMITS_H 1
| #define HAVE_STRING_H 1
| #define HAVE_MEMORY_H 1
| #define HAVE_LOCALE_H 1
| #define HAVE_TERMCAP_H 1
| #define HAVE_TERMIO_H 1
| #define HAVE_TERMIOS_H 1
| #define HAVE_DLFCN_H 1
| #define HAVE_STDDEF_H 1
| #define HAVE_STDINT_H 1
| #define HAVE_NETDB_H 1
| #define HAVE_PWD_H 1
| #define HAVE_GRP_H 1
| #define HAVE_STRINGS_H 1
| #define HAVE_REGEX_H 1
| #define HAVE_SYSLOG_H 1
| #define HAVE_ULIMIT_H 1
| #define HAVE_SYS_SELECT_H 1
| #define HAVE_SYS_FILE_H 1
| #define HAVE_SYS_IOCTL_H 1
| #define HAVE_SYS_MMAN_H 1
| #define HAVE_SYS_PARAM_H 1
| #define HAVE_SYS_RANDOM_H 1
| #define HAVE_SYS_SOCKET_H 1
| #define HAVE_SYS_STAT_H 1
| #define HAVE_SYS_TIME_H 1
| #define HAVE_SYS_TIMES_H 1
| #define HAVE_SYS_TYPES_H 1
| #define HAVE_SYS_WAIT_H 1
| #define HAVE_NETINET_IN_H 1
| #define HAVE_ARPA_INET_H 1
| #define HAVE_SYS_RESOURCE_H 1
| #define HAVE_ALLOCA_H 1
| #define HAVE_ALLOCA 1
| #define HAVE_CHOWN 1
| #define GETPGRP_VOID 1
| #define HAVE_STRCOLL 1
| #define HAVE_WAIT3 1
| #define HAVE_MKFIFO 1
| #define HAVE_DUP2 1
| #define HAVE_EACCESS 1
| #define HAVE_FCNTL 1
| #define HAVE_GETDTABLESIZE 1
| #define HAVE_GETENTROPY 1
| #define HAVE_GETGROUPS 1
| #define HAVE_GETHOSTNAME 1
| #define HAVE_GETPAGESIZE 1
| #define HAVE_GETPEERNAME 1
| #define HAVE_GETRANDOM 1
| #define HAVE_GETRLIMIT 1
| #define HAVE_GETRUSAGE 1
| #define HAVE_GETTIMEOFDAY 1
| #define HAVE_KILL 1
| #define HAVE_KILLPG 1
| #define HAVE_LSTAT 1
| #define HAVE_NANOSLEEP 1
| #define HAVE_PSELECT 1
| #define HAVE_READLINK 1
| #define HAVE_SELECT 1
| #define HAVE_SETITIMER 1
| #define HAVE_STATFS 1
| #define HAVE_TCGETPGRP 1
| #define HAVE_UNAME 1
| #define HAVE_ULIMIT 1
| #define HAVE_WAITPID 1
| #define HAVE_RENAME 1
| #define HAVE_BCOPY 1
| #define HAVE_BZERO 1
| #define HAVE_CLOCK_GETTIME 1
| #define HAVE_CONFSTR 1
| #define HAVE_FACCESSAT 1
| #define HAVE_FNMATCH 1
| #define HAVE_GETADDRINFO 1
| #define HAVE_GETHOSTBYNAME 1
| #define HAVE_GETSERVBYNAME 1
| #define HAVE_GETSERVENT 1
| #define HAVE_INET_ATON 1
| #define HAVE_IMAXDIV 1
| #define HAVE_MEMMOVE 1
| #define HAVE_PATHCONF 1
| #define HAVE_PUTENV 1
| #define HAVE_RAISE 1
| #define HAVE_RANDOM 1
| #define HAVE_REGCOMP 1
| #define HAVE_REGEXEC 1
| #define HAVE_SETENV 1
| #define HAVE_SETLINEBUF 1
| #define HAVE_SETLOCALE 1
| #define HAVE_SETVBUF 1
| #define HAVE_SIGINTERRUPT 1
| #define HAVE_STRCHR 1
| #define HAVE_SYSCONF 1
| #define HAVE_SYSLOG 1
| #define HAVE_TCGETATTR 1
| #define HAVE_TIMES 1
| #define HAVE_TTYNAME 1
| #define HAVE_TZSET 1
| #define HAVE_UNSETENV 1
| #define HAVE_VASPRINTF 1
| #define HAVE_ASPRINTF 1
| #define HAVE_ISASCII 1
| #define HAVE_ISBLANK 1
| #define HAVE_ISGRAPH 1
| #define HAVE_ISPRINT 1
| #define HAVE_ISSPACE 1
| #define HAVE_ISXDIGIT 1
| #define HAVE_GETPWENT 1
| #define HAVE_GETPWNAM 1
| #define HAVE_GETPWUID 1
| #define HAVE_MKSTEMP 1
| #define HAVE_MKDTEMP 1
| #define HAVE_ARC4RANDOM 1
| #define HAVE_STRLCAT 1
| #define HAVE_MEMFD_CREATE 1
| #define HAVE_SHM_OPEN 1
| #define HAVE_GETCWD 1
| #define HAVE_MEMSET 1
| #define HAVE_STRCASECMP 1
| #define HAVE_STRCASESTR 1
| #define HAVE_STRERROR 1
| #define HAVE_STRFTIME 1
| #define HAVE_STRNLEN 1
| #define HAVE_STRPBRK 1
| #define HAVE_STRSTR 1
| #define HAVE_STRTOD 1
| #define HAVE_STRTOL 1
| #define HAVE_STRTOUL 1
| #define HAVE_STRTOLL 1
| #define HAVE_STRTOULL 1
| #define HAVE_STRTOUMAX 1
| #define HAVE_DPRINTF 1
| #define HAVE_STRDUP 1
| #define HAVE_STRLCPY 1
| #define HAVE_REALLOCARRAY 1
| #define HAVE_DECL_AUDIT_USER_TTY 1
| #define HAVE_DECL_CONFSTR 1
| #define HAVE_DECL_PRINTF 1
| #define HAVE_DECL_BRK 1
| #define HAVE_DECL_SBRK 1
| #define HAVE_DECL_SETREGID 1
| #define HAVE_DECL_STRCPY 1
| #define HAVE_DECL_STRSIGNAL 1
| #define HAVE_SETRESUID 1
| #define HAVE_SETRESGID 1
| #define HAVE_DECL_STRTOLD 1
| #define HAVE_DECL_STRTOL 1
| #define HAVE_DECL_STRTOLL 1
| #define HAVE_DECL_STRTOUL 1
| #define HAVE_DECL_STRTOULL 1
| #define HAVE_DECL_STRTOUMAX 1
| #define HAVE_ARGZ_H 1
| #define HAVE_ERRNO_H 1
| #define HAVE_FCNTL_H 1
| #define HAVE_MALLOC_H 1
| #define HAVE_STDIO_EXT_H 1
| #define HAVE_MALLOC 1
| #define HAVE_MMAP 1
| #define HAVE___ARGZ_COUNT 1
| #define HAVE___ARGZ_NEXT 1
| #define HAVE___ARGZ_STRINGIFY 1
| #define HAVE_DCGETTEXT 1
| #define HAVE_MEMPCPY 1
| #define HAVE_MUNMAP 1
| #define HAVE_MREMAP 1
| #define HAVE_STPCPY 1
| #define HAVE_STRCSPN 1
| #define HAVE_WCTYPE_H 1
| #define HAVE_WCHAR_H 1
| #define HAVE_LANGINFO_H 1
| #define HAVE_MBRLEN 1
| #define HAVE_MBSNRTOWCS 1
| #define HAVE_MBSRTOWCS 1
| #define HAVE_WCRTOMB 1
| #define HAVE_WCSCOLL 1
| #define HAVE_WCSDUP 1
| #define HAVE_WCWIDTH 1
| #define HAVE_WCTYPE 1
| #define HAVE_WCSNRTOMBS 1
| #define HAVE_WCSWIDTH 1
| #define HAVE_MBRTOWC 1
| #define HAVE_MBSTATE_T 1
| #define HAVE_ISWLOWER 1
| #define HAVE_ISWUPPER 1
| #define HAVE_TOWLOWER 1
| #define HAVE_TOWUPPER 1
| #define HAVE_ISWCTYPE 1
| #define HAVE_WCHAR_T 1
| #define HAVE_WCTYPE_T 1
| #define HAVE_WINT_T 1
| #define SIZEOF_WCHAR_T 4
| #define HAVE_LIBDL 1
| #define HAVE_DLOPEN 1
| #define HAVE_DLCLOSE 1
| #define HAVE_DLSYM 1
| #define GETGROUPS_T gid_t
| #define HAVE_INTPTR_T 1
| #define HAVE_UINTPTR_T 1
| #define HAVE_LONG_LONG_INT 1
| #define HAVE_UNSIGNED_LONG_LONG_INT 1
| #define SIZEOF_CHAR 1
| #define SIZEOF_SHORT 2
| #define SIZEOF_INT 4
| #define SIZEOF_LONG 8
| #define SIZEOF_CHAR_P 8
| #define SIZEOF_SIZE_T 8
| #define SIZEOF_DOUBLE 8
| #define SIZEOF_LONG_LONG 8
| #define bits16_t short
| #define u_bits16_t unsigned short
| #define bits32_t int
| #define u_bits32_t unsigned int
| #define bits64_t char *
| #define HAVE_HASH_BANG_EXEC 1
| #define HAVE_POSIX_SIGNALS 1
| #define HAVE_SYS_ERRLIST 1
| #define HAVE_DECL_SYS_SIGLIST 0
| #define HAVE_SOCKLEN_T 1
| #define HAVE_QUAD_T 1
| #define RLIMTYPE rlim_t
| #define HAVE_INTMAX_T 1
| #define HAVE_UINTMAX_T 1
| #define SIZEOF_INTMAX_T 8
| #define TERMIOS_LDISC 1
| #define TERMIO_LDISC 1
| #define HAVE_STRUCT_DIRENT_D_INO 1
| #define HAVE_STRUCT_DIRENT_D_FILENO 1
| #define HAVE_STRUCT_DIRENT_D_TYPE 1
| /* end confdefs.h.  */
| 
| #include <sys/types.h>
| #include <sys/termios.h>
| 
| int
| main (void)
| {
| 
| struct winsize x;
| if (sizeof (x) > 0) return (0);
| 
|   ;
|   return 0;
| }
configure:19740: result: sys/ioctl.h
configure:19754: checking for struct timeval in sys/time.h and time.h
configure:19776: gcc -c -g -O2  conftest.c >&5
configure:19776: $? = 0
configure:19786: result: yes
configure:19793: checking for struct stat.st_blocks
configure:19793: gcc -c -g -O2  conftest.c >&5
configure:19793: $? = 0
configure:19793: result: yes
configure:19802: checking whether struct tm is in sys/time.h or time.h
configure:19823: gcc -c -g -O2  conftest.c >&5
configure:19823: $? = 0
configure:19831: result: time.h
configure:19839: checking for struct tm.tm_zone
configure:19839: gcc -c -g -O2  conftest.c >&5
configure:19839: $? = 0
configure:19839: result: yes
configure:19905: checking for struct timezone in sys/time.h and time.h
configure:19942: result: yes
configure:19950: checking for offset of exit status in return status from wait
configure:19999: gcc -o conftest -g -O2   conftest.c -ldl  >&5
configure:19999: $? = 0
configure:19999: ./conftest
configure:19999: $? = 8
configure: program exited with status 8
configure: failed program was:
| /* confdefs.h */
| #define PACKAGE_NAME "bash"
| #define PACKAGE_TARNAME "bash"
| #define PACKAGE_VERSION "5.3-release"
| #define PACKAGE_STRING "bash 5.3-release"
| #define PACKAGE_BUGREPORT "bug-bash@gnu.org"
| #define PACKAGE_URL ""
| #define USING_BASH_MALLOC 1
| #define ALIAS 1
| #define PUSHD_AND_POPD 1
| #define RESTRICTED_SHELL 1
| #define PROCESS_SUBSTITUTION 1
| #define PROMPT_STRING_DECODE 1
| #define SELECT_COMMAND 1
| #define HELP_BUILTIN 1
| #define ARRAY_VARS 1
| #define DPAREN_ARITHMETIC 1
| #define BRACE_EXPANSION 1
| #define COMMAND_TIMING 1
| #define EXTENDED_GLOB 1
| #define EXTGLOB_DEFAULT 0
| #define COND_COMMAND 1
| #define COND_REGEXP 1
| #define COPROCESS_SUPPORT 1
| #define ARITH_FOR_COMMAND 1
| #define NETWORK_REDIRECTIONS 1
| #define PROGRAMMABLE_COMPLETION 1
| #define DEBUGGER 1
| #define CASEMOD_ATTRS 1
| #define CASEMOD_EXPANSIONS 1
| #define GLOBASCII_DEFAULT 1
| #define FUNCTION_IMPORT 1
| #define TRANSLATABLE_STRINGS 1
| #define BASH_SOURCE_FULLPATH_DEFAULT 0
| #define MEMSCRAMBLE 1
| #define HAVE_STDIO_H 1
| #define HAVE_STDLIB_H 1
| #define HAVE_STRING_H 1
| #define HAVE_INTTYPES_H 1
| #define HAVE_STDINT_H 1
| #define HAVE_STRINGS_H 1
| #define HAVE_SYS_STAT_H 1
| #define HAVE_SYS_TYPES_H 1
| #define HAVE_UNISTD_H 1
| #define HAVE_WCHAR_H 1
| #define HAVE_STDBOOL_H 1
| #define HAVE_SYS_PARAM_H 1
| #define HAVE_THREADS_H 1
| #define HAVE_SYS_TIME_H 1
| #define STDC_HEADERS 1
| #define _ALL_SOURCE 1
| #define _DARWIN_C_SOURCE 1
| #define _GNU_SOURCE 1
| #define _HPUX_ALT_XOPEN_SOCKET_API 1
| #define _NETBSD_SOURCE 1
| #define _OPENBSD_SOURCE 1
| #define _POSIX_PTHREAD_SEMANTICS 1
| #define __STDC_WANT_IEC_60559_ATTRIBS_EXT__ 1
| #define __STDC_WANT_IEC_60559_BFP_EXT__ 1
| #define __STDC_WANT_IEC_60559_DFP_EXT__ 1
| #define __STDC_WANT_IEC_60559_FUNCS_EXT__ 1
| #define __STDC_WANT_IEC_60559_TYPES_EXT__ 1
| #define __STDC_WANT_LIB_EXT2__ 1
| #define __STDC_WANT_MATH_SPEC_FUNCS__ 1
| #define _TANDEM_SOURCE 1
| #define __EXTENSIONS__ 1
| #define READLINE 1
| #define HISTORY 1
| #define BANG_HISTORY 1
| #define HAVE_STRINGIZE 1
| #define HAVE_LONG_DOUBLE 1
| #define restrict __restrict__
| #define HAVE_VISIBILITY 1
| #define HAVE_STDINT_H_WITH_UINTMAX 1
| #define HAVE_ALLOCA_H 1
| #define HAVE_ALLOCA 1
| #define HAVE_GETPAGESIZE 1
| #define HAVE_SYMLINK 1
| #define HAVE_USELOCALE 1
| #define HAVE_VPRINTF 1
| #define HAVE_ALARM 1
| #define HAVE___FPURGE 1
| #define HAVE_SNPRINTF 1
| #define HAVE_VSNPRINTF 1
| #define HAVE_MMAP 1
| #define INTDIV0_RAISES_SIGFPE 1
| #define HAVE_INTTYPES_H_WITH_UINTMAX 1
| #define HAVE_UNSIGNED_LONG_LONG_INT 1
| #define HAVE_UINTMAX_T 1
| #define HAVE_WEAK_SYMBOLS 1
| #define HAVE_PTHREAD_API 1
| #define USE_POSIX_THREADS 1
| #define USE_POSIX_THREADS_FROM_LIBC 1
| #define HAVE_PTHREAD_RWLOCK 1
| #define HAVE_PTHREAD_MUTEX_RECURSIVE 1
| #define HAVE_ICONV 1
| #define ICONV_CONST 
| #define HAVE_BUILTIN_EXPECT 1
| #define HAVE_INTTYPES_H 1
| #define HAVE_UNISTD_H 1
| #define HAVE_SYS_PARAM_H 1
| #define HAVE_GETCWD 1
| #define HAVE_GETEGID 1
| #define HAVE_GETEUID 1
| #define HAVE_GETGID 1
| #define HAVE_GETUID 1
| #define HAVE_MEMPCPY 1
| #define HAVE_MUNMAP 1
| #define HAVE_STPCPY 1
| #define HAVE_STRCASECMP 1
| #define HAVE_TSEARCH 1
| #define HAVE___FSETLOCKING 1
| #define HAVE_DECL_FEOF_UNLOCKED 1
| #define HAVE_DECL_FGETS_UNLOCKED 1
| #define HAVE_LOCALECONV 1
| #define HAVE_LONG_LONG_INT 1
| #define HAVE_WCHAR_T 1
| #define HAVE_WINT_T 1
| #define HAVE_INTMAX_T 1
| #define HAVE_POSIX_PRINTF 1
| #define HAVE_STDINT_H 1
| #define HAVE_STDINT_H 1
| #define HAVE_WORKING_O_NOATIME 0
| #define HAVE_WORKING_O_NOFOLLOW 0
| #define HAVE_WORKING_USELOCALE 1
| #define HAVE_GOOD_USELOCALE 1
| #define FLEXIBLE_ARRAY_MEMBER /**/
| #define HAVE_FEATURES_H 1
| #define HAVE_STDDEF_H 1
| #define HAVE_STDLIB_H 1
| #define HAVE_STRING_H 1
| #define HAVE_ASPRINTF 1
| #define HAVE_WPRINTF 1
| #define HAVE_NEWLOCALE 1
| #define HAVE_PUTENV 1
| #define HAVE_SETENV 1
| #define HAVE_SNPRINTF 1
| #define HAVE_STRNLEN 1
| #define HAVE_USELOCALE 1
| #define HAVE_WCSLEN 1
| #define HAVE_WCSNLEN 1
| #define HAVE_MBRTOWC 1
| #define HAVE_WCRTOMB 1
| #define HAVE_DECL__SNPRINTF 0
| #define HAVE_DECL__SNWPRINTF 0
| #define HAVE_DECL_GETC_UNLOCKED 1
| #define HAVE_NL_LANGINFO 1
| #define HAVE_LANGINFO_CODESET 1
| #define HAVE_LC_MESSAGES 1
| #define ENABLE_NLS 1
| #define HAVE_GETTEXT 1
| #define HAVE_DCGETTEXT 1
| #define HAVE_DIRENT_H 1
| #define MAJOR_IN_SYSMACROS 1
| #define HAVE_INTTYPES_H 1
| #define HAVE_UNISTD_H 1
| #define HAVE_STDLIB_H 1
| #define HAVE_LIMITS_H 1
| #define HAVE_STRING_H 1
| #define HAVE_MEMORY_H 1
| #define HAVE_LOCALE_H 1
| #define HAVE_TERMCAP_H 1
| #define HAVE_TERMIO_H 1
| #define HAVE_TERMIOS_H 1
| #define HAVE_DLFCN_H 1
| #define HAVE_STDDEF_H 1
| #define HAVE_STDINT_H 1
| #define HAVE_NETDB_H 1
| #define HAVE_PWD_H 1
| #define HAVE_GRP_H 1
| #define HAVE_STRINGS_H 1
| #define HAVE_REGEX_H 1
| #define HAVE_SYSLOG_H 1
| #define HAVE_ULIMIT_H 1
| #define HAVE_SYS_SELECT_H 1
| #define HAVE_SYS_FILE_H 1
| #define HAVE_SYS_IOCTL_H 1
| #define HAVE_SYS_MMAN_H 1
| #define HAVE_SYS_PARAM_H 1
| #define HAVE_SYS_RANDOM_H 1
| #define HAVE_SYS_SOCKET_H 1
| #define HAVE_SYS_STAT_H 1
| #define HAVE_SYS_TIME_H 1
| #define HAVE_SYS_TIMES_H 1
| #define HAVE_SYS_TYPES_H 1
| #define HAVE_SYS_WAIT_H 1
| #define HAVE_NETINET_IN_H 1
| #define HAVE_ARPA_INET_H 1
| #define HAVE_SYS_RESOURCE_H 1
| #define HAVE_ALLOCA_H 1
| #define HAVE_ALLOCA 1
| #define HAVE_CHOWN 1
| #define GETPGRP_VOID 1
| #define HAVE_STRCOLL 1
| #define HAVE_WAIT3 1
| #define HAVE_MKFIFO 1
| #define HAVE_DUP2 1
| #define HAVE_EACCESS 1
| #define HAVE_FCNTL 1
| #define HAVE_GETDTABLESIZE 1
| #define HAVE_GETENTROPY 1
| #define HAVE_GETGROUPS 1
| #define HAVE_GETHOSTNAME 1
| #define HAVE_GETPAGESIZE 1
| #define HAVE_GETPEERNAME 1
| #define HAVE_GETRANDOM 1
| #define HAVE_GETRLIMIT 1
| #define HAVE_GETRUSAGE 1
| #define HAVE_GETTIMEOFDAY 1
| #define HAVE_KILL 1
| #define HAVE_KILLPG 1
| #define HAVE_LSTAT 1
| #define HAVE_NANOSLEEP 1
| #define HAVE_PSELECT 1
| #define HAVE_READLINK 1
| #define HAVE_SELECT 1
| #define HAVE_SETITIMER 1
| #define HAVE_STATFS 1
| #define HAVE_TCGETPGRP 1
| #define HAVE_UNAME 1
| #define HAVE_ULIMIT 1
| #define HAVE_WAITPID 1
| #define HAVE_RENAME 1
| #define HAVE_BCOPY 1
| #define HAVE_BZERO 1
| #define HAVE_CLOCK_GETTIME 1
| #define HAVE_CONFSTR 1
| #define HAVE_FACCESSAT 1
| #define HAVE_FNMATCH 1
| #define HAVE_GETADDRINFO 1
| #define HAVE_GETHOSTBYNAME 1
| #define HAVE_GETSERVBYNAME 1
| #define HAVE_GETSERVENT 1
| #define HAVE_INET_ATON 1
| #define HAVE_IMAXDIV 1
| #define HAVE_MEMMOVE 1
| #define HAVE_PATHCONF 1
| #define HAVE_PUTENV 1
| #define HAVE_RAISE 1
| #define HAVE_RANDOM 1
| #define HAVE_REGCOMP 1
| #define HAVE_REGEXEC 1
| #define HAVE_SETENV 1
| #define HAVE_SETLINEBUF 1
| #define HAVE_SETLOCALE 1
| #define HAVE_SETVBUF 1
| #define HAVE_SIGINTERRUPT 1
| #define HAVE_STRCHR 1
| #define HAVE_SYSCONF 1
| #define HAVE_SYSLOG 1
| #define HAVE_TCGETATTR 1
| #define HAVE_TIMES 1
| #define HAVE_TTYNAME 1
| #define HAVE_TZSET 1
| #define HAVE_UNSETENV 1
| #define HAVE_VASPRINTF 1
| #define HAVE_ASPRINTF 1
| #define HAVE_ISASCII 1
| #define HAVE_ISBLANK 1
| #define HAVE_ISGRAPH 1
| #define HAVE_ISPRINT 1
| #define HAVE_ISSPACE 1
| #define HAVE_ISXDIGIT 1
| #define HAVE_GETPWENT 1
| #define HAVE_GETPWNAM 1
| #define HAVE_GETPWUID 1
| #define HAVE_MKSTEMP 1
| #define HAVE_MKDTEMP 1
| #define HAVE_ARC4RANDOM 1
| #define HAVE_STRLCAT 1
| #define HAVE_MEMFD_CREATE 1
| #define HAVE_SHM_OPEN 1
| #define HAVE_GETCWD 1
| #define HAVE_MEMSET 1
| #define HAVE_STRCASECMP 1
| #define HAVE_STRCASESTR 1
| #define HAVE_STRERROR 1
| #define HAVE_STRFTIME 1
| #define HAVE_STRNLEN 1
| #define HAVE_STRPBRK 1
| #define HAVE_STRSTR 1
| #define HAVE_STRTOD 1
| #define HAVE_STRTOL 1
| #define HAVE_STRTOUL 1
| #define HAVE_STRTOLL 1
| #define HAVE_STRTOULL 1
| #define HAVE_STRTOUMAX 1
| #define HAVE_DPRINTF 1
| #define HAVE_STRDUP 1
| #define HAVE_STRLCPY 1
| #define HAVE_REALLOCARRAY 1
| #define HAVE_DECL_AUDIT_USER_TTY 1
| #define HAVE_DECL_CONFSTR 1
| #define HAVE_DECL_PRINTF 1
| #define HAVE_DECL_BRK 1
| #define HAVE_DECL_SBRK 1
| #define HAVE_DECL_SETREGID 1
| #define HAVE_DECL_STRCPY 1
| #define HAVE_DECL_STRSIGNAL 1
| #define HAVE_SETRESUID 1
| #define HAVE_SETRESGID 1
| #define HAVE_DECL_STRTOLD 1
| #define HAVE_DECL_STRTOL 1
| #define HAVE_DECL_STRTOLL 1
| #define HAVE_DECL_STRTOUL 1
| #define HAVE_DECL_STRTOULL 1
| #define HAVE_DECL_STRTOUMAX 1
| #define HAVE_ARGZ_H 1
| #define HAVE_ERRNO_H 1
| #define HAVE_FCNTL_H 1
| #define HAVE_MALLOC_H 1
| #define HAVE_STDIO_EXT_H 1
| #define HAVE_MALLOC 1
| #define HAVE_MMAP 1
| #define HAVE___ARGZ_COUNT 1
| #define HAVE___ARGZ_NEXT 1
| #define HAVE___ARGZ_STRINGIFY 1
| #define HAVE_DCGETTEXT 1
| #define HAVE_MEMPCPY 1
| #define HAVE_MUNMAP 1
| #define HAVE_MREMAP 1
| #define HAVE_STPCPY 1
| #define HAVE_STRCSPN 1
| #define HAVE_WCTYPE_H 1
| #define HAVE_WCHAR_H 1
| #define HAVE_LANGINFO_H 1
| #define HAVE_MBRLEN 1
| #define HAVE_MBSNRTOWCS 1
| #define HAVE_MBSRTOWCS 1
| #define HAVE_WCRTOMB 1
| #define HAVE_WCSCOLL 1
| #define HAVE_WCSDUP 1
| #define HAVE_WCWIDTH 1
| #define HAVE_WCTYPE 1
| #define HAVE_WCSNRTOMBS 1
| #define HAVE_WCSWIDTH 1
| #define HAVE_MBRTOWC 1
| #define HAVE_MBSTATE_T 1
| #define HAVE_ISWLOWER 1
| #define HAVE_ISWUPPER 1
| #define HAVE_TOWLOWER 1
| #define HAVE_TOWUPPER 1
| #define HAVE_ISWCTYPE 1
| #define HAVE_WCHAR_T 1
| #define HAVE_WCTYPE_T 1
| #define HAVE_WINT_T 1
| #define SIZEOF_WCHAR_T 4
| #define HAVE_LIBDL 1
| #define HAVE_DLOPEN 1
| #define HAVE_DLCLOSE 1
| #define HAVE_DLSYM 1
| #define GETGROUPS_T gid_t
| #define HAVE_INTPTR_T 1
| #define HAVE_UINTPTR_T 1
| #define HAVE_LONG_LONG_INT 1
| #define HAVE_UNSIGNED_LONG_LONG_INT 1
| #define SIZEOF_CHAR 1
| #define SIZEOF_SHORT 2
| #define SIZEOF_INT 4
| #define SIZEOF_LONG 8
| #define SIZEOF_CHAR_P 8
| #define SIZEOF_SIZE_T 8
| #define SIZEOF_DOUBLE 8
| #define SIZEOF_LONG_LONG 8
| #define bits16_t short
| #define u_bits16_t unsigned short
| #define bits32_t int
| #define u_bits32_t unsigned int
| #define bits64_t char *
| #define HAVE_HASH_BANG_EXEC 1
| #define HAVE_POSIX_SIGNALS 1
| #define HAVE_SYS_ERRLIST 1
| #define HAVE_DECL_SYS_SIGLIST 0
| #define HAVE_SOCKLEN_T 1
| #define HAVE_QUAD_T 1
| #define RLIMTYPE rlim_t
| #define HAVE_INTMAX_T 1
| #define HAVE_UINTMAX_T 1
| #define SIZEOF_INTMAX_T 8
| #define TERMIOS_LDISC 1
| #define TERMIO_LDISC 1
| #define HAVE_STRUCT_DIRENT_D_INO 1
| #define HAVE_STRUCT_DIRENT_D_FILENO 1
| #define HAVE_STRUCT_DIRENT_D_TYPE 1
| #define STRUCT_WINSIZE_IN_SYS_IOCTL 1
| #define HAVE_TIMEVAL 1
| #define HAVE_STRUCT_STAT_ST_BLOCKS 1
| #define HAVE_STRUCT_TM_TM_ZONE 1
| #define HAVE_TM_ZONE 1
| #define HAVE_STRUCT_TIMEZONE 1
| /* end confdefs.h.  */
| 
| #include <stdlib.h>
| #include <unistd.h>
| 
| #include <sys/wait.h>
| 
| int
| main(int c, char **v)
| {
|   pid_t pid, p;
|   int s, i, n;
| 
|   s = 0;
|   pid = fork();
|   if (pid == 0)
|     exit (42);
| 
|   /* wait for the process */
|   p = wait(&s);
|   if (p != pid)
|     exit (255);
| 
|   /* crack s */
|   for (i = 0; i < (sizeof(s) * 8); i++)
|     {
|       n = (s >> i) & 0xff;
|       if (n == 42)
| 	exit (i);
|     }
| 
|   exit (254);
| }
| 
configure:20016: result: 8
configure:20025: checking for struct timespec in <time.h>
configure:20043: gcc -c -g -O2  conftest.c >&5
configure:20043: $? = 0
configure:20051: result: yes
configure:20146: checking for struct stat.st_atim.tv_nsec
configure:20146: gcc -c -g -O2  conftest.c >&5
configure:20146: $? = 0
configure:20146: result: yes
configure:20154: checking whether struct stat.st_atim is of type struct timespec
configure:20182: gcc -c -g -O2  conftest.c >&5
configure:20182: $? = 0
configure:20190: result: yes
configure:20238: checking for sbrk
configure:20255: gcc -o conftest -g -O2   conftest.c -ldl  >&5
configure:20255: $? = 0
configure:20265: result: yes
configure:20268: checking for working sbrk
configure:20297: gcc -o conftest -g -O2   conftest.c -ldl  >&5
configure:20297: $? = 0
configure:20297: ./conftest
configure:20297: $? = 0
configure:20308: result: yes
configure:20321: checking for brk
configure:20338: gcc -o conftest -g -O2   conftest.c -ldl  >&5
conftest.c: In function 'main':
conftest.c:402:12: warning: initialization of 'void *' from 'int' makes pointer from integer without a cast [-Wint-conversion]
  402 |  void *x = brk (0);
      |            ^~~
configure:20338: $? = 0
configure:20348: result: yes
configure:20351: checking for working brk
configure:20380: gcc -o conftest -g -O2   conftest.c -ldl  >&5
conftest.c: In function 'main':
conftest.c:407:11: warning: assignment to 'void *' from 'int' makes pointer from integer without a cast [-Wint-conversion]
  407 |         x = brk (0);
      |           ^
configure:20380: $? = 0
configure:20380: ./conftest
configure:20380: $? = 0
configure:20391: result: yes
configure:20404: checking for the existence of strsignal
configure:20423: gcc -o conftest -g -O2   conftest.c -ldl  >&5
configure:20423: $? = 0
configure:20433: result: yes
configure:20440: checking if opendir() opens non-directories
configure:20501: gcc -o conftest -g -O2   conftest.c -ldl  >&5
conftest.c: In function 'main':
conftest.c:437:1: warning: ignoring return value of 'write' declared with attribute 'warn_unused_result' [-Wunused-result]
  437 | write(fd, "\n", 1);
      | ^~~~~~~~~~~~~~~~~~
configure:20501: $? = 0
configure:20501: ./conftest
configure:20501: $? = 1
configure: program exited with status 1
configure: failed program was:
| /* confdefs.h */
| #define PACKAGE_NAME "bash"
| #define PACKAGE_TARNAME "bash"
| #define PACKAGE_VERSION "5.3-release"
| #define PACKAGE_STRING "bash 5.3-release"
| #define PACKAGE_BUGREPORT "bug-bash@gnu.org"
| #define PACKAGE_URL ""
| #define USING_BASH_MALLOC 1
| #define ALIAS 1
| #define PUSHD_AND_POPD 1
| #define RESTRICTED_SHELL 1
| #define PROCESS_SUBSTITUTION 1
| #define PROMPT_STRING_DECODE 1
| #define SELECT_COMMAND 1
| #define HELP_BUILTIN 1
| #define ARRAY_VARS 1
| #define DPAREN_ARITHMETIC 1
| #define BRACE_EXPANSION 1
| #define COMMAND_TIMING 1
| #define EXTENDED_GLOB 1
| #define EXTGLOB_DEFAULT 0
| #define COND_COMMAND 1
| #define COND_REGEXP 1
| #define COPROCESS_SUPPORT 1
| #define ARITH_FOR_COMMAND 1
| #define NETWORK_REDIRECTIONS 1
| #define PROGRAMMABLE_COMPLETION 1
| #define DEBUGGER 1
| #define CASEMOD_ATTRS 1
| #define CASEMOD_EXPANSIONS 1
| #define GLOBASCII_DEFAULT 1
| #define FUNCTION_IMPORT 1
| #define TRANSLATABLE_STRINGS 1
| #define BASH_SOURCE_FULLPATH_DEFAULT 0
| #define MEMSCRAMBLE 1
| #define HAVE_STDIO_H 1
| #define HAVE_STDLIB_H 1
| #define HAVE_STRING_H 1
| #define HAVE_INTTYPES_H 1
| #define HAVE_STDINT_H 1
| #define HAVE_STRINGS_H 1
| #define HAVE_SYS_STAT_H 1
| #define HAVE_SYS_TYPES_H 1
| #define HAVE_UNISTD_H 1
| #define HAVE_WCHAR_H 1
| #define HAVE_STDBOOL_H 1
| #define HAVE_SYS_PARAM_H 1
| #define HAVE_THREADS_H 1
| #define HAVE_SYS_TIME_H 1
| #define STDC_HEADERS 1
| #define _ALL_SOURCE 1
| #define _DARWIN_C_SOURCE 1
| #define _GNU_SOURCE 1
| #define _HPUX_ALT_XOPEN_SOCKET_API 1
| #define _NETBSD_SOURCE 1
| #define _OPENBSD_SOURCE 1
| #define _POSIX_PTHREAD_SEMANTICS 1
| #define __STDC_WANT_IEC_60559_ATTRIBS_EXT__ 1
| #define __STDC_WANT_IEC_60559_BFP_EXT__ 1
| #define __STDC_WANT_IEC_60559_DFP_EXT__ 1
| #define __STDC_WANT_IEC_60559_FUNCS_EXT__ 1
| #define __STDC_WANT_IEC_60559_TYPES_EXT__ 1
| #define __STDC_WANT_LIB_EXT2__ 1
| #define __STDC_WANT_MATH_SPEC_FUNCS__ 1
| #define _TANDEM_SOURCE 1
| #define __EXTENSIONS__ 1
| #define READLINE 1
| #define HISTORY 1
| #define BANG_HISTORY 1
| #define HAVE_STRINGIZE 1
| #define HAVE_LONG_DOUBLE 1
| #define restrict __restrict__
| #define HAVE_VISIBILITY 1
| #define HAVE_STDINT_H_WITH_UINTMAX 1
| #define HAVE_ALLOCA_H 1
| #define HAVE_ALLOCA 1
| #define HAVE_GETPAGESIZE 1
| #define HAVE_SYMLINK 1
| #define HAVE_USELOCALE 1
| #define HAVE_VPRINTF 1
| #define HAVE_ALARM 1
| #define HAVE___FPURGE 1
| #define HAVE_SNPRINTF 1
| #define HAVE_VSNPRINTF 1
| #define HAVE_MMAP 1
| #define INTDIV0_RAISES_SIGFPE 1
| #define HAVE_INTTYPES_H_WITH_UINTMAX 1
| #define HAVE_UNSIGNED_LONG_LONG_INT 1
| #define HAVE_UINTMAX_T 1
| #define HAVE_WEAK_SYMBOLS 1
| #define HAVE_PTHREAD_API 1
| #define USE_POSIX_THREADS 1
| #define USE_POSIX_THREADS_FROM_LIBC 1
| #define HAVE_PTHREAD_RWLOCK 1
| #define HAVE_PTHREAD_MUTEX_RECURSIVE 1
| #define HAVE_ICONV 1
| #define ICONV_CONST 
| #define HAVE_BUILTIN_EXPECT 1
| #define HAVE_INTTYPES_H 1
| #define HAVE_UNISTD_H 1
| #define HAVE_SYS_PARAM_H 1
| #define HAVE_GETCWD 1
| #define HAVE_GETEGID 1
| #define HAVE_GETEUID 1
| #define HAVE_GETGID 1
| #define HAVE_GETUID 1
| #define HAVE_MEMPCPY 1
| #define HAVE_MUNMAP 1
| #define HAVE_STPCPY 1
| #define HAVE_STRCASECMP 1
| #define HAVE_TSEARCH 1
| #define HAVE___FSETLOCKING 1
| #define HAVE_DECL_FEOF_UNLOCKED 1
| #define HAVE_DECL_FGETS_UNLOCKED 1
| #define HAVE_LOCALECONV 1
| #define HAVE_LONG_LONG_INT 1
| #define HAVE_WCHAR_T 1
| #define HAVE_WINT_T 1
| #define HAVE_INTMAX_T 1
| #define HAVE_POSIX_PRINTF 1
| #define HAVE_STDINT_H 1
| #define HAVE_STDINT_H 1
| #define HAVE_WORKING_O_NOATIME 0
| #define HAVE_WORKING_O_NOFOLLOW 0
| #define HAVE_WORKING_USELOCALE 1
| #define HAVE_GOOD_USELOCALE 1
| #define FLEXIBLE_ARRAY_MEMBER /**/
| #define HAVE_FEATURES_H 1
| #define HAVE_STDDEF_H 1
| #define HAVE_STDLIB_H 1
| #define HAVE_STRING_H 1
| #define HAVE_ASPRINTF 1
| #define HAVE_WPRINTF 1
| #define HAVE_NEWLOCALE 1
| #define HAVE_PUTENV 1
| #define HAVE_SETENV 1
| #define HAVE_SNPRINTF 1
| #define HAVE_STRNLEN 1
| #define HAVE_USELOCALE 1
| #define HAVE_WCSLEN 1
| #define HAVE_WCSNLEN 1
| #define HAVE_MBRTOWC 1
| #define HAVE_WCRTOMB 1
| #define HAVE_DECL__SNPRINTF 0
| #define HAVE_DECL__SNWPRINTF 0
| #define HAVE_DECL_GETC_UNLOCKED 1
| #define HAVE_NL_LANGINFO 1
| #define HAVE_LANGINFO_CODESET 1
| #define HAVE_LC_MESSAGES 1
| #define ENABLE_NLS 1
| #define HAVE_GETTEXT 1
| #define HAVE_DCGETTEXT 1
| #define HAVE_DIRENT_H 1
| #define MAJOR_IN_SYSMACROS 1
| #define HAVE_INTTYPES_H 1
| #define HAVE_UNISTD_H 1
| #define HAVE_STDLIB_H 1
| #define HAVE_LIMITS_H 1
| #define HAVE_STRING_H 1
| #define HAVE_MEMORY_H 1
| #define HAVE_LOCALE_H 1
| #define HAVE_TERMCAP_H 1
| #define HAVE_TERMIO_H 1
| #define HAVE_TERMIOS_H 1
| #define HAVE_DLFCN_H 1
| #define HAVE_STDDEF_H 1
| #define HAVE_STDINT_H 1
| #define HAVE_NETDB_H 1
| #define HAVE_PWD_H 1
| #define HAVE_GRP_H 1
| #define HAVE_STRINGS_H 1
| #define HAVE_REGEX_H 1
| #define HAVE_SYSLOG_H 1
| #define HAVE_ULIMIT_H 1
| #define HAVE_SYS_SELECT_H 1
| #define HAVE_SYS_FILE_H 1
| #define HAVE_SYS_IOCTL_H 1
| #define HAVE_SYS_MMAN_H 1
| #define HAVE_SYS_PARAM_H 1
| #define HAVE_SYS_RANDOM_H 1
| #define HAVE_SYS_SOCKET_H 1
| #define HAVE_SYS_STAT_H 1
| #define HAVE_SYS_TIME_H 1
| #define HAVE_SYS_TIMES_H 1
| #define HAVE_SYS_TYPES_H 1
| #define HAVE_SYS_WAIT_H 1
| #define HAVE_NETINET_IN_H 1
| #define HAVE_ARPA_INET_H 1
| #define HAVE_SYS_RESOURCE_H 1
| #define HAVE_ALLOCA_H 1
| #define HAVE_ALLOCA 1
| #define HAVE_CHOWN 1
| #define GETPGRP_VOID 1
| #define HAVE_STRCOLL 1
| #define HAVE_WAIT3 1
| #define HAVE_MKFIFO 1
| #define HAVE_DUP2 1
| #define HAVE_EACCESS 1
| #define HAVE_FCNTL 1
| #define HAVE_GETDTABLESIZE 1
| #define HAVE_GETENTROPY 1
| #define HAVE_GETGROUPS 1
| #define HAVE_GETHOSTNAME 1
| #define HAVE_GETPAGESIZE 1
| #define HAVE_GETPEERNAME 1
| #define HAVE_GETRANDOM 1
| #define HAVE_GETRLIMIT 1
| #define HAVE_GETRUSAGE 1
| #define HAVE_GETTIMEOFDAY 1
| #define HAVE_KILL 1
| #define HAVE_KILLPG 1
| #define HAVE_LSTAT 1
| #define HAVE_NANOSLEEP 1
| #define HAVE_PSELECT 1
| #define HAVE_READLINK 1
| #define HAVE_SELECT 1
| #define HAVE_SETITIMER 1
| #define HAVE_STATFS 1
| #define HAVE_TCGETPGRP 1
| #define HAVE_UNAME 1
| #define HAVE_ULIMIT 1
| #define HAVE_WAITPID 1
| #define HAVE_RENAME 1
| #define HAVE_BCOPY 1
| #define HAVE_BZERO 1
| #define HAVE_CLOCK_GETTIME 1
| #define HAVE_CONFSTR 1
| #define HAVE_FACCESSAT 1
| #define HAVE_FNMATCH 1
| #define HAVE_GETADDRINFO 1
| #define HAVE_GETHOSTBYNAME 1
| #define HAVE_GETSERVBYNAME 1
| #define HAVE_GETSERVENT 1
| #define HAVE_INET_ATON 1
| #define HAVE_IMAXDIV 1
| #define HAVE_MEMMOVE 1
| #define HAVE_PATHCONF 1
| #define HAVE_PUTENV 1
| #define HAVE_RAISE 1
| #define HAVE_RANDOM 1
| #define HAVE_REGCOMP 1
| #define HAVE_REGEXEC 1
| #define HAVE_SETENV 1
| #define HAVE_SETLINEBUF 1
| #define HAVE_SETLOCALE 1
| #define HAVE_SETVBUF 1
| #define HAVE_SIGINTERRUPT 1
| #define HAVE_STRCHR 1
| #define HAVE_SYSCONF 1
| #define HAVE_SYSLOG 1
| #define HAVE_TCGETATTR 1
| #define HAVE_TIMES 1
| #define HAVE_TTYNAME 1
| #define HAVE_TZSET 1
| #define HAVE_UNSETENV 1
| #define HAVE_VASPRINTF 1
| #define HAVE_ASPRINTF 1
| #define HAVE_ISASCII 1
| #define HAVE_ISBLANK 1
| #define HAVE_ISGRAPH 1
| #define HAVE_ISPRINT 1
| #define HAVE_ISSPACE 1
| #define HAVE_ISXDIGIT 1
| #define HAVE_GETPWENT 1
| #define HAVE_GETPWNAM 1
| #define HAVE_GETPWUID 1
| #define HAVE_MKSTEMP 1
| #define HAVE_MKDTEMP 1
| #define HAVE_ARC4RANDOM 1
| #define HAVE_STRLCAT 1
| #define HAVE_MEMFD_CREATE 1
| #define HAVE_SHM_OPEN 1
| #define HAVE_GETCWD 1
| #define HAVE_MEMSET 1
| #define HAVE_STRCASECMP 1
| #define HAVE_STRCASESTR 1
| #define HAVE_STRERROR 1
| #define HAVE_STRFTIME 1
| #define HAVE_STRNLEN 1
| #define HAVE_STRPBRK 1
| #define HAVE_STRSTR 1
| #define HAVE_STRTOD 1
| #define HAVE_STRTOL 1
| #define HAVE_STRTOUL 1
| #define HAVE_STRTOLL 1
| #define HAVE_STRTOULL 1
| #define HAVE_STRTOUMAX 1
| #define HAVE_DPRINTF 1
| #define HAVE_STRDUP 1
| #define HAVE_STRLCPY 1
| #define HAVE_REALLOCARRAY 1
| #define HAVE_DECL_AUDIT_USER_TTY 1
| #define HAVE_DECL_CONFSTR 1
| #define HAVE_DECL_PRINTF 1
| #define HAVE_DECL_BRK 1
| #define HAVE_DECL_SBRK 1
| #define HAVE_DECL_SETREGID 1
| #define HAVE_DECL_STRCPY 1
| #define HAVE_DECL_STRSIGNAL 1
| #define HAVE_SETRESUID 1
| #define HAVE_SETRESGID 1
| #define HAVE_DECL_STRTOLD 1
| #define HAVE_DECL_STRTOL 1
| #define HAVE_DECL_STRTOLL 1
| #define HAVE_DECL_STRTOUL 1
| #define HAVE_DECL_STRTOULL 1
| #define HAVE_DECL_STRTOUMAX 1
| #define HAVE_ARGZ_H 1
| #define HAVE_ERRNO_H 1
| #define HAVE_FCNTL_H 1
| #define HAVE_MALLOC_H 1
| #define HAVE_STDIO_EXT_H 1
| #define HAVE_MALLOC 1
| #define HAVE_MMAP 1
| #define HAVE___ARGZ_COUNT 1
| #define HAVE___ARGZ_NEXT 1
| #define HAVE___ARGZ_STRINGIFY 1
| #define HAVE_DCGETTEXT 1
| #define HAVE_MEMPCPY 1
| #define HAVE_MUNMAP 1
| #define HAVE_MREMAP 1
| #define HAVE_STPCPY 1
| #define HAVE_STRCSPN 1
| #define HAVE_WCTYPE_H 1
| #define HAVE_WCHAR_H 1
| #define HAVE_LANGINFO_H 1
| #define HAVE_MBRLEN 1
| #define HAVE_MBSNRTOWCS 1
| #define HAVE_MBSRTOWCS 1
| #define HAVE_WCRTOMB 1
| #define HAVE_WCSCOLL 1
| #define HAVE_WCSDUP 1
| #define HAVE_WCWIDTH 1
| #define HAVE_WCTYPE 1
| #define HAVE_WCSNRTOMBS 1
| #define HAVE_WCSWIDTH 1
| #define HAVE_MBRTOWC 1
| #define HAVE_MBSTATE_T 1
| #define HAVE_ISWLOWER 1
| #define HAVE_ISWUPPER 1
| #define HAVE_TOWLOWER 1
| #define HAVE_TOWUPPER 1
| #define HAVE_ISWCTYPE 1
| #define HAVE_WCHAR_T 1
| #define HAVE_WCTYPE_T 1
| #define HAVE_WINT_T 1
| #define SIZEOF_WCHAR_T 4
| #define HAVE_LIBDL 1
| #define HAVE_DLOPEN 1
| #define HAVE_DLCLOSE 1
| #define HAVE_DLSYM 1
| #define GETGROUPS_T gid_t
| #define HAVE_INTPTR_T 1
| #define HAVE_UINTPTR_T 1
| #define HAVE_LONG_LONG_INT 1
| #define HAVE_UNSIGNED_LONG_LONG_INT 1
| #define SIZEOF_CHAR 1
| #define SIZEOF_SHORT 2
| #define SIZEOF_INT 4
| #define SIZEOF_LONG 8
| #define SIZEOF_CHAR_P 8
| #define SIZEOF_SIZE_T 8
| #define SIZEOF_DOUBLE 8
| #define SIZEOF_LONG_LONG 8
| #define bits16_t short
| #define u_bits16_t unsigned short
| #define bits32_t int
| #define u_bits32_t unsigned int
| #define bits64_t char *
| #define HAVE_HASH_BANG_EXEC 1
| #define HAVE_POSIX_SIGNALS 1
| #define HAVE_SYS_ERRLIST 1
| #define HAVE_DECL_SYS_SIGLIST 0
| #define HAVE_SOCKLEN_T 1
| #define HAVE_QUAD_T 1
| #define RLIMTYPE rlim_t
| #define HAVE_INTMAX_T 1
| #define HAVE_UINTMAX_T 1
| #define SIZEOF_INTMAX_T 8
| #define TERMIOS_LDISC 1
| #define TERMIO_LDISC 1
| #define HAVE_STRUCT_DIRENT_D_INO 1
| #define HAVE_STRUCT_DIRENT_D_FILENO 1
| #define HAVE_STRUCT_DIRENT_D_TYPE 1
| #define STRUCT_WINSIZE_IN_SYS_IOCTL 1
| #define HAVE_TIMEVAL 1
| #define HAVE_STRUCT_STAT_ST_BLOCKS 1
| #define HAVE_STRUCT_TM_TM_ZONE 1
| #define HAVE_TM_ZONE 1
| #define HAVE_STRUCT_TIMEZONE 1
| #define WEXITSTATUS_OFFSET 8
| #define HAVE_STRUCT_TIMESPEC 1
| #define TIME_H_DEFINES_STRUCT_TIMESPEC 1
| #define HAVE_STRUCT_STAT_ST_ATIM_TV_NSEC 1
| #define TYPEOF_STRUCT_STAT_ST_ATIM_IS_STRUCT_TIMESPEC 1
| #define HAVE_SBRK 1
| #define HAVE_BRK 1
| #define HAVE_STRSIGNAL 1
| /* end confdefs.h.  */
| 
| #include <stdio.h>
| #include <sys/types.h>
| #include <fcntl.h>
| #ifdef HAVE_UNISTD_H
| # include <unistd.h>
| #endif /* HAVE_UNISTD_H */
| #ifdef HAVE_SYS_STAT_H
| #include <sys/stat.h>
| #endif
| #if defined(HAVE_DIRENT_H)
| # include <dirent.h>
| #else
| # define dirent direct
| # ifdef HAVE_SYS_NDIR_H
| #  include <sys/ndir.h>
| # endif /* SYSNDIR */
| # ifdef HAVE_SYS_DIR_H
| #  include <sys/dir.h>
| # endif /* SYSDIR */
| # ifdef HAVE_NDIR_H
| #  include <ndir.h>
| # endif
| #endif /* HAVE_DIRENT_H */
| #include <stdlib.h>
| int
| main()
| {
| DIR *dir;
| int fd, err;
| err = mkdir("bash-aclocal", 0700);
| if (err < 0) {
|   perror("mkdir");
|   exit(1);
| }
| unlink("bash-aclocal/not_a_directory");
| fd = open("bash-aclocal/not_a_directory", O_WRONLY|O_CREAT|O_EXCL, 0666);
| write(fd, "\n", 1);
| close(fd);
| dir = opendir("bash-aclocal/not_a_directory");
| unlink("bash-aclocal/not_a_directory");
| rmdir("bash-aclocal");
| exit (dir == 0);
| }
| 
configure:20513: result: no
configure:20520: checking whether ulimit can substitute for getdtablesize
configure:20548: gcc -o conftest -g -O2   conftest.c -ldl  >&5
configure:20548: $? = 0
configure:20548: ./conftest
configure:20548: $? = 0
configure:20560: result: yes
configure:20572: checking whether fpurge is declared
configure:20572: gcc -c -g -O2   conftest.c >&5
conftest.c: In function 'main':
conftest.c:410:10: error: 'fpurge' undeclared (first use in this function)
  410 |   (void) fpurge;
      |          ^~~~~~
conftest.c:410:10: note: each undeclared identifier is reported only once for each function it appears in
configure:20572: $? = 1
configure: failed program was:
| /* confdefs.h */
| #define PACKAGE_NAME "bash"
| #define PACKAGE_TARNAME "bash"
| #define PACKAGE_VERSION "5.3-release"
| #define PACKAGE_STRING "bash 5.3-release"
| #define PACKAGE_BUGREPORT "bug-bash@gnu.org"
| #define PACKAGE_URL ""
| #define USING_BASH_MALLOC 1
| #define ALIAS 1
| #define PUSHD_AND_POPD 1
| #define RESTRICTED_SHELL 1
| #define PROCESS_SUBSTITUTION 1
| #define PROMPT_STRING_DECODE 1
| #define SELECT_COMMAND 1
| #define HELP_BUILTIN 1
| #define ARRAY_VARS 1
| #define DPAREN_ARITHMETIC 1
| #define BRACE_EXPANSION 1
| #define COMMAND_TIMING 1
| #define EXTENDED_GLOB 1
| #define EXTGLOB_DEFAULT 0
| #define COND_COMMAND 1
| #define COND_REGEXP 1
| #define COPROCESS_SUPPORT 1
| #define ARITH_FOR_COMMAND 1
| #define NETWORK_REDIRECTIONS 1
| #define PROGRAMMABLE_COMPLETION 1
| #define DEBUGGER 1
| #define CASEMOD_ATTRS 1
| #define CASEMOD_EXPANSIONS 1
| #define GLOBASCII_DEFAULT 1
| #define FUNCTION_IMPORT 1
| #define TRANSLATABLE_STRINGS 1
| #define BASH_SOURCE_FULLPATH_DEFAULT 0
| #define MEMSCRAMBLE 1
| #define HAVE_STDIO_H 1
| #define HAVE_STDLIB_H 1
| #define HAVE_STRING_H 1
| #define HAVE_INTTYPES_H 1
| #define HAVE_STDINT_H 1
| #define HAVE_STRINGS_H 1
| #define HAVE_SYS_STAT_H 1
| #define HAVE_SYS_TYPES_H 1
| #define HAVE_UNISTD_H 1
| #define HAVE_WCHAR_H 1
| #define HAVE_STDBOOL_H 1
| #define HAVE_SYS_PARAM_H 1
| #define HAVE_THREADS_H 1
| #define HAVE_SYS_TIME_H 1
| #define STDC_HEADERS 1
| #define _ALL_SOURCE 1
| #define _DARWIN_C_SOURCE 1
| #define _GNU_SOURCE 1
| #define _HPUX_ALT_XOPEN_SOCKET_API 1
| #define _NETBSD_SOURCE 1
| #define _OPENBSD_SOURCE 1
| #define _POSIX_PTHREAD_SEMANTICS 1
| #define __STDC_WANT_IEC_60559_ATTRIBS_EXT__ 1
| #define __STDC_WANT_IEC_60559_BFP_EXT__ 1
| #define __STDC_WANT_IEC_60559_DFP_EXT__ 1
| #define __STDC_WANT_IEC_60559_FUNCS_EXT__ 1
| #define __STDC_WANT_IEC_60559_TYPES_EXT__ 1
| #define __STDC_WANT_LIB_EXT2__ 1
| #define __STDC_WANT_MATH_SPEC_FUNCS__ 1
| #define _TANDEM_SOURCE 1
| #define __EXTENSIONS__ 1
| #define READLINE 1
| #define HISTORY 1
| #define BANG_HISTORY 1
| #define HAVE_STRINGIZE 1
| #define HAVE_LONG_DOUBLE 1
| #define restrict __restrict__
| #define HAVE_VISIBILITY 1
| #define HAVE_STDINT_H_WITH_UINTMAX 1
| #define HAVE_ALLOCA_H 1
| #define HAVE_ALLOCA 1
| #define HAVE_GETPAGESIZE 1
| #define HAVE_SYMLINK 1
| #define HAVE_USELOCALE 1
| #define HAVE_VPRINTF 1
| #define HAVE_ALARM 1
| #define HAVE___FPURGE 1
| #define HAVE_SNPRINTF 1
| #define HAVE_VSNPRINTF 1
| #define HAVE_MMAP 1
| #define INTDIV0_RAISES_SIGFPE 1
| #define HAVE_INTTYPES_H_WITH_UINTMAX 1
| #define HAVE_UNSIGNED_LONG_LONG_INT 1
| #define HAVE_UINTMAX_T 1
| #define HAVE_WEAK_SYMBOLS 1
| #define HAVE_PTHREAD_API 1
| #define USE_POSIX_THREADS 1
| #define USE_POSIX_THREADS_FROM_LIBC 1
| #define HAVE_PTHREAD_RWLOCK 1
| #define HAVE_PTHREAD_MUTEX_RECURSIVE 1
| #define HAVE_ICONV 1
| #define ICONV_CONST 
| #define HAVE_BUILTIN_EXPECT 1
| #define HAVE_INTTYPES_H 1
| #define HAVE_UNISTD_H 1
| #define HAVE_SYS_PARAM_H 1
| #define HAVE_GETCWD 1
| #define HAVE_GETEGID 1
| #define HAVE_GETEUID 1
| #define HAVE_GETGID 1
| #define HAVE_GETUID 1
| #define HAVE_MEMPCPY 1
| #define HAVE_MUNMAP 1
| #define HAVE_STPCPY 1
| #define HAVE_STRCASECMP 1
| #define HAVE_TSEARCH 1
| #define HAVE___FSETLOCKING 1
| #define HAVE_DECL_FEOF_UNLOCKED 1
| #define HAVE_DECL_FGETS_UNLOCKED 1
| #define HAVE_LOCALECONV 1
| #define HAVE_LONG_LONG_INT 1
| #define HAVE_WCHAR_T 1
| #define HAVE_WINT_T 1
| #define HAVE_INTMAX_T 1
| #define HAVE_POSIX_PRINTF 1
| #define HAVE_STDINT_H 1
| #define HAVE_STDINT_H 1
| #define HAVE_WORKING_O_NOATIME 0
| #define HAVE_WORKING_O_NOFOLLOW 0
| #define HAVE_WORKING_USELOCALE 1
| #define HAVE_GOOD_USELOCALE 1
| #define FLEXIBLE_ARRAY_MEMBER /**/
| #define HAVE_FEATURES_H 1
| #define HAVE_STDDEF_H 1
| #define HAVE_STDLIB_H 1
| #define HAVE_STRING_H 1
| #define HAVE_ASPRINTF 1
| #define HAVE_WPRINTF 1
| #define HAVE_NEWLOCALE 1
| #define HAVE_PUTENV 1
| #define HAVE_SETENV 1
| #define HAVE_SNPRINTF 1
| #define HAVE_STRNLEN 1
| #define HAVE_USELOCALE 1
| #define HAVE_WCSLEN 1
| #define HAVE_WCSNLEN 1
| #define HAVE_MBRTOWC 1
| #define HAVE_WCRTOMB 1
| #define HAVE_DECL__SNPRINTF 0
| #define HAVE_DECL__SNWPRINTF 0
| #define HAVE_DECL_GETC_UNLOCKED 1
| #define HAVE_NL_LANGINFO 1
| #define HAVE_LANGINFO_CODESET 1
| #define HAVE_LC_MESSAGES 1
| #define ENABLE_NLS 1
| #define HAVE_GETTEXT 1
| #define HAVE_DCGETTEXT 1
| #define HAVE_DIRENT_H 1
| #define MAJOR_IN_SYSMACROS 1
| #define HAVE_INTTYPES_H 1
| #define HAVE_UNISTD_H 1
| #define HAVE_STDLIB_H 1
| #define HAVE_LIMITS_H 1
| #define HAVE_STRING_H 1
| #define HAVE_MEMORY_H 1
| #define HAVE_LOCALE_H 1
| #define HAVE_TERMCAP_H 1
| #define HAVE_TERMIO_H 1
| #define HAVE_TERMIOS_H 1
| #define HAVE_DLFCN_H 1
| #define HAVE_STDDEF_H 1
| #define HAVE_STDINT_H 1
| #define HAVE_NETDB_H 1
| #define HAVE_PWD_H 1
| #define HAVE_GRP_H 1
| #define HAVE_STRINGS_H 1
| #define HAVE_REGEX_H 1
| #define HAVE_SYSLOG_H 1
| #define HAVE_ULIMIT_H 1
| #define HAVE_SYS_SELECT_H 1
| #define HAVE_SYS_FILE_H 1
| #define HAVE_SYS_IOCTL_H 1
| #define HAVE_SYS_MMAN_H 1
| #define HAVE_SYS_PARAM_H 1
| #define HAVE_SYS_RANDOM_H 1
| #define HAVE_SYS_SOCKET_H 1
| #define HAVE_SYS_STAT_H 1
| #define HAVE_SYS_TIME_H 1
| #define HAVE_SYS_TIMES_H 1
| #define HAVE_SYS_TYPES_H 1
| #define HAVE_SYS_WAIT_H 1
| #define HAVE_NETINET_IN_H 1
| #define HAVE_ARPA_INET_H 1
| #define HAVE_SYS_RESOURCE_H 1
| #define HAVE_ALLOCA_H 1
| #define HAVE_ALLOCA 1
| #define HAVE_CHOWN 1
| #define GETPGRP_VOID 1
| #define HAVE_STRCOLL 1
| #define HAVE_WAIT3 1
| #define HAVE_MKFIFO 1
| #define HAVE_DUP2 1
| #define HAVE_EACCESS 1
| #define HAVE_FCNTL 1
| #define HAVE_GETDTABLESIZE 1
| #define HAVE_GETENTROPY 1
| #define HAVE_GETGROUPS 1
| #define HAVE_GETHOSTNAME 1
| #define HAVE_GETPAGESIZE 1
| #define HAVE_GETPEERNAME 1
| #define HAVE_GETRANDOM 1
| #define HAVE_GETRLIMIT 1
| #define HAVE_GETRUSAGE 1
| #define HAVE_GETTIMEOFDAY 1
| #define HAVE_KILL 1
| #define HAVE_KILLPG 1
| #define HAVE_LSTAT 1
| #define HAVE_NANOSLEEP 1
| #define HAVE_PSELECT 1
| #define HAVE_READLINK 1
| #define HAVE_SELECT 1
| #define HAVE_SETITIMER 1
| #define HAVE_STATFS 1
| #define HAVE_TCGETPGRP 1
| #define HAVE_UNAME 1
| #define HAVE_ULIMIT 1
| #define HAVE_WAITPID 1
| #define HAVE_RENAME 1
| #define HAVE_BCOPY 1
| #define HAVE_BZERO 1
| #define HAVE_CLOCK_GETTIME 1
| #define HAVE_CONFSTR 1
| #define HAVE_FACCESSAT 1
| #define HAVE_FNMATCH 1
| #define HAVE_GETADDRINFO 1
| #define HAVE_GETHOSTBYNAME 1
| #define HAVE_GETSERVBYNAME 1
| #define HAVE_GETSERVENT 1
| #define HAVE_INET_ATON 1
| #define HAVE_IMAXDIV 1
| #define HAVE_MEMMOVE 1
| #define HAVE_PATHCONF 1
| #define HAVE_PUTENV 1
| #define HAVE_RAISE 1
| #define HAVE_RANDOM 1
| #define HAVE_REGCOMP 1
| #define HAVE_REGEXEC 1
| #define HAVE_SETENV 1
| #define HAVE_SETLINEBUF 1
| #define HAVE_SETLOCALE 1
| #define HAVE_SETVBUF 1
| #define HAVE_SIGINTERRUPT 1
| #define HAVE_STRCHR 1
| #define HAVE_SYSCONF 1
| #define HAVE_SYSLOG 1
| #define HAVE_TCGETATTR 1
| #define HAVE_TIMES 1
| #define HAVE_TTYNAME 1
| #define HAVE_TZSET 1
| #define HAVE_UNSETENV 1
| #define HAVE_VASPRINTF 1
| #define HAVE_ASPRINTF 1
| #define HAVE_ISASCII 1
| #define HAVE_ISBLANK 1
| #define HAVE_ISGRAPH 1
| #define HAVE_ISPRINT 1
| #define HAVE_ISSPACE 1
| #define HAVE_ISXDIGIT 1
| #define HAVE_GETPWENT 1
| #define HAVE_GETPWNAM 1
| #define HAVE_GETPWUID 1
| #define HAVE_MKSTEMP 1
| #define HAVE_MKDTEMP 1
| #define HAVE_ARC4RANDOM 1
| #define HAVE_STRLCAT 1
| #define HAVE_MEMFD_CREATE 1
| #define HAVE_SHM_OPEN 1
| #define HAVE_GETCWD 1
| #define HAVE_MEMSET 1
| #define HAVE_STRCASECMP 1
| #define HAVE_STRCASESTR 1
| #define HAVE_STRERROR 1
| #define HAVE_STRFTIME 1
| #define HAVE_STRNLEN 1
| #define HAVE_STRPBRK 1
| #define HAVE_STRSTR 1
| #define HAVE_STRTOD 1
| #define HAVE_STRTOL 1
| #define HAVE_STRTOUL 1
| #define HAVE_STRTOLL 1
| #define HAVE_STRTOULL 1
| #define HAVE_STRTOUMAX 1
| #define HAVE_DPRINTF 1
| #define HAVE_STRDUP 1
| #define HAVE_STRLCPY 1
| #define HAVE_REALLOCARRAY 1
| #define HAVE_DECL_AUDIT_USER_TTY 1
| #define HAVE_DECL_CONFSTR 1
| #define HAVE_DECL_PRINTF 1
| #define HAVE_DECL_BRK 1
| #define HAVE_DECL_SBRK 1
| #define HAVE_DECL_SETREGID 1
| #define HAVE_DECL_STRCPY 1
| #define HAVE_DECL_STRSIGNAL 1
| #define HAVE_SETRESUID 1
| #define HAVE_SETRESGID 1
| #define HAVE_DECL_STRTOLD 1
| #define HAVE_DECL_STRTOL 1
| #define HAVE_DECL_STRTOLL 1
| #define HAVE_DECL_STRTOUL 1
| #define HAVE_DECL_STRTOULL 1
| #define HAVE_DECL_STRTOUMAX 1
| #define HAVE_ARGZ_H 1
| #define HAVE_ERRNO_H 1
| #define HAVE_FCNTL_H 1
| #define HAVE_MALLOC_H 1
| #define HAVE_STDIO_EXT_H 1
| #define HAVE_MALLOC 1
| #define HAVE_MMAP 1
| #define HAVE___ARGZ_COUNT 1
| #define HAVE___ARGZ_NEXT 1
| #define HAVE___ARGZ_STRINGIFY 1
| #define HAVE_DCGETTEXT 1
| #define HAVE_MEMPCPY 1
| #define HAVE_MUNMAP 1
| #define HAVE_MREMAP 1
| #define HAVE_STPCPY 1
| #define HAVE_STRCSPN 1
| #define HAVE_WCTYPE_H 1
| #define HAVE_WCHAR_H 1
| #define HAVE_LANGINFO_H 1
| #define HAVE_MBRLEN 1
| #define HAVE_MBSNRTOWCS 1
| #define HAVE_MBSRTOWCS 1
| #define HAVE_WCRTOMB 1
| #define HAVE_WCSCOLL 1
| #define HAVE_WCSDUP 1
| #define HAVE_WCWIDTH 1
| #define HAVE_WCTYPE 1
| #define HAVE_WCSNRTOMBS 1
| #define HAVE_WCSWIDTH 1
| #define HAVE_MBRTOWC 1
| #define HAVE_MBSTATE_T 1
| #define HAVE_ISWLOWER 1
| #define HAVE_ISWUPPER 1
| #define HAVE_TOWLOWER 1
| #define HAVE_TOWUPPER 1
| #define HAVE_ISWCTYPE 1
| #define HAVE_WCHAR_T 1
| #define HAVE_WCTYPE_T 1
| #define HAVE_WINT_T 1
| #define SIZEOF_WCHAR_T 4
| #define HAVE_LIBDL 1
| #define HAVE_DLOPEN 1
| #define HAVE_DLCLOSE 1
| #define HAVE_DLSYM 1
| #define GETGROUPS_T gid_t
| #define HAVE_INTPTR_T 1
| #define HAVE_UINTPTR_T 1
| #define HAVE_LONG_LONG_INT 1
| #define HAVE_UNSIGNED_LONG_LONG_INT 1
| #define SIZEOF_CHAR 1
| #define SIZEOF_SHORT 2
| #define SIZEOF_INT 4
| #define SIZEOF_LONG 8
| #define SIZEOF_CHAR_P 8
| #define SIZEOF_SIZE_T 8
| #define SIZEOF_DOUBLE 8
| #define SIZEOF_LONG_LONG 8
| #define bits16_t short
| #define u_bits16_t unsigned short
| #define bits32_t int
| #define u_bits32_t unsigned int
| #define bits64_t char *
| #define HAVE_HASH_BANG_EXEC 1
| #define HAVE_POSIX_SIGNALS 1
| #define HAVE_SYS_ERRLIST 1
| #define HAVE_DECL_SYS_SIGLIST 0
| #define HAVE_SOCKLEN_T 1
| #define HAVE_QUAD_T 1
| #define RLIMTYPE rlim_t
| #define HAVE_INTMAX_T 1
| #define HAVE_UINTMAX_T 1
| #define SIZEOF_INTMAX_T 8
| #define TERMIOS_LDISC 1
| #define TERMIO_LDISC 1
| #define HAVE_STRUCT_DIRENT_D_INO 1
| #define HAVE_STRUCT_DIRENT_D_FILENO 1
| #define HAVE_STRUCT_DIRENT_D_TYPE 1
| #define STRUCT_WINSIZE_IN_SYS_IOCTL 1
| #define HAVE_TIMEVAL 1
| #define HAVE_STRUCT_STAT_ST_BLOCKS 1
| #define HAVE_STRUCT_TM_TM_ZONE 1
| #define HAVE_TM_ZONE 1
| #define HAVE_STRUCT_TIMEZONE 1
| #define WEXITSTATUS_OFFSET 8
| #define HAVE_STRUCT_TIMESPEC 1
| #define TIME_H_DEFINES_STRUCT_TIMESPEC 1
| #define HAVE_STRUCT_STAT_ST_ATIM_TV_NSEC 1
| #define TYPEOF_STRUCT_STAT_ST_ATIM_IS_STRUCT_TIMESPEC 1
| #define HAVE_SBRK 1
| #define HAVE_BRK 1
| #define HAVE_STRSIGNAL 1
| #define ULIMIT_MAXFDS 1
| /* end confdefs.h.  */
| #include <stdio.h>
| 
| int
| main (void)
| {
| #ifndef fpurge
| #ifdef __cplusplus
|   (void) fpurge;
| #else
|   (void) fpurge;
| #endif
| #endif
| 
|   ;
|   return 0;
| }
configure:20572: result: no
configure:20583: checking to see if getenv can be redefined
configure:20623: gcc -o conftest -g -O2   conftest.c -ldl  >&5
configure:20623: $? = 0
configure:20623: ./conftest
configure:20623: $? = 0
configure:20635: result: yes
configure:20643: checking if getcwd() will dynamically allocate memory with 0 size
configure:20674: gcc -o conftest -g -O2   conftest.c -ldl  >&5
configure:20674: $? = 0
configure:20674: ./conftest
configure:20674: $? = 0
configure:20686: result: yes
configure:20703: checking for presence of POSIX-style sigsetjmp/siglongjmp
configure:20773: gcc -o conftest -g -O2   conftest.c -ldl  >&5
configure:20773: $? = 0
configure:20773: ./conftest
configure:20773: $? = 0
configure:20785: result: present
configure:20792: checking whether or not strcoll and strcmp differ
configure:20845: gcc -o conftest -g -O2   conftest.c -ldl  >&5
configure:20845: $? = 0
configure:20845: ./conftest
configure:20845: $? = 1
configure: program exited with status 1
configure: failed program was:
| /* confdefs.h */
| #define PACKAGE_NAME "bash"
| #define PACKAGE_TARNAME "bash"
| #define PACKAGE_VERSION "5.3-release"
| #define PACKAGE_STRING "bash 5.3-release"
| #define PACKAGE_BUGREPORT "bug-bash@gnu.org"
| #define PACKAGE_URL ""
| #define USING_BASH_MALLOC 1
| #define ALIAS 1
| #define PUSHD_AND_POPD 1
| #define RESTRICTED_SHELL 1
| #define PROCESS_SUBSTITUTION 1
| #define PROMPT_STRING_DECODE 1
| #define SELECT_COMMAND 1
| #define HELP_BUILTIN 1
| #define ARRAY_VARS 1
| #define DPAREN_ARITHMETIC 1
| #define BRACE_EXPANSION 1
| #define COMMAND_TIMING 1
| #define EXTENDED_GLOB 1
| #define EXTGLOB_DEFAULT 0
| #define COND_COMMAND 1
| #define COND_REGEXP 1
| #define COPROCESS_SUPPORT 1
| #define ARITH_FOR_COMMAND 1
| #define NETWORK_REDIRECTIONS 1
| #define PROGRAMMABLE_COMPLETION 1
| #define DEBUGGER 1
| #define CASEMOD_ATTRS 1
| #define CASEMOD_EXPANSIONS 1
| #define GLOBASCII_DEFAULT 1
| #define FUNCTION_IMPORT 1
| #define TRANSLATABLE_STRINGS 1
| #define BASH_SOURCE_FULLPATH_DEFAULT 0
| #define MEMSCRAMBLE 1
| #define HAVE_STDIO_H 1
| #define HAVE_STDLIB_H 1
| #define HAVE_STRING_H 1
| #define HAVE_INTTYPES_H 1
| #define HAVE_STDINT_H 1
| #define HAVE_STRINGS_H 1
| #define HAVE_SYS_STAT_H 1
| #define HAVE_SYS_TYPES_H 1
| #define HAVE_UNISTD_H 1
| #define HAVE_WCHAR_H 1
| #define HAVE_STDBOOL_H 1
| #define HAVE_SYS_PARAM_H 1
| #define HAVE_THREADS_H 1
| #define HAVE_SYS_TIME_H 1
| #define STDC_HEADERS 1
| #define _ALL_SOURCE 1
| #define _DARWIN_C_SOURCE 1
| #define _GNU_SOURCE 1
| #define _HPUX_ALT_XOPEN_SOCKET_API 1
| #define _NETBSD_SOURCE 1
| #define _OPENBSD_SOURCE 1
| #define _POSIX_PTHREAD_SEMANTICS 1
| #define __STDC_WANT_IEC_60559_ATTRIBS_EXT__ 1
| #define __STDC_WANT_IEC_60559_BFP_EXT__ 1
| #define __STDC_WANT_IEC_60559_DFP_EXT__ 1
| #define __STDC_WANT_IEC_60559_FUNCS_EXT__ 1
| #define __STDC_WANT_IEC_60559_TYPES_EXT__ 1
| #define __STDC_WANT_LIB_EXT2__ 1
| #define __STDC_WANT_MATH_SPEC_FUNCS__ 1
| #define _TANDEM_SOURCE 1
| #define __EXTENSIONS__ 1
| #define READLINE 1
| #define HISTORY 1
| #define BANG_HISTORY 1
| #define HAVE_STRINGIZE 1
| #define HAVE_LONG_DOUBLE 1
| #define restrict __restrict__
| #define HAVE_VISIBILITY 1
| #define HAVE_STDINT_H_WITH_UINTMAX 1
| #define HAVE_ALLOCA_H 1
| #define HAVE_ALLOCA 1
| #define HAVE_GETPAGESIZE 1
| #define HAVE_SYMLINK 1
| #define HAVE_USELOCALE 1
| #define HAVE_VPRINTF 1
| #define HAVE_ALARM 1
| #define HAVE___FPURGE 1
| #define HAVE_SNPRINTF 1
| #define HAVE_VSNPRINTF 1
| #define HAVE_MMAP 1
| #define INTDIV0_RAISES_SIGFPE 1
| #define HAVE_INTTYPES_H_WITH_UINTMAX 1
| #define HAVE_UNSIGNED_LONG_LONG_INT 1
| #define HAVE_UINTMAX_T 1
| #define HAVE_WEAK_SYMBOLS 1
| #define HAVE_PTHREAD_API 1
| #define USE_POSIX_THREADS 1
| #define USE_POSIX_THREADS_FROM_LIBC 1
| #define HAVE_PTHREAD_RWLOCK 1
| #define HAVE_PTHREAD_MUTEX_RECURSIVE 1
| #define HAVE_ICONV 1
| #define ICONV_CONST 
| #define HAVE_BUILTIN_EXPECT 1
| #define HAVE_INTTYPES_H 1
| #define HAVE_UNISTD_H 1
| #define HAVE_SYS_PARAM_H 1
| #define HAVE_GETCWD 1
| #define HAVE_GETEGID 1
| #define HAVE_GETEUID 1
| #define HAVE_GETGID 1
| #define HAVE_GETUID 1
| #define HAVE_MEMPCPY 1
| #define HAVE_MUNMAP 1
| #define HAVE_STPCPY 1
| #define HAVE_STRCASECMP 1
| #define HAVE_TSEARCH 1
| #define HAVE___FSETLOCKING 1
| #define HAVE_DECL_FEOF_UNLOCKED 1
| #define HAVE_DECL_FGETS_UNLOCKED 1
| #define HAVE_LOCALECONV 1
| #define HAVE_LONG_LONG_INT 1
| #define HAVE_WCHAR_T 1
| #define HAVE_WINT_T 1
| #define HAVE_INTMAX_T 1
| #define HAVE_POSIX_PRINTF 1
| #define HAVE_STDINT_H 1
| #define HAVE_STDINT_H 1
| #define HAVE_WORKING_O_NOATIME 0
| #define HAVE_WORKING_O_NOFOLLOW 0
| #define HAVE_WORKING_USELOCALE 1
| #define HAVE_GOOD_USELOCALE 1
| #define FLEXIBLE_ARRAY_MEMBER /**/
| #define HAVE_FEATURES_H 1
| #define HAVE_STDDEF_H 1
| #define HAVE_STDLIB_H 1
| #define HAVE_STRING_H 1
| #define HAVE_ASPRINTF 1
| #define HAVE_WPRINTF 1
| #define HAVE_NEWLOCALE 1
| #define HAVE_PUTENV 1
| #define HAVE_SETENV 1
| #define HAVE_SNPRINTF 1
| #define HAVE_STRNLEN 1
| #define HAVE_USELOCALE 1
| #define HAVE_WCSLEN 1
| #define HAVE_WCSNLEN 1
| #define HAVE_MBRTOWC 1
| #define HAVE_WCRTOMB 1
| #define HAVE_DECL__SNPRINTF 0
| #define HAVE_DECL__SNWPRINTF 0
| #define HAVE_DECL_GETC_UNLOCKED 1
| #define HAVE_NL_LANGINFO 1
| #define HAVE_LANGINFO_CODESET 1
| #define HAVE_LC_MESSAGES 1
| #define ENABLE_NLS 1
| #define HAVE_GETTEXT 1
| #define HAVE_DCGETTEXT 1
| #define HAVE_DIRENT_H 1
| #define MAJOR_IN_SYSMACROS 1
| #define HAVE_INTTYPES_H 1
| #define HAVE_UNISTD_H 1
| #define HAVE_STDLIB_H 1
| #define HAVE_LIMITS_H 1
| #define HAVE_STRING_H 1
| #define HAVE_MEMORY_H 1
| #define HAVE_LOCALE_H 1
| #define HAVE_TERMCAP_H 1
| #define HAVE_TERMIO_H 1
| #define HAVE_TERMIOS_H 1
| #define HAVE_DLFCN_H 1
| #define HAVE_STDDEF_H 1
| #define HAVE_STDINT_H 1
| #define HAVE_NETDB_H 1
| #define HAVE_PWD_H 1
| #define HAVE_GRP_H 1
| #define HAVE_STRINGS_H 1
| #define HAVE_REGEX_H 1
| #define HAVE_SYSLOG_H 1
| #define HAVE_ULIMIT_H 1
| #define HAVE_SYS_SELECT_H 1
| #define HAVE_SYS_FILE_H 1
| #define HAVE_SYS_IOCTL_H 1
| #define HAVE_SYS_MMAN_H 1
| #define HAVE_SYS_PARAM_H 1
| #define HAVE_SYS_RANDOM_H 1
| #define HAVE_SYS_SOCKET_H 1
| #define HAVE_SYS_STAT_H 1
| #define HAVE_SYS_TIME_H 1
| #define HAVE_SYS_TIMES_H 1
| #define HAVE_SYS_TYPES_H 1
| #define HAVE_SYS_WAIT_H 1
| #define HAVE_NETINET_IN_H 1
| #define HAVE_ARPA_INET_H 1
| #define HAVE_SYS_RESOURCE_H 1
| #define HAVE_ALLOCA_H 1
| #define HAVE_ALLOCA 1
| #define HAVE_CHOWN 1
| #define GETPGRP_VOID 1
| #define HAVE_STRCOLL 1
| #define HAVE_WAIT3 1
| #define HAVE_MKFIFO 1
| #define HAVE_DUP2 1
| #define HAVE_EACCESS 1
| #define HAVE_FCNTL 1
| #define HAVE_GETDTABLESIZE 1
| #define HAVE_GETENTROPY 1
| #define HAVE_GETGROUPS 1
| #define HAVE_GETHOSTNAME 1
| #define HAVE_GETPAGESIZE 1
| #define HAVE_GETPEERNAME 1
| #define HAVE_GETRANDOM 1
| #define HAVE_GETRLIMIT 1
| #define HAVE_GETRUSAGE 1
| #define HAVE_GETTIMEOFDAY 1
| #define HAVE_KILL 1
| #define HAVE_KILLPG 1
| #define HAVE_LSTAT 1
| #define HAVE_NANOSLEEP 1
| #define HAVE_PSELECT 1
| #define HAVE_READLINK 1
| #define HAVE_SELECT 1
| #define HAVE_SETITIMER 1
| #define HAVE_STATFS 1
| #define HAVE_TCGETPGRP 1
| #define HAVE_UNAME 1
| #define HAVE_ULIMIT 1
| #define HAVE_WAITPID 1
| #define HAVE_RENAME 1
| #define HAVE_BCOPY 1
| #define HAVE_BZERO 1
| #define HAVE_CLOCK_GETTIME 1
| #define HAVE_CONFSTR 1
| #define HAVE_FACCESSAT 1
| #define HAVE_FNMATCH 1
| #define HAVE_GETADDRINFO 1
| #define HAVE_GETHOSTBYNAME 1
| #define HAVE_GETSERVBYNAME 1
| #define HAVE_GETSERVENT 1
| #define HAVE_INET_ATON 1
| #define HAVE_IMAXDIV 1
| #define HAVE_MEMMOVE 1
| #define HAVE_PATHCONF 1
| #define HAVE_PUTENV 1
| #define HAVE_RAISE 1
| #define HAVE_RANDOM 1
| #define HAVE_REGCOMP 1
| #define HAVE_REGEXEC 1
| #define HAVE_SETENV 1
| #define HAVE_SETLINEBUF 1
| #define HAVE_SETLOCALE 1
| #define HAVE_SETVBUF 1
| #define HAVE_SIGINTERRUPT 1
| #define HAVE_STRCHR 1
| #define HAVE_SYSCONF 1
| #define HAVE_SYSLOG 1
| #define HAVE_TCGETATTR 1
| #define HAVE_TIMES 1
| #define HAVE_TTYNAME 1
| #define HAVE_TZSET 1
| #define HAVE_UNSETENV 1
| #define HAVE_VASPRINTF 1
| #define HAVE_ASPRINTF 1
| #define HAVE_ISASCII 1
| #define HAVE_ISBLANK 1
| #define HAVE_ISGRAPH 1
| #define HAVE_ISPRINT 1
| #define HAVE_ISSPACE 1
| #define HAVE_ISXDIGIT 1
| #define HAVE_GETPWENT 1
| #define HAVE_GETPWNAM 1
| #define HAVE_GETPWUID 1
| #define HAVE_MKSTEMP 1
| #define HAVE_MKDTEMP 1
| #define HAVE_ARC4RANDOM 1
| #define HAVE_STRLCAT 1
| #define HAVE_MEMFD_CREATE 1
| #define HAVE_SHM_OPEN 1
| #define HAVE_GETCWD 1
| #define HAVE_MEMSET 1
| #define HAVE_STRCASECMP 1
| #define HAVE_STRCASESTR 1
| #define HAVE_STRERROR 1
| #define HAVE_STRFTIME 1
| #define HAVE_STRNLEN 1
| #define HAVE_STRPBRK 1
| #define HAVE_STRSTR 1
| #define HAVE_STRTOD 1
| #define HAVE_STRTOL 1
| #define HAVE_STRTOUL 1
| #define HAVE_STRTOLL 1
| #define HAVE_STRTOULL 1
| #define HAVE_STRTOUMAX 1
| #define HAVE_DPRINTF 1
| #define HAVE_STRDUP 1
| #define HAVE_STRLCPY 1
| #define HAVE_REALLOCARRAY 1
| #define HAVE_DECL_AUDIT_USER_TTY 1
| #define HAVE_DECL_CONFSTR 1
| #define HAVE_DECL_PRINTF 1
| #define HAVE_DECL_BRK 1
| #define HAVE_DECL_SBRK 1
| #define HAVE_DECL_SETREGID 1
| #define HAVE_DECL_STRCPY 1
| #define HAVE_DECL_STRSIGNAL 1
| #define HAVE_SETRESUID 1
| #define HAVE_SETRESGID 1
| #define HAVE_DECL_STRTOLD 1
| #define HAVE_DECL_STRTOL 1
| #define HAVE_DECL_STRTOLL 1
| #define HAVE_DECL_STRTOUL 1
| #define HAVE_DECL_STRTOULL 1
| #define HAVE_DECL_STRTOUMAX 1
| #define HAVE_ARGZ_H 1
| #define HAVE_ERRNO_H 1
| #define HAVE_FCNTL_H 1
| #define HAVE_MALLOC_H 1
| #define HAVE_STDIO_EXT_H 1
| #define HAVE_MALLOC 1
| #define HAVE_MMAP 1
| #define HAVE___ARGZ_COUNT 1
| #define HAVE___ARGZ_NEXT 1
| #define HAVE___ARGZ_STRINGIFY 1
| #define HAVE_DCGETTEXT 1
| #define HAVE_MEMPCPY 1
| #define HAVE_MUNMAP 1
| #define HAVE_MREMAP 1
| #define HAVE_STPCPY 1
| #define HAVE_STRCSPN 1
| #define HAVE_WCTYPE_H 1
| #define HAVE_WCHAR_H 1
| #define HAVE_LANGINFO_H 1
| #define HAVE_MBRLEN 1
| #define HAVE_MBSNRTOWCS 1
| #define HAVE_MBSRTOWCS 1
| #define HAVE_WCRTOMB 1
| #define HAVE_WCSCOLL 1
| #define HAVE_WCSDUP 1
| #define HAVE_WCWIDTH 1
| #define HAVE_WCTYPE 1
| #define HAVE_WCSNRTOMBS 1
| #define HAVE_WCSWIDTH 1
| #define HAVE_MBRTOWC 1
| #define HAVE_MBSTATE_T 1
| #define HAVE_ISWLOWER 1
| #define HAVE_ISWUPPER 1
| #define HAVE_TOWLOWER 1
| #define HAVE_TOWUPPER 1
| #define HAVE_ISWCTYPE 1
| #define HAVE_WCHAR_T 1
| #define HAVE_WCTYPE_T 1
| #define HAVE_WINT_T 1
| #define SIZEOF_WCHAR_T 4
| #define HAVE_LIBDL 1
| #define HAVE_DLOPEN 1
| #define HAVE_DLCLOSE 1
| #define HAVE_DLSYM 1
| #define GETGROUPS_T gid_t
| #define HAVE_INTPTR_T 1
| #define HAVE_UINTPTR_T 1
| #define HAVE_LONG_LONG_INT 1
| #define HAVE_UNSIGNED_LONG_LONG_INT 1
| #define SIZEOF_CHAR 1
| #define SIZEOF_SHORT 2
| #define SIZEOF_INT 4
| #define SIZEOF_LONG 8
| #define SIZEOF_CHAR_P 8
| #define SIZEOF_SIZE_T 8
| #define SIZEOF_DOUBLE 8
| #define SIZEOF_LONG_LONG 8
| #define bits16_t short
| #define u_bits16_t unsigned short
| #define bits32_t int
| #define u_bits32_t unsigned int
| #define bits64_t char *
| #define HAVE_HASH_BANG_EXEC 1
| #define HAVE_POSIX_SIGNALS 1
| #define HAVE_SYS_ERRLIST 1
| #define HAVE_DECL_SYS_SIGLIST 0
| #define HAVE_SOCKLEN_T 1
| #define HAVE_QUAD_T 1
| #define RLIMTYPE rlim_t
| #define HAVE_INTMAX_T 1
| #define HAVE_UINTMAX_T 1
| #define SIZEOF_INTMAX_T 8
| #define TERMIOS_LDISC 1
| #define TERMIO_LDISC 1
| #define HAVE_STRUCT_DIRENT_D_INO 1
| #define HAVE_STRUCT_DIRENT_D_FILENO 1
| #define HAVE_STRUCT_DIRENT_D_TYPE 1
| #define STRUCT_WINSIZE_IN_SYS_IOCTL 1
| #define HAVE_TIMEVAL 1
| #define HAVE_STRUCT_STAT_ST_BLOCKS 1
| #define HAVE_STRUCT_TM_TM_ZONE 1
| #define HAVE_TM_ZONE 1
| #define HAVE_STRUCT_TIMEZONE 1
| #define WEXITSTATUS_OFFSET 8
| #define HAVE_STRUCT_TIMESPEC 1
| #define TIME_H_DEFINES_STRUCT_TIMESPEC 1
| #define HAVE_STRUCT_STAT_ST_ATIM_TV_NSEC 1
| #define TYPEOF_STRUCT_STAT_ST_ATIM_IS_STRUCT_TIMESPEC 1
| #define HAVE_SBRK 1
| #define HAVE_BRK 1
| #define HAVE_STRSIGNAL 1
| #define ULIMIT_MAXFDS 1
| #define HAVE_DECL_FPURGE 0
| #define CAN_REDEFINE_GETENV 1
| #define HAVE_GETCWD 1
| #define HAVE_POSIX_SIGSETJMP 1
| /* end confdefs.h.  */
| 
| #include <stdio.h>
| #if defined (HAVE_LOCALE_H)
| #include <locale.h>
| #endif
| #include <string.h>
| #include <stdlib.h>
| 
| int
| main(int c, char **v)
| {
|         int     r1, r2;
|         char    *deflocale, *defcoll;
| 
| #ifdef HAVE_SETLOCALE
|         deflocale = setlocale(LC_ALL, "");
| 	defcoll = setlocale(LC_COLLATE, "");
| #endif
| 
| #ifdef HAVE_STRCOLL
| 	/* These two values are taken from tests/glob-test. */
|         r1 = strcoll("abd", "aXd");
| #else
| 	r1 = 0;
| #endif
|         r2 = strcmp("abd", "aXd");
| 
| 	/* These two should both be greater than 0.  It is permissible for
| 	   a system to return different values, as long as the sign is the
| 	   same. */
| 
|         /* Exit with 1 (failure) if these two values are both > 0, since
| 	   this tests whether strcoll(3) is broken with respect to strcmp(3)
| 	   in the default locale. */
| 	exit (r1 > 0 && r2 > 0);
| }
| 
configure:20857: result: no
configure:20868: checking for standard-conformant snprintf
configure:20896: gcc -o conftest -g -O2   conftest.c -ldl  >&5
configure:20896: $? = 0
configure:20896: ./conftest
configure:20896: $? = 0
configure:20907: result: yes
configure:20923: checking for standard-conformant vsnprintf
configure:20964: gcc -o conftest -g -O2   conftest.c -ldl  >&5
configure:20964: $? = 0
configure:20964: ./conftest
configure:20964: $? = 0
configure:20975: result: yes
configure:20989: checking for strtoimax
configure:20989: gcc -o conftest -g -O2   conftest.c -ldl  >&5
configure:20989: $? = 0
configure:20989: result: yes
configure:20996: checking whether strtoimax is declared
configure:20996: gcc -c -g -O2   conftest.c >&5
configure:20996: $? = 0
configure:20996: result: yes
configure:21015: checking whether clearerr_unlocked is declared
configure:21015: gcc -c -g -O2   conftest.c >&5
configure:21015: $? = 0
configure:21015: result: yes
configure:21024: checking whether feof_unlocked is declared
configure:21024: result: yes
configure:21033: checking whether ferror_unlocked is declared
configure:21033: gcc -c -g -O2   conftest.c >&5
configure:21033: $? = 0
configure:21033: result: yes
configure:21042: checking whether fflush_unlocked is declared
configure:21042: gcc -c -g -O2   conftest.c >&5
configure:21042: $? = 0
configure:21042: result: yes
configure:21051: checking whether fgets_unlocked is declared
configure:21051: result: yes
configure:21060: checking whether fputc_unlocked is declared
configure:21060: gcc -c -g -O2   conftest.c >&5
configure:21060: $? = 0
configure:21060: result: yes
configure:21069: checking whether fputs_unlocked is declared
configure:21069: gcc -c -g -O2   conftest.c >&5
configure:21069: $? = 0
configure:21069: result: yes
configure:21078: checking whether fread_unlocked is declared
configure:21078: gcc -c -g -O2   conftest.c >&5
configure:21078: $? = 0
configure:21078: result: yes
configure:21087: checking whether fwrite_unlocked is declared
configure:21087: gcc -c -g -O2   conftest.c >&5
configure:21087: $? = 0
configure:21087: result: yes
configure:21096: checking whether getc_unlocked is declared
configure:21096: result: yes
configure:21105: checking whether getchar_unlocked is declared
configure:21105: gcc -c -g -O2   conftest.c >&5
configure:21105: $? = 0
configure:21105: result: yes
configure:21114: checking whether putc_unlocked is declared
configure:21114: gcc -c -g -O2   conftest.c >&5
configure:21114: $? = 0
configure:21114: result: yes
configure:21123: checking whether putchar_unlocked is declared
configure:21123: gcc -c -g -O2   conftest.c >&5
configure:21123: $? = 0
configure:21123: result: yes
configure:21153: checking for standard-conformant putenv declaration
configure:21178: gcc -o conftest -g -O2   conftest.c -ldl  >&5
configure:21178: $? = 0
configure:21188: result: yes
configure:21201: checking for standard-conformant unsetenv declaration
configure:21226: gcc -o conftest -g -O2   conftest.c -ldl  >&5
configure:21226: $? = 0
configure:21236: result: yes
configure:21248: checking for printf floating point output in hex notation
configure:21279: gcc -o conftest -g -O2   conftest.c -ldl  >&5
configure:21279: $? = 0
configure:21279: ./conftest
configure:21279: $? = 0
configure:21291: result: yes
configure:21299: checking whether fnmatch can be used to check bracket equivalence classes
configure:21336: gcc -o conftest -g -O2   conftest.c -ldl  >&5
configure:21336: $? = 0
configure:21336: ./conftest
configure:21336: $? = 0
configure:21348: result: yes
configure:21361: checking if signal handlers must be reinstalled when invoked
configure:21420: gcc -o conftest -g -O2   conftest.c -ldl  >&5
configure:21420: $? = 0
configure:21420: ./conftest
configure:21420: $? = 0
configure:21432: result: no
configure:21440: checking for presence of necessary job control definitions
configure:21498: gcc -c -g -O2  conftest.c >&5
configure:21498: $? = 0
configure:21508: result: present
configure:21515: checking for presence of named pipes
configure:21573: gcc -o conftest -g -O2   conftest.c -ldl  >&5
configure:21573: $? = 0
configure:21573: ./conftest
configure:21573: $? = 0
configure:21585: result: present
configure:21593: checking whether termios.h defines TIOCGWINSZ
configure:21618: result: no
configure:21622: checking whether sys/ioctl.h defines TIOCGWINSZ
configure:21647: result: yes
configure:21657: checking for TIOCSTAT in sys/ioctl.h
configure:21676: gcc -c -g -O2  conftest.c >&5
conftest.c: In function 'main':
conftest.c:431:9: error: 'TIOCSTAT' undeclared (first use in this function); did you mean 'TIOCSTI'?
  431 | int x = TIOCSTAT;
      |         ^~~~~~~~
      |         TIOCSTI
conftest.c:431:9: note: each undeclared identifier is reported only once for each function it appears in
configure:21676: $? = 1
configure: failed program was:
| /* confdefs.h */
| #define PACKAGE_NAME "bash"
| #define PACKAGE_TARNAME "bash"
| #define PACKAGE_VERSION "5.3-release"
| #define PACKAGE_STRING "bash 5.3-release"
| #define PACKAGE_BUGREPORT "bug-bash@gnu.org"
| #define PACKAGE_URL ""
| #define USING_BASH_MALLOC 1
| #define ALIAS 1
| #define PUSHD_AND_POPD 1
| #define RESTRICTED_SHELL 1
| #define PROCESS_SUBSTITUTION 1
| #define PROMPT_STRING_DECODE 1
| #define SELECT_COMMAND 1
| #define HELP_BUILTIN 1
| #define ARRAY_VARS 1
| #define DPAREN_ARITHMETIC 1
| #define BRACE_EXPANSION 1
| #define COMMAND_TIMING 1
| #define EXTENDED_GLOB 1
| #define EXTGLOB_DEFAULT 0
| #define COND_COMMAND 1
| #define COND_REGEXP 1
| #define COPROCESS_SUPPORT 1
| #define ARITH_FOR_COMMAND 1
| #define NETWORK_REDIRECTIONS 1
| #define PROGRAMMABLE_COMPLETION 1
| #define DEBUGGER 1
| #define CASEMOD_ATTRS 1
| #define CASEMOD_EXPANSIONS 1
| #define GLOBASCII_DEFAULT 1
| #define FUNCTION_IMPORT 1
| #define TRANSLATABLE_STRINGS 1
| #define BASH_SOURCE_FULLPATH_DEFAULT 0
| #define MEMSCRAMBLE 1
| #define HAVE_STDIO_H 1
| #define HAVE_STDLIB_H 1
| #define HAVE_STRING_H 1
| #define HAVE_INTTYPES_H 1
| #define HAVE_STDINT_H 1
| #define HAVE_STRINGS_H 1
| #define HAVE_SYS_STAT_H 1
| #define HAVE_SYS_TYPES_H 1
| #define HAVE_UNISTD_H 1
| #define HAVE_WCHAR_H 1
| #define HAVE_STDBOOL_H 1
| #define HAVE_SYS_PARAM_H 1
| #define HAVE_THREADS_H 1
| #define HAVE_SYS_TIME_H 1
| #define STDC_HEADERS 1
| #define _ALL_SOURCE 1
| #define _DARWIN_C_SOURCE 1
| #define _GNU_SOURCE 1
| #define _HPUX_ALT_XOPEN_SOCKET_API 1
| #define _NETBSD_SOURCE 1
| #define _OPENBSD_SOURCE 1
| #define _POSIX_PTHREAD_SEMANTICS 1
| #define __STDC_WANT_IEC_60559_ATTRIBS_EXT__ 1
| #define __STDC_WANT_IEC_60559_BFP_EXT__ 1
| #define __STDC_WANT_IEC_60559_DFP_EXT__ 1
| #define __STDC_WANT_IEC_60559_FUNCS_EXT__ 1
| #define __STDC_WANT_IEC_60559_TYPES_EXT__ 1
| #define __STDC_WANT_LIB_EXT2__ 1
| #define __STDC_WANT_MATH_SPEC_FUNCS__ 1
| #define _TANDEM_SOURCE 1
| #define __EXTENSIONS__ 1
| #define READLINE 1
| #define HISTORY 1
| #define BANG_HISTORY 1
| #define HAVE_STRINGIZE 1
| #define HAVE_LONG_DOUBLE 1
| #define restrict __restrict__
| #define HAVE_VISIBILITY 1
| #define HAVE_STDINT_H_WITH_UINTMAX 1
| #define HAVE_ALLOCA_H 1
| #define HAVE_ALLOCA 1
| #define HAVE_GETPAGESIZE 1
| #define HAVE_SYMLINK 1
| #define HAVE_USELOCALE 1
| #define HAVE_VPRINTF 1
| #define HAVE_ALARM 1
| #define HAVE___FPURGE 1
| #define HAVE_SNPRINTF 1
| #define HAVE_VSNPRINTF 1
| #define HAVE_MMAP 1
| #define INTDIV0_RAISES_SIGFPE 1
| #define HAVE_INTTYPES_H_WITH_UINTMAX 1
| #define HAVE_UNSIGNED_LONG_LONG_INT 1
| #define HAVE_UINTMAX_T 1
| #define HAVE_WEAK_SYMBOLS 1
| #define HAVE_PTHREAD_API 1
| #define USE_POSIX_THREADS 1
| #define USE_POSIX_THREADS_FROM_LIBC 1
| #define HAVE_PTHREAD_RWLOCK 1
| #define HAVE_PTHREAD_MUTEX_RECURSIVE 1
| #define HAVE_ICONV 1
| #define ICONV_CONST 
| #define HAVE_BUILTIN_EXPECT 1
| #define HAVE_INTTYPES_H 1
| #define HAVE_UNISTD_H 1
| #define HAVE_SYS_PARAM_H 1
| #define HAVE_GETCWD 1
| #define HAVE_GETEGID 1
| #define HAVE_GETEUID 1
| #define HAVE_GETGID 1
| #define HAVE_GETUID 1
| #define HAVE_MEMPCPY 1
| #define HAVE_MUNMAP 1
| #define HAVE_STPCPY 1
| #define HAVE_STRCASECMP 1
| #define HAVE_TSEARCH 1
| #define HAVE___FSETLOCKING 1
| #define HAVE_DECL_FEOF_UNLOCKED 1
| #define HAVE_DECL_FGETS_UNLOCKED 1
| #define HAVE_LOCALECONV 1
| #define HAVE_LONG_LONG_INT 1
| #define HAVE_WCHAR_T 1
| #define HAVE_WINT_T 1
| #define HAVE_INTMAX_T 1
| #define HAVE_POSIX_PRINTF 1
| #define HAVE_STDINT_H 1
| #define HAVE_STDINT_H 1
| #define HAVE_WORKING_O_NOATIME 0
| #define HAVE_WORKING_O_NOFOLLOW 0
| #define HAVE_WORKING_USELOCALE 1
| #define HAVE_GOOD_USELOCALE 1
| #define FLEXIBLE_ARRAY_MEMBER /**/
| #define HAVE_FEATURES_H 1
| #define HAVE_STDDEF_H 1
| #define HAVE_STDLIB_H 1
| #define HAVE_STRING_H 1
| #define HAVE_ASPRINTF 1
| #define HAVE_WPRINTF 1
| #define HAVE_NEWLOCALE 1
| #define HAVE_PUTENV 1
| #define HAVE_SETENV 1
| #define HAVE_SNPRINTF 1
| #define HAVE_STRNLEN 1
| #define HAVE_USELOCALE 1
| #define HAVE_WCSLEN 1
| #define HAVE_WCSNLEN 1
| #define HAVE_MBRTOWC 1
| #define HAVE_WCRTOMB 1
| #define HAVE_DECL__SNPRINTF 0
| #define HAVE_DECL__SNWPRINTF 0
| #define HAVE_DECL_GETC_UNLOCKED 1
| #define HAVE_NL_LANGINFO 1
| #define HAVE_LANGINFO_CODESET 1
| #define HAVE_LC_MESSAGES 1
| #define ENABLE_NLS 1
| #define HAVE_GETTEXT 1
| #define HAVE_DCGETTEXT 1
| #define HAVE_DIRENT_H 1
| #define MAJOR_IN_SYSMACROS 1
| #define HAVE_INTTYPES_H 1
| #define HAVE_UNISTD_H 1
| #define HAVE_STDLIB_H 1
| #define HAVE_LIMITS_H 1
| #define HAVE_STRING_H 1
| #define HAVE_MEMORY_H 1
| #define HAVE_LOCALE_H 1
| #define HAVE_TERMCAP_H 1
| #define HAVE_TERMIO_H 1
| #define HAVE_TERMIOS_H 1
| #define HAVE_DLFCN_H 1
| #define HAVE_STDDEF_H 1
| #define HAVE_STDINT_H 1
| #define HAVE_NETDB_H 1
| #define HAVE_PWD_H 1
| #define HAVE_GRP_H 1
| #define HAVE_STRINGS_H 1
| #define HAVE_REGEX_H 1
| #define HAVE_SYSLOG_H 1
| #define HAVE_ULIMIT_H 1
| #define HAVE_SYS_SELECT_H 1
| #define HAVE_SYS_FILE_H 1
| #define HAVE_SYS_IOCTL_H 1
| #define HAVE_SYS_MMAN_H 1
| #define HAVE_SYS_PARAM_H 1
| #define HAVE_SYS_RANDOM_H 1
| #define HAVE_SYS_SOCKET_H 1
| #define HAVE_SYS_STAT_H 1
| #define HAVE_SYS_TIME_H 1
| #define HAVE_SYS_TIMES_H 1
| #define HAVE_SYS_TYPES_H 1
| #define HAVE_SYS_WAIT_H 1
| #define HAVE_NETINET_IN_H 1
| #define HAVE_ARPA_INET_H 1
| #define HAVE_SYS_RESOURCE_H 1
| #define HAVE_ALLOCA_H 1
| #define HAVE_ALLOCA 1
| #define HAVE_CHOWN 1
| #define GETPGRP_VOID 1
| #define HAVE_STRCOLL 1
| #define HAVE_WAIT3 1
| #define HAVE_MKFIFO 1
| #define HAVE_DUP2 1
| #define HAVE_EACCESS 1
| #define HAVE_FCNTL 1
| #define HAVE_GETDTABLESIZE 1
| #define HAVE_GETENTROPY 1
| #define HAVE_GETGROUPS 1
| #define HAVE_GETHOSTNAME 1
| #define HAVE_GETPAGESIZE 1
| #define HAVE_GETPEERNAME 1
| #define HAVE_GETRANDOM 1
| #define HAVE_GETRLIMIT 1
| #define HAVE_GETRUSAGE 1
| #define HAVE_GETTIMEOFDAY 1
| #define HAVE_KILL 1
| #define HAVE_KILLPG 1
| #define HAVE_LSTAT 1
| #define HAVE_NANOSLEEP 1
| #define HAVE_PSELECT 1
| #define HAVE_READLINK 1
| #define HAVE_SELECT 1
| #define HAVE_SETITIMER 1
| #define HAVE_STATFS 1
| #define HAVE_TCGETPGRP 1
| #define HAVE_UNAME 1
| #define HAVE_ULIMIT 1
| #define HAVE_WAITPID 1
| #define HAVE_RENAME 1
| #define HAVE_BCOPY 1
| #define HAVE_BZERO 1
| #define HAVE_CLOCK_GETTIME 1
| #define HAVE_CONFSTR 1
| #define HAVE_FACCESSAT 1
| #define HAVE_FNMATCH 1
| #define HAVE_GETADDRINFO 1
| #define HAVE_GETHOSTBYNAME 1
| #define HAVE_GETSERVBYNAME 1
| #define HAVE_GETSERVENT 1
| #define HAVE_INET_ATON 1
| #define HAVE_IMAXDIV 1
| #define HAVE_MEMMOVE 1
| #define HAVE_PATHCONF 1
| #define HAVE_PUTENV 1
| #define HAVE_RAISE 1
| #define HAVE_RANDOM 1
| #define HAVE_REGCOMP 1
| #define HAVE_REGEXEC 1
| #define HAVE_SETENV 1
| #define HAVE_SETLINEBUF 1
| #define HAVE_SETLOCALE 1
| #define HAVE_SETVBUF 1
| #define HAVE_SIGINTERRUPT 1
| #define HAVE_STRCHR 1
| #define HAVE_SYSCONF 1
| #define HAVE_SYSLOG 1
| #define HAVE_TCGETATTR 1
| #define HAVE_TIMES 1
| #define HAVE_TTYNAME 1
| #define HAVE_TZSET 1
| #define HAVE_UNSETENV 1
| #define HAVE_VASPRINTF 1
| #define HAVE_ASPRINTF 1
| #define HAVE_ISASCII 1
| #define HAVE_ISBLANK 1
| #define HAVE_ISGRAPH 1
| #define HAVE_ISPRINT 1
| #define HAVE_ISSPACE 1
| #define HAVE_ISXDIGIT 1
| #define HAVE_GETPWENT 1
| #define HAVE_GETPWNAM 1
| #define HAVE_GETPWUID 1
| #define HAVE_MKSTEMP 1
| #define HAVE_MKDTEMP 1
| #define HAVE_ARC4RANDOM 1
| #define HAVE_STRLCAT 1
| #define HAVE_MEMFD_CREATE 1
| #define HAVE_SHM_OPEN 1
| #define HAVE_GETCWD 1
| #define HAVE_MEMSET 1
| #define HAVE_STRCASECMP 1
| #define HAVE_STRCASESTR 1
| #define HAVE_STRERROR 1
| #define HAVE_STRFTIME 1
| #define HAVE_STRNLEN 1
| #define HAVE_STRPBRK 1
| #define HAVE_STRSTR 1
| #define HAVE_STRTOD 1
| #define HAVE_STRTOL 1
| #define HAVE_STRTOUL 1
| #define HAVE_STRTOLL 1
| #define HAVE_STRTOULL 1
| #define HAVE_STRTOUMAX 1
| #define HAVE_DPRINTF 1
| #define HAVE_STRDUP 1
| #define HAVE_STRLCPY 1
| #define HAVE_REALLOCARRAY 1
| #define HAVE_DECL_AUDIT_USER_TTY 1
| #define HAVE_DECL_CONFSTR 1
| #define HAVE_DECL_PRINTF 1
| #define HAVE_DECL_BRK 1
| #define HAVE_DECL_SBRK 1
| #define HAVE_DECL_SETREGID 1
| #define HAVE_DECL_STRCPY 1
| #define HAVE_DECL_STRSIGNAL 1
| #define HAVE_SETRESUID 1
| #define HAVE_SETRESGID 1
| #define HAVE_DECL_STRTOLD 1
| #define HAVE_DECL_STRTOL 1
| #define HAVE_DECL_STRTOLL 1
| #define HAVE_DECL_STRTOUL 1
| #define HAVE_DECL_STRTOULL 1
| #define HAVE_DECL_STRTOUMAX 1
| #define HAVE_ARGZ_H 1
| #define HAVE_ERRNO_H 1
| #define HAVE_FCNTL_H 1
| #define HAVE_MALLOC_H 1
| #define HAVE_STDIO_EXT_H 1
| #define HAVE_MALLOC 1
| #define HAVE_MMAP 1
| #define HAVE___ARGZ_COUNT 1
| #define HAVE___ARGZ_NEXT 1
| #define HAVE___ARGZ_STRINGIFY 1
| #define HAVE_DCGETTEXT 1
| #define HAVE_MEMPCPY 1
| #define HAVE_MUNMAP 1
| #define HAVE_MREMAP 1
| #define HAVE_STPCPY 1
| #define HAVE_STRCSPN 1
| #define HAVE_WCTYPE_H 1
| #define HAVE_WCHAR_H 1
| #define HAVE_LANGINFO_H 1
| #define HAVE_MBRLEN 1
| #define HAVE_MBSNRTOWCS 1
| #define HAVE_MBSRTOWCS 1
| #define HAVE_WCRTOMB 1
| #define HAVE_WCSCOLL 1
| #define HAVE_WCSDUP 1
| #define HAVE_WCWIDTH 1
| #define HAVE_WCTYPE 1
| #define HAVE_WCSNRTOMBS 1
| #define HAVE_WCSWIDTH 1
| #define HAVE_MBRTOWC 1
| #define HAVE_MBSTATE_T 1
| #define HAVE_ISWLOWER 1
| #define HAVE_ISWUPPER 1
| #define HAVE_TOWLOWER 1
| #define HAVE_TOWUPPER 1
| #define HAVE_ISWCTYPE 1
| #define HAVE_WCHAR_T 1
| #define HAVE_WCTYPE_T 1
| #define HAVE_WINT_T 1
| #define SIZEOF_WCHAR_T 4
| #define HAVE_LIBDL 1
| #define HAVE_DLOPEN 1
| #define HAVE_DLCLOSE 1
| #define HAVE_DLSYM 1
| #define GETGROUPS_T gid_t
| #define HAVE_INTPTR_T 1
| #define HAVE_UINTPTR_T 1
| #define HAVE_LONG_LONG_INT 1
| #define HAVE_UNSIGNED_LONG_LONG_INT 1
| #define SIZEOF_CHAR 1
| #define SIZEOF_SHORT 2
| #define SIZEOF_INT 4
| #define SIZEOF_LONG 8
| #define SIZEOF_CHAR_P 8
| #define SIZEOF_SIZE_T 8
| #define SIZEOF_DOUBLE 8
| #define SIZEOF_LONG_LONG 8
| #define bits16_t short
| #define u_bits16_t unsigned short
| #define bits32_t int
| #define u_bits32_t unsigned int
| #define bits64_t char *
| #define HAVE_HASH_BANG_EXEC 1
| #define HAVE_POSIX_SIGNALS 1
| #define HAVE_SYS_ERRLIST 1
| #define HAVE_DECL_SYS_SIGLIST 0
| #define HAVE_SOCKLEN_T 1
| #define HAVE_QUAD_T 1
| #define RLIMTYPE rlim_t
| #define HAVE_INTMAX_T 1
| #define HAVE_UINTMAX_T 1
| #define SIZEOF_INTMAX_T 8
| #define TERMIOS_LDISC 1
| #define TERMIO_LDISC 1
| #define HAVE_STRUCT_DIRENT_D_INO 1
| #define HAVE_STRUCT_DIRENT_D_FILENO 1
| #define HAVE_STRUCT_DIRENT_D_TYPE 1
| #define STRUCT_WINSIZE_IN_SYS_IOCTL 1
| #define HAVE_TIMEVAL 1
| #define HAVE_STRUCT_STAT_ST_BLOCKS 1
| #define HAVE_STRUCT_TM_TM_ZONE 1
| #define HAVE_TM_ZONE 1
| #define HAVE_STRUCT_TIMEZONE 1
| #define WEXITSTATUS_OFFSET 8
| #define HAVE_STRUCT_TIMESPEC 1
| #define TIME_H_DEFINES_STRUCT_TIMESPEC 1
| #define HAVE_STRUCT_STAT_ST_ATIM_TV_NSEC 1
| #define TYPEOF_STRUCT_STAT_ST_ATIM_IS_STRUCT_TIMESPEC 1
| #define HAVE_SBRK 1
| #define HAVE_BRK 1
| #define HAVE_STRSIGNAL 1
| #define ULIMIT_MAXFDS 1
| #define HAVE_DECL_FPURGE 0
| #define CAN_REDEFINE_GETENV 1
| #define HAVE_GETCWD 1
| #define HAVE_POSIX_SIGSETJMP 1
| #define HAVE_STRTOIMAX 1
| #define HAVE_DECL_STRTOIMAX 1
| #define HAVE_DECL_CLEARERR_UNLOCKED 1
| #define HAVE_DECL_FEOF_UNLOCKED 1
| #define HAVE_DECL_FERROR_UNLOCKED 1
| #define HAVE_DECL_FFLUSH_UNLOCKED 1
| #define HAVE_DECL_FGETS_UNLOCKED 1
| #define HAVE_DECL_FPUTC_UNLOCKED 1
| #define HAVE_DECL_FPUTS_UNLOCKED 1
| #define HAVE_DECL_FREAD_UNLOCKED 1
| #define HAVE_DECL_FWRITE_UNLOCKED 1
| #define HAVE_DECL_GETC_UNLOCKED 1
| #define HAVE_DECL_GETCHAR_UNLOCKED 1
| #define HAVE_DECL_PUTC_UNLOCKED 1
| #define HAVE_DECL_PUTCHAR_UNLOCKED 1
| #define HAVE_STD_PUTENV 1
| #define HAVE_STD_UNSETENV 1
| #define HAVE_PRINTF_A_FORMAT 1
| #define FNMATCH_EQUIV_FALLBACK 1
| #define GWINSZ_IN_SYS_IOCTL 1
| /* end confdefs.h.  */
| 
| #include <sys/types.h>
| #include <sys/ioctl.h>
| int
| main (void)
| {
| int x = TIOCSTAT;
|   ;
|   return 0;
| }
configure:21686: result: no
configure:21693: checking for FIONREAD in sys/ioctl.h
configure:21712: gcc -c -g -O2  conftest.c >&5
configure:21712: $? = 0
configure:21722: result: yes
configure:21731: checking whether WCONTINUED flag to waitpid is unavailable or available but broken
configure:21769: gcc -o conftest -g -O2   conftest.c -ldl  >&5
configure:21769: $? = 0
configure:21769: ./conftest
configure:21769: $? = 0
configure:21781: result: no
configure:21789: checking for speed_t in sys/types.h
configure:21806: gcc -c -g -O2  conftest.c >&5
conftest.c: In function 'main':
conftest.c:430:1: error: unknown type name 'speed_t'
  430 | speed_t x;
      | ^~~~~~~
configure:21806: $? = 1
configure: failed program was:
| /* confdefs.h */
| #define PACKAGE_NAME "bash"
| #define PACKAGE_TARNAME "bash"
| #define PACKAGE_VERSION "5.3-release"
| #define PACKAGE_STRING "bash 5.3-release"
| #define PACKAGE_BUGREPORT "bug-bash@gnu.org"
| #define PACKAGE_URL ""
| #define USING_BASH_MALLOC 1
| #define ALIAS 1
| #define PUSHD_AND_POPD 1
| #define RESTRICTED_SHELL 1
| #define PROCESS_SUBSTITUTION 1
| #define PROMPT_STRING_DECODE 1
| #define SELECT_COMMAND 1
| #define HELP_BUILTIN 1
| #define ARRAY_VARS 1
| #define DPAREN_ARITHMETIC 1
| #define BRACE_EXPANSION 1
| #define COMMAND_TIMING 1
| #define EXTENDED_GLOB 1
| #define EXTGLOB_DEFAULT 0
| #define COND_COMMAND 1
| #define COND_REGEXP 1
| #define COPROCESS_SUPPORT 1
| #define ARITH_FOR_COMMAND 1
| #define NETWORK_REDIRECTIONS 1
| #define PROGRAMMABLE_COMPLETION 1
| #define DEBUGGER 1
| #define CASEMOD_ATTRS 1
| #define CASEMOD_EXPANSIONS 1
| #define GLOBASCII_DEFAULT 1
| #define FUNCTION_IMPORT 1
| #define TRANSLATABLE_STRINGS 1
| #define BASH_SOURCE_FULLPATH_DEFAULT 0
| #define MEMSCRAMBLE 1
| #define HAVE_STDIO_H 1
| #define HAVE_STDLIB_H 1
| #define HAVE_STRING_H 1
| #define HAVE_INTTYPES_H 1
| #define HAVE_STDINT_H 1
| #define HAVE_STRINGS_H 1
| #define HAVE_SYS_STAT_H 1
| #define HAVE_SYS_TYPES_H 1
| #define HAVE_UNISTD_H 1
| #define HAVE_WCHAR_H 1
| #define HAVE_STDBOOL_H 1
| #define HAVE_SYS_PARAM_H 1
| #define HAVE_THREADS_H 1
| #define HAVE_SYS_TIME_H 1
| #define STDC_HEADERS 1
| #define _ALL_SOURCE 1
| #define _DARWIN_C_SOURCE 1
| #define _GNU_SOURCE 1
| #define _HPUX_ALT_XOPEN_SOCKET_API 1
| #define _NETBSD_SOURCE 1
| #define _OPENBSD_SOURCE 1
| #define _POSIX_PTHREAD_SEMANTICS 1
| #define __STDC_WANT_IEC_60559_ATTRIBS_EXT__ 1
| #define __STDC_WANT_IEC_60559_BFP_EXT__ 1
| #define __STDC_WANT_IEC_60559_DFP_EXT__ 1
| #define __STDC_WANT_IEC_60559_FUNCS_EXT__ 1
| #define __STDC_WANT_IEC_60559_TYPES_EXT__ 1
| #define __STDC_WANT_LIB_EXT2__ 1
| #define __STDC_WANT_MATH_SPEC_FUNCS__ 1
| #define _TANDEM_SOURCE 1
| #define __EXTENSIONS__ 1
| #define READLINE 1
| #define HISTORY 1
| #define BANG_HISTORY 1
| #define HAVE_STRINGIZE 1
| #define HAVE_LONG_DOUBLE 1
| #define restrict __restrict__
| #define HAVE_VISIBILITY 1
| #define HAVE_STDINT_H_WITH_UINTMAX 1
| #define HAVE_ALLOCA_H 1
| #define HAVE_ALLOCA 1
| #define HAVE_GETPAGESIZE 1
| #define HAVE_SYMLINK 1
| #define HAVE_USELOCALE 1
| #define HAVE_VPRINTF 1
| #define HAVE_ALARM 1
| #define HAVE___FPURGE 1
| #define HAVE_SNPRINTF 1
| #define HAVE_VSNPRINTF 1
| #define HAVE_MMAP 1
| #define INTDIV0_RAISES_SIGFPE 1
| #define HAVE_INTTYPES_H_WITH_UINTMAX 1
| #define HAVE_UNSIGNED_LONG_LONG_INT 1
| #define HAVE_UINTMAX_T 1
| #define HAVE_WEAK_SYMBOLS 1
| #define HAVE_PTHREAD_API 1
| #define USE_POSIX_THREADS 1
| #define USE_POSIX_THREADS_FROM_LIBC 1
| #define HAVE_PTHREAD_RWLOCK 1
| #define HAVE_PTHREAD_MUTEX_RECURSIVE 1
| #define HAVE_ICONV 1
| #define ICONV_CONST 
| #define HAVE_BUILTIN_EXPECT 1
| #define HAVE_INTTYPES_H 1
| #define HAVE_UNISTD_H 1
| #define HAVE_SYS_PARAM_H 1
| #define HAVE_GETCWD 1
| #define HAVE_GETEGID 1
| #define HAVE_GETEUID 1
| #define HAVE_GETGID 1
| #define HAVE_GETUID 1
| #define HAVE_MEMPCPY 1
| #define HAVE_MUNMAP 1
| #define HAVE_STPCPY 1
| #define HAVE_STRCASECMP 1
| #define HAVE_TSEARCH 1
| #define HAVE___FSETLOCKING 1
| #define HAVE_DECL_FEOF_UNLOCKED 1
| #define HAVE_DECL_FGETS_UNLOCKED 1
| #define HAVE_LOCALECONV 1
| #define HAVE_LONG_LONG_INT 1
| #define HAVE_WCHAR_T 1
| #define HAVE_WINT_T 1
| #define HAVE_INTMAX_T 1
| #define HAVE_POSIX_PRINTF 1
| #define HAVE_STDINT_H 1
| #define HAVE_STDINT_H 1
| #define HAVE_WORKING_O_NOATIME 0
| #define HAVE_WORKING_O_NOFOLLOW 0
| #define HAVE_WORKING_USELOCALE 1
| #define HAVE_GOOD_USELOCALE 1
| #define FLEXIBLE_ARRAY_MEMBER /**/
| #define HAVE_FEATURES_H 1
| #define HAVE_STDDEF_H 1
| #define HAVE_STDLIB_H 1
| #define HAVE_STRING_H 1
| #define HAVE_ASPRINTF 1
| #define HAVE_WPRINTF 1
| #define HAVE_NEWLOCALE 1
| #define HAVE_PUTENV 1
| #define HAVE_SETENV 1
| #define HAVE_SNPRINTF 1
| #define HAVE_STRNLEN 1
| #define HAVE_USELOCALE 1
| #define HAVE_WCSLEN 1
| #define HAVE_WCSNLEN 1
| #define HAVE_MBRTOWC 1
| #define HAVE_WCRTOMB 1
| #define HAVE_DECL__SNPRINTF 0
| #define HAVE_DECL__SNWPRINTF 0
| #define HAVE_DECL_GETC_UNLOCKED 1
| #define HAVE_NL_LANGINFO 1
| #define HAVE_LANGINFO_CODESET 1
| #define HAVE_LC_MESSAGES 1
| #define ENABLE_NLS 1
| #define HAVE_GETTEXT 1
| #define HAVE_DCGETTEXT 1
| #define HAVE_DIRENT_H 1
| #define MAJOR_IN_SYSMACROS 1
| #define HAVE_INTTYPES_H 1
| #define HAVE_UNISTD_H 1
| #define HAVE_STDLIB_H 1
| #define HAVE_LIMITS_H 1
| #define HAVE_STRING_H 1
| #define HAVE_MEMORY_H 1
| #define HAVE_LOCALE_H 1
| #define HAVE_TERMCAP_H 1
| #define HAVE_TERMIO_H 1
| #define HAVE_TERMIOS_H 1
| #define HAVE_DLFCN_H 1
| #define HAVE_STDDEF_H 1
| #define HAVE_STDINT_H 1
| #define HAVE_NETDB_H 1
| #define HAVE_PWD_H 1
| #define HAVE_GRP_H 1
| #define HAVE_STRINGS_H 1
| #define HAVE_REGEX_H 1
| #define HAVE_SYSLOG_H 1
| #define HAVE_ULIMIT_H 1
| #define HAVE_SYS_SELECT_H 1
| #define HAVE_SYS_FILE_H 1
| #define HAVE_SYS_IOCTL_H 1
| #define HAVE_SYS_MMAN_H 1
| #define HAVE_SYS_PARAM_H 1
| #define HAVE_SYS_RANDOM_H 1
| #define HAVE_SYS_SOCKET_H 1
| #define HAVE_SYS_STAT_H 1
| #define HAVE_SYS_TIME_H 1
| #define HAVE_SYS_TIMES_H 1
| #define HAVE_SYS_TYPES_H 1
| #define HAVE_SYS_WAIT_H 1
| #define HAVE_NETINET_IN_H 1
| #define HAVE_ARPA_INET_H 1
| #define HAVE_SYS_RESOURCE_H 1
| #define HAVE_ALLOCA_H 1
| #define HAVE_ALLOCA 1
| #define HAVE_CHOWN 1
| #define GETPGRP_VOID 1
| #define HAVE_STRCOLL 1
| #define HAVE_WAIT3 1
| #define HAVE_MKFIFO 1
| #define HAVE_DUP2 1
| #define HAVE_EACCESS 1
| #define HAVE_FCNTL 1
| #define HAVE_GETDTABLESIZE 1
| #define HAVE_GETENTROPY 1
| #define HAVE_GETGROUPS 1
| #define HAVE_GETHOSTNAME 1
| #define HAVE_GETPAGESIZE 1
| #define HAVE_GETPEERNAME 1
| #define HAVE_GETRANDOM 1
| #define HAVE_GETRLIMIT 1
| #define HAVE_GETRUSAGE 1
| #define HAVE_GETTIMEOFDAY 1
| #define HAVE_KILL 1
| #define HAVE_KILLPG 1
| #define HAVE_LSTAT 1
| #define HAVE_NANOSLEEP 1
| #define HAVE_PSELECT 1
| #define HAVE_READLINK 1
| #define HAVE_SELECT 1
| #define HAVE_SETITIMER 1
| #define HAVE_STATFS 1
| #define HAVE_TCGETPGRP 1
| #define HAVE_UNAME 1
| #define HAVE_ULIMIT 1
| #define HAVE_WAITPID 1
| #define HAVE_RENAME 1
| #define HAVE_BCOPY 1
| #define HAVE_BZERO 1
| #define HAVE_CLOCK_GETTIME 1
| #define HAVE_CONFSTR 1
| #define HAVE_FACCESSAT 1
| #define HAVE_FNMATCH 1
| #define HAVE_GETADDRINFO 1
| #define HAVE_GETHOSTBYNAME 1
| #define HAVE_GETSERVBYNAME 1
| #define HAVE_GETSERVENT 1
| #define HAVE_INET_ATON 1
| #define HAVE_IMAXDIV 1
| #define HAVE_MEMMOVE 1
| #define HAVE_PATHCONF 1
| #define HAVE_PUTENV 1
| #define HAVE_RAISE 1
| #define HAVE_RANDOM 1
| #define HAVE_REGCOMP 1
| #define HAVE_REGEXEC 1
| #define HAVE_SETENV 1
| #define HAVE_SETLINEBUF 1
| #define HAVE_SETLOCALE 1
| #define HAVE_SETVBUF 1
| #define HAVE_SIGINTERRUPT 1
| #define HAVE_STRCHR 1
| #define HAVE_SYSCONF 1
| #define HAVE_SYSLOG 1
| #define HAVE_TCGETATTR 1
| #define HAVE_TIMES 1
| #define HAVE_TTYNAME 1
| #define HAVE_TZSET 1
| #define HAVE_UNSETENV 1
| #define HAVE_VASPRINTF 1
| #define HAVE_ASPRINTF 1
| #define HAVE_ISASCII 1
| #define HAVE_ISBLANK 1
| #define HAVE_ISGRAPH 1
| #define HAVE_ISPRINT 1
| #define HAVE_ISSPACE 1
| #define HAVE_ISXDIGIT 1
| #define HAVE_GETPWENT 1
| #define HAVE_GETPWNAM 1
| #define HAVE_GETPWUID 1
| #define HAVE_MKSTEMP 1
| #define HAVE_MKDTEMP 1
| #define HAVE_ARC4RANDOM 1
| #define HAVE_STRLCAT 1
| #define HAVE_MEMFD_CREATE 1
| #define HAVE_SHM_OPEN 1
| #define HAVE_GETCWD 1
| #define HAVE_MEMSET 1
| #define HAVE_STRCASECMP 1
| #define HAVE_STRCASESTR 1
| #define HAVE_STRERROR 1
| #define HAVE_STRFTIME 1
| #define HAVE_STRNLEN 1
| #define HAVE_STRPBRK 1
| #define HAVE_STRSTR 1
| #define HAVE_STRTOD 1
| #define HAVE_STRTOL 1
| #define HAVE_STRTOUL 1
| #define HAVE_STRTOLL 1
| #define HAVE_STRTOULL 1
| #define HAVE_STRTOUMAX 1
| #define HAVE_DPRINTF 1
| #define HAVE_STRDUP 1
| #define HAVE_STRLCPY 1
| #define HAVE_REALLOCARRAY 1
| #define HAVE_DECL_AUDIT_USER_TTY 1
| #define HAVE_DECL_CONFSTR 1
| #define HAVE_DECL_PRINTF 1
| #define HAVE_DECL_BRK 1
| #define HAVE_DECL_SBRK 1
| #define HAVE_DECL_SETREGID 1
| #define HAVE_DECL_STRCPY 1
| #define HAVE_DECL_STRSIGNAL 1
| #define HAVE_SETRESUID 1
| #define HAVE_SETRESGID 1
| #define HAVE_DECL_STRTOLD 1
| #define HAVE_DECL_STRTOL 1
| #define HAVE_DECL_STRTOLL 1
| #define HAVE_DECL_STRTOUL 1
| #define HAVE_DECL_STRTOULL 1
| #define HAVE_DECL_STRTOUMAX 1
| #define HAVE_ARGZ_H 1
| #define HAVE_ERRNO_H 1
| #define HAVE_FCNTL_H 1
| #define HAVE_MALLOC_H 1
| #define HAVE_STDIO_EXT_H 1
| #define HAVE_MALLOC 1
| #define HAVE_MMAP 1
| #define HAVE___ARGZ_COUNT 1
| #define HAVE___ARGZ_NEXT 1
| #define HAVE___ARGZ_STRINGIFY 1
| #define HAVE_DCGETTEXT 1
| #define HAVE_MEMPCPY 1
| #define HAVE_MUNMAP 1
| #define HAVE_MREMAP 1
| #define HAVE_STPCPY 1
| #define HAVE_STRCSPN 1
| #define HAVE_WCTYPE_H 1
| #define HAVE_WCHAR_H 1
| #define HAVE_LANGINFO_H 1
| #define HAVE_MBRLEN 1
| #define HAVE_MBSNRTOWCS 1
| #define HAVE_MBSRTOWCS 1
| #define HAVE_WCRTOMB 1
| #define HAVE_WCSCOLL 1
| #define HAVE_WCSDUP 1
| #define HAVE_WCWIDTH 1
| #define HAVE_WCTYPE 1
| #define HAVE_WCSNRTOMBS 1
| #define HAVE_WCSWIDTH 1
| #define HAVE_MBRTOWC 1
| #define HAVE_MBSTATE_T 1
| #define HAVE_ISWLOWER 1
| #define HAVE_ISWUPPER 1
| #define HAVE_TOWLOWER 1
| #define HAVE_TOWUPPER 1
| #define HAVE_ISWCTYPE 1
| #define HAVE_WCHAR_T 1
| #define HAVE_WCTYPE_T 1
| #define HAVE_WINT_T 1
| #define SIZEOF_WCHAR_T 4
| #define HAVE_LIBDL 1
| #define HAVE_DLOPEN 1
| #define HAVE_DLCLOSE 1
| #define HAVE_DLSYM 1
| #define GETGROUPS_T gid_t
| #define HAVE_INTPTR_T 1
| #define HAVE_UINTPTR_T 1
| #define HAVE_LONG_LONG_INT 1
| #define HAVE_UNSIGNED_LONG_LONG_INT 1
| #define SIZEOF_CHAR 1
| #define SIZEOF_SHORT 2
| #define SIZEOF_INT 4
| #define SIZEOF_LONG 8
| #define SIZEOF_CHAR_P 8
| #define SIZEOF_SIZE_T 8
| #define SIZEOF_DOUBLE 8
| #define SIZEOF_LONG_LONG 8
| #define bits16_t short
| #define u_bits16_t unsigned short
| #define bits32_t int
| #define u_bits32_t unsigned int
| #define bits64_t char *
| #define HAVE_HASH_BANG_EXEC 1
| #define HAVE_POSIX_SIGNALS 1
| #define HAVE_SYS_ERRLIST 1
| #define HAVE_DECL_SYS_SIGLIST 0
| #define HAVE_SOCKLEN_T 1
| #define HAVE_QUAD_T 1
| #define RLIMTYPE rlim_t
| #define HAVE_INTMAX_T 1
| #define HAVE_UINTMAX_T 1
| #define SIZEOF_INTMAX_T 8
| #define TERMIOS_LDISC 1
| #define TERMIO_LDISC 1
| #define HAVE_STRUCT_DIRENT_D_INO 1
| #define HAVE_STRUCT_DIRENT_D_FILENO 1
| #define HAVE_STRUCT_DIRENT_D_TYPE 1
| #define STRUCT_WINSIZE_IN_SYS_IOCTL 1
| #define HAVE_TIMEVAL 1
| #define HAVE_STRUCT_STAT_ST_BLOCKS 1
| #define HAVE_STRUCT_TM_TM_ZONE 1
| #define HAVE_TM_ZONE 1
| #define HAVE_STRUCT_TIMEZONE 1
| #define WEXITSTATUS_OFFSET 8
| #define HAVE_STRUCT_TIMESPEC 1
| #define TIME_H_DEFINES_STRUCT_TIMESPEC 1
| #define HAVE_STRUCT_STAT_ST_ATIM_TV_NSEC 1
| #define TYPEOF_STRUCT_STAT_ST_ATIM_IS_STRUCT_TIMESPEC 1
| #define HAVE_SBRK 1
| #define HAVE_BRK 1
| #define HAVE_STRSIGNAL 1
| #define ULIMIT_MAXFDS 1
| #define HAVE_DECL_FPURGE 0
| #define CAN_REDEFINE_GETENV 1
| #define HAVE_GETCWD 1
| #define HAVE_POSIX_SIGSETJMP 1
| #define HAVE_STRTOIMAX 1
| #define HAVE_DECL_STRTOIMAX 1
| #define HAVE_DECL_CLEARERR_UNLOCKED 1
| #define HAVE_DECL_FEOF_UNLOCKED 1
| #define HAVE_DECL_FERROR_UNLOCKED 1
| #define HAVE_DECL_FFLUSH_UNLOCKED 1
| #define HAVE_DECL_FGETS_UNLOCKED 1
| #define HAVE_DECL_FPUTC_UNLOCKED 1
| #define HAVE_DECL_FPUTS_UNLOCKED 1
| #define HAVE_DECL_FREAD_UNLOCKED 1
| #define HAVE_DECL_FWRITE_UNLOCKED 1
| #define HAVE_DECL_GETC_UNLOCKED 1
| #define HAVE_DECL_GETCHAR_UNLOCKED 1
| #define HAVE_DECL_PUTC_UNLOCKED 1
| #define HAVE_DECL_PUTCHAR_UNLOCKED 1
| #define HAVE_STD_PUTENV 1
| #define HAVE_STD_UNSETENV 1
| #define HAVE_PRINTF_A_FORMAT 1
| #define FNMATCH_EQUIV_FALLBACK 1
| #define GWINSZ_IN_SYS_IOCTL 1
| #define FIONREAD_IN_SYS_IOCTL 1
| /* end confdefs.h.  */
| #include <sys/types.h>
| int
| main (void)
| {
| speed_t x;
|   ;
|   return 0;
| }
configure:21815: result: no
configure:21822: checking whether getpw functions are declared in pwd.h
configure:21849: result: yes
configure:21856: checking for unusable real-time signals due to large values
configure:21894: gcc -o conftest -g -O2   conftest.c -ldl  >&5
configure:21894: $? = 0
configure:21894: ./conftest
configure:21894: $? = 1
configure: program exited with status 1
configure: failed program was:
| /* confdefs.h */
| #define PACKAGE_NAME "bash"
| #define PACKAGE_TARNAME "bash"
| #define PACKAGE_VERSION "5.3-release"
| #define PACKAGE_STRING "bash 5.3-release"
| #define PACKAGE_BUGREPORT "bug-bash@gnu.org"
| #define PACKAGE_URL ""
| #define USING_BASH_MALLOC 1
| #define ALIAS 1
| #define PUSHD_AND_POPD 1
| #define RESTRICTED_SHELL 1
| #define PROCESS_SUBSTITUTION 1
| #define PROMPT_STRING_DECODE 1
| #define SELECT_COMMAND 1
| #define HELP_BUILTIN 1
| #define ARRAY_VARS 1
| #define DPAREN_ARITHMETIC 1
| #define BRACE_EXPANSION 1
| #define COMMAND_TIMING 1
| #define EXTENDED_GLOB 1
| #define EXTGLOB_DEFAULT 0
| #define COND_COMMAND 1
| #define COND_REGEXP 1
| #define COPROCESS_SUPPORT 1
| #define ARITH_FOR_COMMAND 1
| #define NETWORK_REDIRECTIONS 1
| #define PROGRAMMABLE_COMPLETION 1
| #define DEBUGGER 1
| #define CASEMOD_ATTRS 1
| #define CASEMOD_EXPANSIONS 1
| #define GLOBASCII_DEFAULT 1
| #define FUNCTION_IMPORT 1
| #define TRANSLATABLE_STRINGS 1
| #define BASH_SOURCE_FULLPATH_DEFAULT 0
| #define MEMSCRAMBLE 1
| #define HAVE_STDIO_H 1
| #define HAVE_STDLIB_H 1
| #define HAVE_STRING_H 1
| #define HAVE_INTTYPES_H 1
| #define HAVE_STDINT_H 1
| #define HAVE_STRINGS_H 1
| #define HAVE_SYS_STAT_H 1
| #define HAVE_SYS_TYPES_H 1
| #define HAVE_UNISTD_H 1
| #define HAVE_WCHAR_H 1
| #define HAVE_STDBOOL_H 1
| #define HAVE_SYS_PARAM_H 1
| #define HAVE_THREADS_H 1
| #define HAVE_SYS_TIME_H 1
| #define STDC_HEADERS 1
| #define _ALL_SOURCE 1
| #define _DARWIN_C_SOURCE 1
| #define _GNU_SOURCE 1
| #define _HPUX_ALT_XOPEN_SOCKET_API 1
| #define _NETBSD_SOURCE 1
| #define _OPENBSD_SOURCE 1
| #define _POSIX_PTHREAD_SEMANTICS 1
| #define __STDC_WANT_IEC_60559_ATTRIBS_EXT__ 1
| #define __STDC_WANT_IEC_60559_BFP_EXT__ 1
| #define __STDC_WANT_IEC_60559_DFP_EXT__ 1
| #define __STDC_WANT_IEC_60559_FUNCS_EXT__ 1
| #define __STDC_WANT_IEC_60559_TYPES_EXT__ 1
| #define __STDC_WANT_LIB_EXT2__ 1
| #define __STDC_WANT_MATH_SPEC_FUNCS__ 1
| #define _TANDEM_SOURCE 1
| #define __EXTENSIONS__ 1
| #define READLINE 1
| #define HISTORY 1
| #define BANG_HISTORY 1
| #define HAVE_STRINGIZE 1
| #define HAVE_LONG_DOUBLE 1
| #define restrict __restrict__
| #define HAVE_VISIBILITY 1
| #define HAVE_STDINT_H_WITH_UINTMAX 1
| #define HAVE_ALLOCA_H 1
| #define HAVE_ALLOCA 1
| #define HAVE_GETPAGESIZE 1
| #define HAVE_SYMLINK 1
| #define HAVE_USELOCALE 1
| #define HAVE_VPRINTF 1
| #define HAVE_ALARM 1
| #define HAVE___FPURGE 1
| #define HAVE_SNPRINTF 1
| #define HAVE_VSNPRINTF 1
| #define HAVE_MMAP 1
| #define INTDIV0_RAISES_SIGFPE 1
| #define HAVE_INTTYPES_H_WITH_UINTMAX 1
| #define HAVE_UNSIGNED_LONG_LONG_INT 1
| #define HAVE_UINTMAX_T 1
| #define HAVE_WEAK_SYMBOLS 1
| #define HAVE_PTHREAD_API 1
| #define USE_POSIX_THREADS 1
| #define USE_POSIX_THREADS_FROM_LIBC 1
| #define HAVE_PTHREAD_RWLOCK 1
| #define HAVE_PTHREAD_MUTEX_RECURSIVE 1
| #define HAVE_ICONV 1
| #define ICONV_CONST 
| #define HAVE_BUILTIN_EXPECT 1
| #define HAVE_INTTYPES_H 1
| #define HAVE_UNISTD_H 1
| #define HAVE_SYS_PARAM_H 1
| #define HAVE_GETCWD 1
| #define HAVE_GETEGID 1
| #define HAVE_GETEUID 1
| #define HAVE_GETGID 1
| #define HAVE_GETUID 1
| #define HAVE_MEMPCPY 1
| #define HAVE_MUNMAP 1
| #define HAVE_STPCPY 1
| #define HAVE_STRCASECMP 1
| #define HAVE_TSEARCH 1
| #define HAVE___FSETLOCKING 1
| #define HAVE_DECL_FEOF_UNLOCKED 1
| #define HAVE_DECL_FGETS_UNLOCKED 1
| #define HAVE_LOCALECONV 1
| #define HAVE_LONG_LONG_INT 1
| #define HAVE_WCHAR_T 1
| #define HAVE_WINT_T 1
| #define HAVE_INTMAX_T 1
| #define HAVE_POSIX_PRINTF 1
| #define HAVE_STDINT_H 1
| #define HAVE_STDINT_H 1
| #define HAVE_WORKING_O_NOATIME 0
| #define HAVE_WORKING_O_NOFOLLOW 0
| #define HAVE_WORKING_USELOCALE 1
| #define HAVE_GOOD_USELOCALE 1
| #define FLEXIBLE_ARRAY_MEMBER /**/
| #define HAVE_FEATURES_H 1
| #define HAVE_STDDEF_H 1
| #define HAVE_STDLIB_H 1
| #define HAVE_STRING_H 1
| #define HAVE_ASPRINTF 1
| #define HAVE_WPRINTF 1
| #define HAVE_NEWLOCALE 1
| #define HAVE_PUTENV 1
| #define HAVE_SETENV 1
| #define HAVE_SNPRINTF 1
| #define HAVE_STRNLEN 1
| #define HAVE_USELOCALE 1
| #define HAVE_WCSLEN 1
| #define HAVE_WCSNLEN 1
| #define HAVE_MBRTOWC 1
| #define HAVE_WCRTOMB 1
| #define HAVE_DECL__SNPRINTF 0
| #define HAVE_DECL__SNWPRINTF 0
| #define HAVE_DECL_GETC_UNLOCKED 1
| #define HAVE_NL_LANGINFO 1
| #define HAVE_LANGINFO_CODESET 1
| #define HAVE_LC_MESSAGES 1
| #define ENABLE_NLS 1
| #define HAVE_GETTEXT 1
| #define HAVE_DCGETTEXT 1
| #define HAVE_DIRENT_H 1
| #define MAJOR_IN_SYSMACROS 1
| #define HAVE_INTTYPES_H 1
| #define HAVE_UNISTD_H 1
| #define HAVE_STDLIB_H 1
| #define HAVE_LIMITS_H 1
| #define HAVE_STRING_H 1
| #define HAVE_MEMORY_H 1
| #define HAVE_LOCALE_H 1
| #define HAVE_TERMCAP_H 1
| #define HAVE_TERMIO_H 1
| #define HAVE_TERMIOS_H 1
| #define HAVE_DLFCN_H 1
| #define HAVE_STDDEF_H 1
| #define HAVE_STDINT_H 1
| #define HAVE_NETDB_H 1
| #define HAVE_PWD_H 1
| #define HAVE_GRP_H 1
| #define HAVE_STRINGS_H 1
| #define HAVE_REGEX_H 1
| #define HAVE_SYSLOG_H 1
| #define HAVE_ULIMIT_H 1
| #define HAVE_SYS_SELECT_H 1
| #define HAVE_SYS_FILE_H 1
| #define HAVE_SYS_IOCTL_H 1
| #define HAVE_SYS_MMAN_H 1
| #define HAVE_SYS_PARAM_H 1
| #define HAVE_SYS_RANDOM_H 1
| #define HAVE_SYS_SOCKET_H 1
| #define HAVE_SYS_STAT_H 1
| #define HAVE_SYS_TIME_H 1
| #define HAVE_SYS_TIMES_H 1
| #define HAVE_SYS_TYPES_H 1
| #define HAVE_SYS_WAIT_H 1
| #define HAVE_NETINET_IN_H 1
| #define HAVE_ARPA_INET_H 1
| #define HAVE_SYS_RESOURCE_H 1
| #define HAVE_ALLOCA_H 1
| #define HAVE_ALLOCA 1
| #define HAVE_CHOWN 1
| #define GETPGRP_VOID 1
| #define HAVE_STRCOLL 1
| #define HAVE_WAIT3 1
| #define HAVE_MKFIFO 1
| #define HAVE_DUP2 1
| #define HAVE_EACCESS 1
| #define HAVE_FCNTL 1
| #define HAVE_GETDTABLESIZE 1
| #define HAVE_GETENTROPY 1
| #define HAVE_GETGROUPS 1
| #define HAVE_GETHOSTNAME 1
| #define HAVE_GETPAGESIZE 1
| #define HAVE_GETPEERNAME 1
| #define HAVE_GETRANDOM 1
| #define HAVE_GETRLIMIT 1
| #define HAVE_GETRUSAGE 1
| #define HAVE_GETTIMEOFDAY 1
| #define HAVE_KILL 1
| #define HAVE_KILLPG 1
| #define HAVE_LSTAT 1
| #define HAVE_NANOSLEEP 1
| #define HAVE_PSELECT 1
| #define HAVE_READLINK 1
| #define HAVE_SELECT 1
| #define HAVE_SETITIMER 1
| #define HAVE_STATFS 1
| #define HAVE_TCGETPGRP 1
| #define HAVE_UNAME 1
| #define HAVE_ULIMIT 1
| #define HAVE_WAITPID 1
| #define HAVE_RENAME 1
| #define HAVE_BCOPY 1
| #define HAVE_BZERO 1
| #define HAVE_CLOCK_GETTIME 1
| #define HAVE_CONFSTR 1
| #define HAVE_FACCESSAT 1
| #define HAVE_FNMATCH 1
| #define HAVE_GETADDRINFO 1
| #define HAVE_GETHOSTBYNAME 1
| #define HAVE_GETSERVBYNAME 1
| #define HAVE_GETSERVENT 1
| #define HAVE_INET_ATON 1
| #define HAVE_IMAXDIV 1
| #define HAVE_MEMMOVE 1
| #define HAVE_PATHCONF 1
| #define HAVE_PUTENV 1
| #define HAVE_RAISE 1
| #define HAVE_RANDOM 1
| #define HAVE_REGCOMP 1
| #define HAVE_REGEXEC 1
| #define HAVE_SETENV 1
| #define HAVE_SETLINEBUF 1
| #define HAVE_SETLOCALE 1
| #define HAVE_SETVBUF 1
| #define HAVE_SIGINTERRUPT 1
| #define HAVE_STRCHR 1
| #define HAVE_SYSCONF 1
| #define HAVE_SYSLOG 1
| #define HAVE_TCGETATTR 1
| #define HAVE_TIMES 1
| #define HAVE_TTYNAME 1
| #define HAVE_TZSET 1
| #define HAVE_UNSETENV 1
| #define HAVE_VASPRINTF 1
| #define HAVE_ASPRINTF 1
| #define HAVE_ISASCII 1
| #define HAVE_ISBLANK 1
| #define HAVE_ISGRAPH 1
| #define HAVE_ISPRINT 1
| #define HAVE_ISSPACE 1
| #define HAVE_ISXDIGIT 1
| #define HAVE_GETPWENT 1
| #define HAVE_GETPWNAM 1
| #define HAVE_GETPWUID 1
| #define HAVE_MKSTEMP 1
| #define HAVE_MKDTEMP 1
| #define HAVE_ARC4RANDOM 1
| #define HAVE_STRLCAT 1
| #define HAVE_MEMFD_CREATE 1
| #define HAVE_SHM_OPEN 1
| #define HAVE_GETCWD 1
| #define HAVE_MEMSET 1
| #define HAVE_STRCASECMP 1
| #define HAVE_STRCASESTR 1
| #define HAVE_STRERROR 1
| #define HAVE_STRFTIME 1
| #define HAVE_STRNLEN 1
| #define HAVE_STRPBRK 1
| #define HAVE_STRSTR 1
| #define HAVE_STRTOD 1
| #define HAVE_STRTOL 1
| #define HAVE_STRTOUL 1
| #define HAVE_STRTOLL 1
| #define HAVE_STRTOULL 1
| #define HAVE_STRTOUMAX 1
| #define HAVE_DPRINTF 1
| #define HAVE_STRDUP 1
| #define HAVE_STRLCPY 1
| #define HAVE_REALLOCARRAY 1
| #define HAVE_DECL_AUDIT_USER_TTY 1
| #define HAVE_DECL_CONFSTR 1
| #define HAVE_DECL_PRINTF 1
| #define HAVE_DECL_BRK 1
| #define HAVE_DECL_SBRK 1
| #define HAVE_DECL_SETREGID 1
| #define HAVE_DECL_STRCPY 1
| #define HAVE_DECL_STRSIGNAL 1
| #define HAVE_SETRESUID 1
| #define HAVE_SETRESGID 1
| #define HAVE_DECL_STRTOLD 1
| #define HAVE_DECL_STRTOL 1
| #define HAVE_DECL_STRTOLL 1
| #define HAVE_DECL_STRTOUL 1
| #define HAVE_DECL_STRTOULL 1
| #define HAVE_DECL_STRTOUMAX 1
| #define HAVE_ARGZ_H 1
| #define HAVE_ERRNO_H 1
| #define HAVE_FCNTL_H 1
| #define HAVE_MALLOC_H 1
| #define HAVE_STDIO_EXT_H 1
| #define HAVE_MALLOC 1
| #define HAVE_MMAP 1
| #define HAVE___ARGZ_COUNT 1
| #define HAVE___ARGZ_NEXT 1
| #define HAVE___ARGZ_STRINGIFY 1
| #define HAVE_DCGETTEXT 1
| #define HAVE_MEMPCPY 1
| #define HAVE_MUNMAP 1
| #define HAVE_MREMAP 1
| #define HAVE_STPCPY 1
| #define HAVE_STRCSPN 1
| #define HAVE_WCTYPE_H 1
| #define HAVE_WCHAR_H 1
| #define HAVE_LANGINFO_H 1
| #define HAVE_MBRLEN 1
| #define HAVE_MBSNRTOWCS 1
| #define HAVE_MBSRTOWCS 1
| #define HAVE_WCRTOMB 1
| #define HAVE_WCSCOLL 1
| #define HAVE_WCSDUP 1
| #define HAVE_WCWIDTH 1
| #define HAVE_WCTYPE 1
| #define HAVE_WCSNRTOMBS 1
| #define HAVE_WCSWIDTH 1
| #define HAVE_MBRTOWC 1
| #define HAVE_MBSTATE_T 1
| #define HAVE_ISWLOWER 1
| #define HAVE_ISWUPPER 1
| #define HAVE_TOWLOWER 1
| #define HAVE_TOWUPPER 1
| #define HAVE_ISWCTYPE 1
| #define HAVE_WCHAR_T 1
| #define HAVE_WCTYPE_T 1
| #define HAVE_WINT_T 1
| #define SIZEOF_WCHAR_T 4
| #define HAVE_LIBDL 1
| #define HAVE_DLOPEN 1
| #define HAVE_DLCLOSE 1
| #define HAVE_DLSYM 1
| #define GETGROUPS_T gid_t
| #define HAVE_INTPTR_T 1
| #define HAVE_UINTPTR_T 1
| #define HAVE_LONG_LONG_INT 1
| #define HAVE_UNSIGNED_LONG_LONG_INT 1
| #define SIZEOF_CHAR 1
| #define SIZEOF_SHORT 2
| #define SIZEOF_INT 4
| #define SIZEOF_LONG 8
| #define SIZEOF_CHAR_P 8
| #define SIZEOF_SIZE_T 8
| #define SIZEOF_DOUBLE 8
| #define SIZEOF_LONG_LONG 8
| #define bits16_t short
| #define u_bits16_t unsigned short
| #define bits32_t int
| #define u_bits32_t unsigned int
| #define bits64_t char *
| #define HAVE_HASH_BANG_EXEC 1
| #define HAVE_POSIX_SIGNALS 1
| #define HAVE_SYS_ERRLIST 1
| #define HAVE_DECL_SYS_SIGLIST 0
| #define HAVE_SOCKLEN_T 1
| #define HAVE_QUAD_T 1
| #define RLIMTYPE rlim_t
| #define HAVE_INTMAX_T 1
| #define HAVE_UINTMAX_T 1
| #define SIZEOF_INTMAX_T 8
| #define TERMIOS_LDISC 1
| #define TERMIO_LDISC 1
| #define HAVE_STRUCT_DIRENT_D_INO 1
| #define HAVE_STRUCT_DIRENT_D_FILENO 1
| #define HAVE_STRUCT_DIRENT_D_TYPE 1
| #define STRUCT_WINSIZE_IN_SYS_IOCTL 1
| #define HAVE_TIMEVAL 1
| #define HAVE_STRUCT_STAT_ST_BLOCKS 1
| #define HAVE_STRUCT_TM_TM_ZONE 1
| #define HAVE_TM_ZONE 1
| #define HAVE_STRUCT_TIMEZONE 1
| #define WEXITSTATUS_OFFSET 8
| #define HAVE_STRUCT_TIMESPEC 1
| #define TIME_H_DEFINES_STRUCT_TIMESPEC 1
| #define HAVE_STRUCT_STAT_ST_ATIM_TV_NSEC 1
| #define TYPEOF_STRUCT_STAT_ST_ATIM_IS_STRUCT_TIMESPEC 1
| #define HAVE_SBRK 1
| #define HAVE_BRK 1
| #define HAVE_STRSIGNAL 1
| #define ULIMIT_MAXFDS 1
| #define HAVE_DECL_FPURGE 0
| #define CAN_REDEFINE_GETENV 1
| #define HAVE_GETCWD 1
| #define HAVE_POSIX_SIGSETJMP 1
| #define HAVE_STRTOIMAX 1
| #define HAVE_DECL_STRTOIMAX 1
| #define HAVE_DECL_CLEARERR_UNLOCKED 1
| #define HAVE_DECL_FEOF_UNLOCKED 1
| #define HAVE_DECL_FERROR_UNLOCKED 1
| #define HAVE_DECL_FFLUSH_UNLOCKED 1
| #define HAVE_DECL_FGETS_UNLOCKED 1
| #define HAVE_DECL_FPUTC_UNLOCKED 1
| #define HAVE_DECL_FPUTS_UNLOCKED 1
| #define HAVE_DECL_FREAD_UNLOCKED 1
| #define HAVE_DECL_FWRITE_UNLOCKED 1
| #define HAVE_DECL_GETC_UNLOCKED 1
| #define HAVE_DECL_GETCHAR_UNLOCKED 1
| #define HAVE_DECL_PUTC_UNLOCKED 1
| #define HAVE_DECL_PUTCHAR_UNLOCKED 1
| #define HAVE_STD_PUTENV 1
| #define HAVE_STD_UNSETENV 1
| #define HAVE_PRINTF_A_FORMAT 1
| #define FNMATCH_EQUIV_FALLBACK 1
| #define GWINSZ_IN_SYS_IOCTL 1
| #define FIONREAD_IN_SYS_IOCTL 1
| #define HAVE_GETPW_DECLS 1
| /* end confdefs.h.  */
| 
| #include <sys/types.h>
| #include <signal.h>
| #include <stdlib.h>
| 
| #ifndef NSIG
| #  define NSIG 64
| #endif
| 
| int
| main ()
| {
|   int n_sigs = 2 * NSIG;
| #ifdef SIGRTMIN
|   int rtmin = SIGRTMIN;
| #else
|   int rtmin = 0;
| #endif
| 
|   exit(rtmin < n_sigs);
| }
| 
configure:21906: result: no
configure:22020: checking for tgetent
configure:22020: gcc -o conftest -g -O2   conftest.c -ldl  >&5
/usr/bin/ld: /tmp/ccMXTWZf.o: in function `main':
/root/boiler/example_repos/bash/before/conftest.c:454:(.text.startup+0xb): undefined reference to `tgetent'
collect2: error: ld returned 1 exit status
configure:22020: $? = 1
configure: failed program was:
| /* confdefs.h */
| #define PACKAGE_NAME "bash"
| #define PACKAGE_TARNAME "bash"
| #define PACKAGE_VERSION "5.3-release"
| #define PACKAGE_STRING "bash 5.3-release"
| #define PACKAGE_BUGREPORT "bug-bash@gnu.org"
| #define PACKAGE_URL ""
| #define USING_BASH_MALLOC 1
| #define ALIAS 1
| #define PUSHD_AND_POPD 1
| #define RESTRICTED_SHELL 1
| #define PROCESS_SUBSTITUTION 1
| #define PROMPT_STRING_DECODE 1
| #define SELECT_COMMAND 1
| #define HELP_BUILTIN 1
| #define ARRAY_VARS 1
| #define DPAREN_ARITHMETIC 1
| #define BRACE_EXPANSION 1
| #define COMMAND_TIMING 1
| #define EXTENDED_GLOB 1
| #define EXTGLOB_DEFAULT 0
| #define COND_COMMAND 1
| #define COND_REGEXP 1
| #define COPROCESS_SUPPORT 1
| #define ARITH_FOR_COMMAND 1
| #define NETWORK_REDIRECTIONS 1
| #define PROGRAMMABLE_COMPLETION 1
| #define DEBUGGER 1
| #define CASEMOD_ATTRS 1
| #define CASEMOD_EXPANSIONS 1
| #define GLOBASCII_DEFAULT 1
| #define FUNCTION_IMPORT 1
| #define TRANSLATABLE_STRINGS 1
| #define BASH_SOURCE_FULLPATH_DEFAULT 0
| #define MEMSCRAMBLE 1
| #define HAVE_STDIO_H 1
| #define HAVE_STDLIB_H 1
| #define HAVE_STRING_H 1
| #define HAVE_INTTYPES_H 1
| #define HAVE_STDINT_H 1
| #define HAVE_STRINGS_H 1
| #define HAVE_SYS_STAT_H 1
| #define HAVE_SYS_TYPES_H 1
| #define HAVE_UNISTD_H 1
| #define HAVE_WCHAR_H 1
| #define HAVE_STDBOOL_H 1
| #define HAVE_SYS_PARAM_H 1
| #define HAVE_THREADS_H 1
| #define HAVE_SYS_TIME_H 1
| #define STDC_HEADERS 1
| #define _ALL_SOURCE 1
| #define _DARWIN_C_SOURCE 1
| #define _GNU_SOURCE 1
| #define _HPUX_ALT_XOPEN_SOCKET_API 1
| #define _NETBSD_SOURCE 1
| #define _OPENBSD_SOURCE 1
| #define _POSIX_PTHREAD_SEMANTICS 1
| #define __STDC_WANT_IEC_60559_ATTRIBS_EXT__ 1
| #define __STDC_WANT_IEC_60559_BFP_EXT__ 1
| #define __STDC_WANT_IEC_60559_DFP_EXT__ 1
| #define __STDC_WANT_IEC_60559_FUNCS_EXT__ 1
| #define __STDC_WANT_IEC_60559_TYPES_EXT__ 1
| #define __STDC_WANT_LIB_EXT2__ 1
| #define __STDC_WANT_MATH_SPEC_FUNCS__ 1
| #define _TANDEM_SOURCE 1
| #define __EXTENSIONS__ 1
| #define READLINE 1
| #define HISTORY 1
| #define BANG_HISTORY 1
| #define HAVE_STRINGIZE 1
| #define HAVE_LONG_DOUBLE 1
| #define restrict __restrict__
| #define HAVE_VISIBILITY 1
| #define HAVE_STDINT_H_WITH_UINTMAX 1
| #define HAVE_ALLOCA_H 1
| #define HAVE_ALLOCA 1
| #define HAVE_GETPAGESIZE 1
| #define HAVE_SYMLINK 1
| #define HAVE_USELOCALE 1
| #define HAVE_VPRINTF 1
| #define HAVE_ALARM 1
| #define HAVE___FPURGE 1
| #define HAVE_SNPRINTF 1
| #define HAVE_VSNPRINTF 1
| #define HAVE_MMAP 1
| #define INTDIV0_RAISES_SIGFPE 1
| #define HAVE_INTTYPES_H_WITH_UINTMAX 1
| #define HAVE_UNSIGNED_LONG_LONG_INT 1
| #define HAVE_UINTMAX_T 1
| #define HAVE_WEAK_SYMBOLS 1
| #define HAVE_PTHREAD_API 1
| #define USE_POSIX_THREADS 1
| #define USE_POSIX_THREADS_FROM_LIBC 1
| #define HAVE_PTHREAD_RWLOCK 1
| #define HAVE_PTHREAD_MUTEX_RECURSIVE 1
| #define HAVE_ICONV 1
| #define ICONV_CONST 
| #define HAVE_BUILTIN_EXPECT 1
| #define HAVE_INTTYPES_H 1
| #define HAVE_UNISTD_H 1
| #define HAVE_SYS_PARAM_H 1
| #define HAVE_GETCWD 1
| #define HAVE_GETEGID 1
| #define HAVE_GETEUID 1
| #define HAVE_GETGID 1
| #define HAVE_GETUID 1
| #define HAVE_MEMPCPY 1
| #define HAVE_MUNMAP 1
| #define HAVE_STPCPY 1
| #define HAVE_STRCASECMP 1
| #define HAVE_TSEARCH 1
| #define HAVE___FSETLOCKING 1
| #define HAVE_DECL_FEOF_UNLOCKED 1
| #define HAVE_DECL_FGETS_UNLOCKED 1
| #define HAVE_LOCALECONV 1
| #define HAVE_LONG_LONG_INT 1
| #define HAVE_WCHAR_T 1
| #define HAVE_WINT_T 1
| #define HAVE_INTMAX_T 1
| #define HAVE_POSIX_PRINTF 1
| #define HAVE_STDINT_H 1
| #define HAVE_STDINT_H 1
| #define HAVE_WORKING_O_NOATIME 0
| #define HAVE_WORKING_O_NOFOLLOW 0
| #define HAVE_WORKING_USELOCALE 1
| #define HAVE_GOOD_USELOCALE 1
| #define FLEXIBLE_ARRAY_MEMBER /**/
| #define HAVE_FEATURES_H 1
| #define HAVE_STDDEF_H 1
| #define HAVE_STDLIB_H 1
| #define HAVE_STRING_H 1
| #define HAVE_ASPRINTF 1
| #define HAVE_WPRINTF 1
| #define HAVE_NEWLOCALE 1
| #define HAVE_PUTENV 1
| #define HAVE_SETENV 1
| #define HAVE_SNPRINTF 1
| #define HAVE_STRNLEN 1
| #define HAVE_USELOCALE 1
| #define HAVE_WCSLEN 1
| #define HAVE_WCSNLEN 1
| #define HAVE_MBRTOWC 1
| #define HAVE_WCRTOMB 1
| #define HAVE_DECL__SNPRINTF 0
| #define HAVE_DECL__SNWPRINTF 0
| #define HAVE_DECL_GETC_UNLOCKED 1
| #define HAVE_NL_LANGINFO 1
| #define HAVE_LANGINFO_CODESET 1
| #define HAVE_LC_MESSAGES 1
| #define ENABLE_NLS 1
| #define HAVE_GETTEXT 1
| #define HAVE_DCGETTEXT 1
| #define HAVE_DIRENT_H 1
| #define MAJOR_IN_SYSMACROS 1
| #define HAVE_INTTYPES_H 1
| #define HAVE_UNISTD_H 1
| #define HAVE_STDLIB_H 1
| #define HAVE_LIMITS_H 1
| #define HAVE_STRING_H 1
| #define HAVE_MEMORY_H 1
| #define HAVE_LOCALE_H 1
| #define HAVE_TERMCAP_H 1
| #define HAVE_TERMIO_H 1
| #define HAVE_TERMIOS_H 1
| #define HAVE_DLFCN_H 1
| #define HAVE_STDDEF_H 1
| #define HAVE_STDINT_H 1
| #define HAVE_NETDB_H 1
| #define HAVE_PWD_H 1
| #define HAVE_GRP_H 1
| #define HAVE_STRINGS_H 1
| #define HAVE_REGEX_H 1
| #define HAVE_SYSLOG_H 1
| #define HAVE_ULIMIT_H 1
| #define HAVE_SYS_SELECT_H 1
| #define HAVE_SYS_FILE_H 1
| #define HAVE_SYS_IOCTL_H 1
| #define HAVE_SYS_MMAN_H 1
| #define HAVE_SYS_PARAM_H 1
| #define HAVE_SYS_RANDOM_H 1
| #define HAVE_SYS_SOCKET_H 1
| #define HAVE_SYS_STAT_H 1
| #define HAVE_SYS_TIME_H 1
| #define HAVE_SYS_TIMES_H 1
| #define HAVE_SYS_TYPES_H 1
| #define HAVE_SYS_WAIT_H 1
| #define HAVE_NETINET_IN_H 1
| #define HAVE_ARPA_INET_H 1
| #define HAVE_SYS_RESOURCE_H 1
| #define HAVE_ALLOCA_H 1
| #define HAVE_ALLOCA 1
| #define HAVE_CHOWN 1
| #define GETPGRP_VOID 1
| #define HAVE_STRCOLL 1
| #define HAVE_WAIT3 1
| #define HAVE_MKFIFO 1
| #define HAVE_DUP2 1
| #define HAVE_EACCESS 1
| #define HAVE_FCNTL 1
| #define HAVE_GETDTABLESIZE 1
| #define HAVE_GETENTROPY 1
| #define HAVE_GETGROUPS 1
| #define HAVE_GETHOSTNAME 1
| #define HAVE_GETPAGESIZE 1
| #define HAVE_GETPEERNAME 1
| #define HAVE_GETRANDOM 1
| #define HAVE_GETRLIMIT 1
| #define HAVE_GETRUSAGE 1
| #define HAVE_GETTIMEOFDAY 1
| #define HAVE_KILL 1
| #define HAVE_KILLPG 1
| #define HAVE_LSTAT 1
| #define HAVE_NANOSLEEP 1
| #define HAVE_PSELECT 1
| #define HAVE_READLINK 1
| #define HAVE_SELECT 1
| #define HAVE_SETITIMER 1
| #define HAVE_STATFS 1
| #define HAVE_TCGETPGRP 1
| #define HAVE_UNAME 1
| #define HAVE_ULIMIT 1
| #define HAVE_WAITPID 1
| #define HAVE_RENAME 1
| #define HAVE_BCOPY 1
| #define HAVE_BZERO 1
| #define HAVE_CLOCK_GETTIME 1
| #define HAVE_CONFSTR 1
| #define HAVE_FACCESSAT 1
| #define HAVE_FNMATCH 1
| #define HAVE_GETADDRINFO 1
| #define HAVE_GETHOSTBYNAME 1
| #define HAVE_GETSERVBYNAME 1
| #define HAVE_GETSERVENT 1
| #define HAVE_INET_ATON 1
| #define HAVE_IMAXDIV 1
| #define HAVE_MEMMOVE 1
| #define HAVE_PATHCONF 1
| #define HAVE_PUTENV 1
| #define HAVE_RAISE 1
| #define HAVE_RANDOM 1
| #define HAVE_REGCOMP 1
| #define HAVE_REGEXEC 1
| #define HAVE_SETENV 1
| #define HAVE_SETLINEBUF 1
| #define HAVE_SETLOCALE 1
| #define HAVE_SETVBUF 1
| #define HAVE_SIGINTERRUPT 1
| #define HAVE_STRCHR 1
| #define HAVE_SYSCONF 1
| #define HAVE_SYSLOG 1
| #define HAVE_TCGETATTR 1
| #define HAVE_TIMES 1
| #define HAVE_TTYNAME 1
| #define HAVE_TZSET 1
| #define HAVE_UNSETENV 1
| #define HAVE_VASPRINTF 1
| #define HAVE_ASPRINTF 1
| #define HAVE_ISASCII 1
| #define HAVE_ISBLANK 1
| #define HAVE_ISGRAPH 1
| #define HAVE_ISPRINT 1
| #define HAVE_ISSPACE 1
| #define HAVE_ISXDIGIT 1
| #define HAVE_GETPWENT 1
| #define HAVE_GETPWNAM 1
| #define HAVE_GETPWUID 1
| #define HAVE_MKSTEMP 1
| #define HAVE_MKDTEMP 1
| #define HAVE_ARC4RANDOM 1
| #define HAVE_STRLCAT 1
| #define HAVE_MEMFD_CREATE 1
| #define HAVE_SHM_OPEN 1
| #define HAVE_GETCWD 1
| #define HAVE_MEMSET 1
| #define HAVE_STRCASECMP 1
| #define HAVE_STRCASESTR 1
| #define HAVE_STRERROR 1
| #define HAVE_STRFTIME 1
| #define HAVE_STRNLEN 1
| #define HAVE_STRPBRK 1
| #define HAVE_STRSTR 1
| #define HAVE_STRTOD 1
| #define HAVE_STRTOL 1
| #define HAVE_STRTOUL 1
| #define HAVE_STRTOLL 1
| #define HAVE_STRTOULL 1
| #define HAVE_STRTOUMAX 1
| #define HAVE_DPRINTF 1
| #define HAVE_STRDUP 1
| #define HAVE_STRLCPY 1
| #define HAVE_REALLOCARRAY 1
| #define HAVE_DECL_AUDIT_USER_TTY 1
| #define HAVE_DECL_CONFSTR 1
| #define HAVE_DECL_PRINTF 1
| #define HAVE_DECL_BRK 1
| #define HAVE_DECL_SBRK 1
| #define HAVE_DECL_SETREGID 1
| #define HAVE_DECL_STRCPY 1
| #define HAVE_DECL_STRSIGNAL 1
| #define HAVE_SETRESUID 1
| #define HAVE_SETRESGID 1
| #define HAVE_DECL_STRTOLD 1
| #define HAVE_DECL_STRTOL 1
| #define HAVE_DECL_STRTOLL 1
| #define HAVE_DECL_STRTOUL 1
| #define HAVE_DECL_STRTOULL 1
| #define HAVE_DECL_STRTOUMAX 1
| #define HAVE_ARGZ_H 1
| #define HAVE_ERRNO_H 1
| #define HAVE_FCNTL_H 1
| #define HAVE_MALLOC_H 1
| #define HAVE_STDIO_EXT_H 1
| #define HAVE_MALLOC 1
| #define HAVE_MMAP 1
| #define HAVE___ARGZ_COUNT 1
| #define HAVE___ARGZ_NEXT 1
| #define HAVE___ARGZ_STRINGIFY 1
| #define HAVE_DCGETTEXT 1
| #define HAVE_MEMPCPY 1
| #define HAVE_MUNMAP 1
| #define HAVE_MREMAP 1
| #define HAVE_STPCPY 1
| #define HAVE_STRCSPN 1
| #define HAVE_WCTYPE_H 1
| #define HAVE_WCHAR_H 1
| #define HAVE_LANGINFO_H 1
| #define HAVE_MBRLEN 1
| #define HAVE_MBSNRTOWCS 1
| #define HAVE_MBSRTOWCS 1
| #define HAVE_WCRTOMB 1
| #define HAVE_WCSCOLL 1
| #define HAVE_WCSDUP 1
| #define HAVE_WCWIDTH 1
| #define HAVE_WCTYPE 1
| #define HAVE_WCSNRTOMBS 1
| #define HAVE_WCSWIDTH 1
| #define HAVE_MBRTOWC 1
| #define HAVE_MBSTATE_T 1
| #define HAVE_ISWLOWER 1
| #define HAVE_ISWUPPER 1
| #define HAVE_TOWLOWER 1
| #define HAVE_TOWUPPER 1
| #define HAVE_ISWCTYPE 1
| #define HAVE_WCHAR_T 1
| #define HAVE_WCTYPE_T 1
| #define HAVE_WINT_T 1
| #define SIZEOF_WCHAR_T 4
| #define HAVE_LIBDL 1
| #define HAVE_DLOPEN 1
| #define HAVE_DLCLOSE 1
| #define HAVE_DLSYM 1
| #define GETGROUPS_T gid_t
| #define HAVE_INTPTR_T 1
| #define HAVE_UINTPTR_T 1
| #define HAVE_LONG_LONG_INT 1
| #define HAVE_UNSIGNED_LONG_LONG_INT 1
| #define SIZEOF_CHAR 1
| #define SIZEOF_SHORT 2
| #define SIZEOF_INT 4
| #define SIZEOF_LONG 8
| #define SIZEOF_CHAR_P 8
| #define SIZEOF_SIZE_T 8
| #define SIZEOF_DOUBLE 8
| #define SIZEOF_LONG_LONG 8
| #define bits16_t short
| #define u_bits16_t unsigned short
| #define bits32_t int
| #define u_bits32_t unsigned int
| #define bits64_t char *
| #define HAVE_HASH_BANG_EXEC 1
| #define HAVE_POSIX_SIGNALS 1
| #define HAVE_SYS_ERRLIST 1
| #define HAVE_DECL_SYS_SIGLIST 0
| #define HAVE_SOCKLEN_T 1
| #define HAVE_QUAD_T 1
| #define RLIMTYPE rlim_t
| #define HAVE_INTMAX_T 1
| #define HAVE_UINTMAX_T 1
| #define SIZEOF_INTMAX_T 8
| #define TERMIOS_LDISC 1
| #define TERMIO_LDISC 1
| #define HAVE_STRUCT_DIRENT_D_INO 1
| #define HAVE_STRUCT_DIRENT_D_FILENO 1
| #define HAVE_STRUCT_DIRENT_D_TYPE 1
| #define STRUCT_WINSIZE_IN_SYS_IOCTL 1
| #define HAVE_TIMEVAL 1
| #define HAVE_STRUCT_STAT_ST_BLOCKS 1
| #define HAVE_STRUCT_TM_TM_ZONE 1
| #define HAVE_TM_ZONE 1
| #define HAVE_STRUCT_TIMEZONE 1
| #define WEXITSTATUS_OFFSET 8
| #define HAVE_STRUCT_TIMESPEC 1
| #define TIME_H_DEFINES_STRUCT_TIMESPEC 1
| #define HAVE_STRUCT_STAT_ST_ATIM_TV_NSEC 1
| #define TYPEOF_STRUCT_STAT_ST_ATIM_IS_STRUCT_TIMESPEC 1
| #define HAVE_SBRK 1
| #define HAVE_BRK 1
| #define HAVE_STRSIGNAL 1
| #define ULIMIT_MAXFDS 1
| #define HAVE_DECL_FPURGE 0
| #define CAN_REDEFINE_GETENV 1
| #define HAVE_GETCWD 1
| #define HAVE_POSIX_SIGSETJMP 1
| #define HAVE_STRTOIMAX 1
| #define HAVE_DECL_STRTOIMAX 1
| #define HAVE_DECL_CLEARERR_UNLOCKED 1
| #define HAVE_DECL_FEOF_UNLOCKED 1
| #define HAVE_DECL_FERROR_UNLOCKED 1
| #define HAVE_DECL_FFLUSH_UNLOCKED 1
| #define HAVE_DECL_FGETS_UNLOCKED 1
| #define HAVE_DECL_FPUTC_UNLOCKED 1
| #define HAVE_DECL_FPUTS_UNLOCKED 1
| #define HAVE_DECL_FREAD_UNLOCKED 1
| #define HAVE_DECL_FWRITE_UNLOCKED 1
| #define HAVE_DECL_GETC_UNLOCKED 1
| #define HAVE_DECL_GETCHAR_UNLOCKED 1
| #define HAVE_DECL_PUTC_UNLOCKED 1
| #define HAVE_DECL_PUTCHAR_UNLOCKED 1
| #define HAVE_STD_PUTENV 1
| #define HAVE_STD_UNSETENV 1
| #define HAVE_PRINTF_A_FORMAT 1
| #define FNMATCH_EQUIV_FALLBACK 1
| #define GWINSZ_IN_SYS_IOCTL 1
| #define FIONREAD_IN_SYS_IOCTL 1
| #define HAVE_GETPW_DECLS 1
| /* end confdefs.h.  */
| /* Define tgetent to an innocuous variant, in case <limits.h> declares tgetent.
|    For example, HP-UX 11i <limits.h> declares gettimeofday.  */
| #define tgetent innocuous_tgetent
| 
| /* System header to define __stub macros and hopefully few prototypes,
|    which can conflict with char tgetent (); below.  */
| 
| #include <limits.h>
| #undef tgetent
| 
| /* Override any GCC internal prototype to avoid an error.
|    Use char because int might match the return type of a GCC
|    builtin and then its argument prototype would still apply.  */
| #ifdef __cplusplus
| extern "C"
| #endif
| char tgetent ();
| /* The GNU C library defines this for functions which it implements
|     to always fail with ENOSYS.  Some functions are actually named
|     something starting with __ and the normal name is an alias.  */
| #if defined __stub_tgetent || defined __stub___tgetent
| choke me
| #endif
| 
| int
| main (void)
| {
| return tgetent ();
|   ;
|   return 0;
| }
configure:22020: result: no
configure:22025: checking for tgetent in -ltermcap
configure:22048: gcc -o conftest -g -O2   conftest.c -ltermcap  -ldl  >&5
configure:22048: $? = 0
configure:22058: result: yes
configure:22236: checking which library has the termcap functions
configure:22239: result: using libtermcap
configure:22273: checking whether /dev/fd is available
configure:22300: result: standard
configure:22319: checking whether /dev/stdin stdout stderr are available
configure:22333: result: present
configure:22340: checking for default mail directory
configure:22360: result: /var/mail
configure:22467: checking shared object configuration for loadable builtins
configure:22477: result: supported
configure:22677: creating ./config.status

## ---------------------- ##
## Running config.status. ##
## ---------------------- ##

This file was extended by bash config.status 5.3-release, which was
generated by GNU Autoconf 2.71.  Invocation command line was

  CONFIG_FILES    = 
  CONFIG_HEADERS  = 
  CONFIG_LINKS    = 
  CONFIG_COMMANDS = 
  $ ./config.status 

on b7112100b1bf

config.status:1387: creating Makefile
config.status:1387: creating builtins/Makefile
config.status:1387: creating lib/readline/Makefile
config.status:1387: creating lib/glob/Makefile
config.status:1387: creating lib/intl/Makefile
config.status:1387: creating lib/malloc/Makefile
config.status:1387: creating lib/sh/Makefile
config.status:1387: creating lib/termcap/Makefile
config.status:1387: creating lib/tilde/Makefile
config.status:1387: creating doc/Makefile
config.status:1387: creating support/Makefile
config.status:1387: creating po/Makefile.in
config.status:1387: creating examples/loadables/Makefile
config.status:1387: creating examples/loadables/Makefile.inc
config.status:1387: creating examples/loadables/Makefile.sample
config.status:1387: creating examples/loadables/perl/Makefile
config.status:1387: creating support/bash.pc
config.status:1387: creating support/bashbug.sh
config.status:1387: creating config.h
config.status:1387: creating buildconf.h
config.status:1582: executing po-directories commands
config.status:1582: executing stamp-h commands

## ---------------- ##
## Cache variables. ##
## ---------------- ##

ac_cv_build=x86_64-pc-linux-gnu
ac_cv_c_bigendian=no
ac_cv_c_char_unsigned=no
ac_cv_c_compiler_gnu=yes
ac_cv_c_const=yes
ac_cv_c_flexmember=yes
ac_cv_c_inline=inline
ac_cv_c_restrict=__restrict__
ac_cv_c_stringize=yes
ac_cv_c_undeclared_builtin_options='none needed'
ac_cv_c_volatile=yes
ac_cv_env_CC_FOR_BUILD_set=
ac_cv_env_CC_FOR_BUILD_value=
ac_cv_env_CC_set=
ac_cv_env_CC_value=
ac_cv_env_CFLAGS_FOR_BUILD_set=
ac_cv_env_CFLAGS_FOR_BUILD_value=
ac_cv_env_CFLAGS_set=
ac_cv_env_CFLAGS_value=
ac_cv_env_CPPFLAGS_FOR_BUILD_set=
ac_cv_env_CPPFLAGS_FOR_BUILD_value=
ac_cv_env_CPPFLAGS_set=
ac_cv_env_CPPFLAGS_value=
ac_cv_env_CPP_set=
ac_cv_env_CPP_value=
ac_cv_env_DEBUGGER_START_FILE_set=
ac_cv_env_DEBUGGER_START_FILE_value=
ac_cv_env_LDFLAGS_FOR_BUILD_set=
ac_cv_env_LDFLAGS_FOR_BUILD_value=
ac_cv_env_LDFLAGS_set=
ac_cv_env_LDFLAGS_value=
ac_cv_env_LIBS_set=
ac_cv_env_LIBS_value=
ac_cv_env_YACC_set=
ac_cv_env_YACC_value=
ac_cv_env_YFLAGS_set=
ac_cv_env_YFLAGS_value=
ac_cv_env_build_alias_set=
ac_cv_env_build_alias_value=
ac_cv_env_host_alias_set=
ac_cv_env_host_alias_value=
ac_cv_env_target_alias_set=
ac_cv_env_target_alias_value=
ac_cv_func___argz_count=yes
ac_cv_func___argz_next=yes
ac_cv_func___argz_stringify=yes
ac_cv_func___fpurge=yes
ac_cv_func___fsetlocking=yes
ac_cv_func___setostype=no
ac_cv_func_alarm=yes
ac_cv_func_alloca_works=yes
ac_cv_func_arc4random=yes
ac_cv_func_asprintf=yes
ac_cv_func_bcopy=yes
ac_cv_func_brk=yes
ac_cv_func_bzero=yes
ac_cv_func_chown_works=yes
ac_cv_func_clock_gettime=yes
ac_cv_func_confstr=yes
ac_cv_func_dcgettext=yes
ac_cv_func_dlclose=yes
ac_cv_func_dlopen=yes
ac_cv_func_dlsym=yes
ac_cv_func_dprintf=yes
ac_cv_func_dup2=yes
ac_cv_func_eaccess=yes
ac_cv_func_faccessat=yes
ac_cv_func_fcntl=yes
ac_cv_func_fnmatch=yes
ac_cv_func_fpurge=no
ac_cv_func_getaddrinfo=yes
ac_cv_func_getcwd=yes
ac_cv_func_getdtablesize=yes
ac_cv_func_getegid=yes
ac_cv_func_getentropy=yes
ac_cv_func_geteuid=yes
ac_cv_func_getgid=yes
ac_cv_func_getgroups=yes
ac_cv_func_gethostbyname=yes
ac_cv_func_gethostname=yes
ac_cv_func_getlocalename_l=no
ac_cv_func_getpagesize=yes
ac_cv_func_getpeername=yes
ac_cv_func_getpgrp_void=yes
ac_cv_func_getpwent=yes
ac_cv_func_getpwnam=yes
ac_cv_func_getpwuid=yes
ac_cv_func_getrandom=yes
ac_cv_func_getrlimit=yes
ac_cv_func_getrusage=yes
ac_cv_func_getservbyname=yes
ac_cv_func_getservent=yes
ac_cv_func_gettimeofday=yes
ac_cv_func_getuid=yes
ac_cv_func_imaxdiv=yes
ac_cv_func_inet_aton=yes
ac_cv_func_isascii=yes
ac_cv_func_isblank=yes
ac_cv_func_isgraph=yes
ac_cv_func_isprint=yes
ac_cv_func_isspace=yes
ac_cv_func_iswctype=yes
ac_cv_func_iswlower=yes
ac_cv_func_iswupper=yes
ac_cv_func_isxdigit=yes
ac_cv_func_kill=yes
ac_cv_func_killpg=yes
ac_cv_func_locale_charset=no
ac_cv_func_localeconv=yes
ac_cv_func_lstat=yes
ac_cv_func_mbrlen=yes
ac_cv_func_mbrtowc=yes
ac_cv_func_mbscasecmp=no
ac_cv_func_mbschr=no
ac_cv_func_mbscmp=no
ac_cv_func_mbsncmp=no
ac_cv_func_mbsnrtowcs=yes
ac_cv_func_mbsrtowcs=yes
ac_cv_func_memfd_create=yes
ac_cv_func_memmove=yes
ac_cv_func_mempcpy=yes
ac_cv_func_memset=yes
ac_cv_func_mkdtemp=yes
ac_cv_func_mkfifo=yes
ac_cv_func_mkstemp=yes
ac_cv_func_mmap_fixed_mapped=yes
ac_cv_func_mremap=yes
ac_cv_func_munmap=yes
ac_cv_func_nanosleep=yes
ac_cv_func_newlocale=yes
ac_cv_func_pathconf=yes
ac_cv_func_pselect=yes
ac_cv_func_putenv=yes
ac_cv_func_raise=yes
ac_cv_func_random=yes
ac_cv_func_readlink=yes
ac_cv_func_reallocarray=yes
ac_cv_func_regcomp=yes
ac_cv_func_regexec=yes
ac_cv_func_rename=yes
ac_cv_func_sbrk=yes
ac_cv_func_select=yes
ac_cv_func_setdtablesize=no
ac_cv_func_setenv=yes
ac_cv_func_setitimer=yes
ac_cv_func_setlinebuf=yes
ac_cv_func_setlocale=yes
ac_cv_func_setresgid=yes
ac_cv_func_setresuid=yes
ac_cv_func_setvbuf=yes
ac_cv_func_shm_mkstemp=no
ac_cv_func_shm_open=yes
ac_cv_func_siginterrupt=yes
ac_cv_func_snprintf=yes
ac_cv_func_statfs=yes
ac_cv_func_stpcpy=yes
ac_cv_func_strcasecmp=yes
ac_cv_func_strcasestr=yes
ac_cv_func_strchr=yes
ac_cv_func_strcoll_works=yes
ac_cv_func_strcspn=yes
ac_cv_func_strdup=yes
ac_cv_func_strerror=yes
ac_cv_func_strftime=yes
ac_cv_func_strlcat=yes
ac_cv_func_strlcpy=yes
ac_cv_func_strnlen=yes
ac_cv_func_strpbrk=yes
ac_cv_func_strstr=yes
ac_cv_func_strtod=yes
ac_cv_func_strtoimax=yes
ac_cv_func_strtol=yes
ac_cv_func_strtoll=yes
ac_cv_func_strtoul=yes
ac_cv_func_strtoull=yes
ac_cv_func_strtoumax=yes
ac_cv_func_symlink=yes
ac_cv_func_sysconf=yes
ac_cv_func_syslog=yes
ac_cv_func_tcgetattr=yes
ac_cv_func_tcgetpgrp=yes
ac_cv_func_tcgetwinsize=no
ac_cv_func_tcsetwinsize=no
ac_cv_func_tgetent=no
ac_cv_func_times=yes
ac_cv_func_towlower=yes
ac_cv_func_towupper=yes
ac_cv_func_tsearch=yes
ac_cv_func_ttyname=yes
ac_cv_func_tzset=yes
ac_cv_func_ulimit=yes
ac_cv_func_uname=yes
ac_cv_func_unsetenv=yes
ac_cv_func_uselocale=yes
ac_cv_func_vasprintf=yes
ac_cv_func_vprintf=yes
ac_cv_func_vsnprintf=yes
ac_cv_func_wait3=yes
ac_cv_func_waitpid=yes
ac_cv_func_wcrtomb=yes
ac_cv_func_wcscoll=yes
ac_cv_func_wcsdup=yes
ac_cv_func_wcslen=yes
ac_cv_func_wcsnlen=yes
ac_cv_func_wcsnrtombs=yes
ac_cv_func_wcswidth=yes
ac_cv_func_wctype=yes
ac_cv_func_wcwidth=yes
ac_cv_func_working_mktime=yes
ac_cv_func_wprintf=yes
ac_cv_gnu_library_2=yes
ac_cv_have_decl_AUDIT_USER_TTY=yes
ac_cv_have_decl__snprintf=no
ac_cv_have_decl__snwprintf=no
ac_cv_have_decl_brk=yes
ac_cv_have_decl_clearerr_unlocked=yes
ac_cv_have_decl_confstr=yes
ac_cv_have_decl_feof_unlocked=yes
ac_cv_have_decl_ferror_unlocked=yes
ac_cv_have_decl_fflush_unlocked=yes
ac_cv_have_decl_fgets_unlocked=yes
ac_cv_have_decl_fpurge=no
ac_cv_have_decl_fputc_unlocked=yes
ac_cv_have_decl_fputs_unlocked=yes
ac_cv_have_decl_fread_unlocked=yes
ac_cv_have_decl_fwrite_unlocked=yes
ac_cv_have_decl_getc_unlocked=yes
ac_cv_have_decl_getchar_unlocked=yes
ac_cv_have_decl_printf=yes
ac_cv_have_decl_putc_unlocked=yes
ac_cv_have_decl_putchar_unlocked=yes
ac_cv_have_decl_sbrk=yes
ac_cv_have_decl_setregid=yes
ac_cv_have_decl_strcpy=yes
ac_cv_have_decl_strsignal=yes
ac_cv_have_decl_strtoimax=yes
ac_cv_have_decl_strtol=yes
ac_cv_have_decl_strtold=yes
ac_cv_have_decl_strtoll=yes
ac_cv_have_decl_strtoul=yes
ac_cv_have_decl_strtoull=yes
ac_cv_have_decl_strtoumax=yes
ac_cv_have_decl_sys_siglist=no
ac_cv_have_sig_atomic_t=yes
ac_cv_header_argz_h=yes
ac_cv_header_arpa_inet_h=yes
ac_cv_header_dirent_dirent_h=yes
ac_cv_header_dlfcn_h=yes
ac_cv_header_errno_h=yes
ac_cv_header_fcntl_h=yes
ac_cv_header_features_h=yes
ac_cv_header_grp_h=yes
ac_cv_header_inttypes_h=yes
ac_cv_header_langinfo_h=yes
ac_cv_header_libaudit_h=no
ac_cv_header_limits_h=yes
ac_cv_header_locale_h=yes
ac_cv_header_malloc_h=yes
ac_cv_header_mbstr_h=no
ac_cv_header_memory_h=yes
ac_cv_header_minix_config_h=no
ac_cv_header_netdb_h=yes
ac_cv_header_netinet_in_h=yes
ac_cv_header_pthread_h=yes
ac_cv_header_pwd_h=yes
ac_cv_header_regex_h=yes
ac_cv_header_stat_broken=no
ac_cv_header_stdbool_h=yes
ac_cv_header_stdckdint_h=no
ac_cv_header_stddef_h=yes
ac_cv_header_stdint_h=yes
ac_cv_header_stdio_ext_h=yes
ac_cv_header_stdio_h=yes
ac_cv_header_stdlib_h=yes
ac_cv_header_string_h=yes
ac_cv_header_strings_h=yes
ac_cv_header_sys_file_h=yes
ac_cv_header_sys_ioctl_h=yes
ac_cv_header_sys_mkdev_h=no
ac_cv_header_sys_mman_h=yes
ac_cv_header_sys_param_h=yes
ac_cv_header_sys_pte_h=no
ac_cv_header_sys_ptem_h=no
ac_cv_header_sys_random_h=yes
ac_cv_header_sys_resource_h=yes
ac_cv_header_sys_select_h=yes
ac_cv_header_sys_socket_h=yes
ac_cv_header_sys_stat_h=yes
ac_cv_header_sys_stream_h=no
ac_cv_header_sys_sysmacros_h=yes
ac_cv_header_sys_time_h=yes
ac_cv_header_sys_times_h=yes
ac_cv_header_sys_types_h=yes
ac_cv_header_sys_wait_h=yes
ac_cv_header_syslog_h=yes
ac_cv_header_termcap_h=yes
ac_cv_header_termio_h=yes
ac_cv_header_termios_h=yes
ac_cv_header_threads_h=yes
ac_cv_header_ulimit_h=yes
ac_cv_header_unistd_h=yes
ac_cv_header_varargs_h=no
ac_cv_header_wchar_h=yes
ac_cv_header_wctype_h=yes
ac_cv_header_xlocale_h=no
ac_cv_host=x86_64-pc-linux-gnu
ac_cv_lib_dl_dlopen=yes
ac_cv_lib_pthread_pthread_kill=yes
ac_cv_lib_termcap_tgetent=yes
ac_cv_member_struct_dirent_d_fileno=yes
ac_cv_member_struct_dirent_d_ino=yes
ac_cv_member_struct_dirent_d_namlen=no
ac_cv_member_struct_stat_st_atim_tv_nsec=yes
ac_cv_member_struct_stat_st_blocks=yes
ac_cv_member_struct_termio_c_line=yes
ac_cv_member_struct_termios_c_line=yes
ac_cv_member_struct_tm_tm_zone=yes
ac_cv_objext=o
ac_cv_path_EGREP='/usr/bin/grep -E'
ac_cv_path_GMSGFMT=/usr/bin/msgfmt
ac_cv_path_GREP=/usr/bin/grep
ac_cv_path_MSGFMT=/usr/bin/msgfmt
ac_cv_path_MSGMERGE=/usr/bin/msgmerge
ac_cv_path_SED=/usr/bin/sed
ac_cv_path_XGETTEXT=/usr/bin/xgettext
ac_cv_path_install='/usr/bin/install -c'
ac_cv_path_mkdir=/usr/bin/mkdir
ac_cv_prog_CPP='gcc -E'
ac_cv_prog_ac_ct_AR=ar
ac_cv_prog_ac_ct_CC=gcc
ac_cv_prog_ac_ct_RANLIB=ranlib
ac_cv_prog_ac_ct_STRIP=strip
ac_cv_prog_cc_c11=
ac_cv_prog_cc_g=yes
ac_cv_prog_cc_stdc=
ac_cv_prog_make_make_set=yes
ac_cv_safe_to_define___extensions__=yes
ac_cv_search_opendir='none required'
ac_cv_should_define__xopen_source=no
ac_cv_sizeof_char=1
ac_cv_sizeof_char_p=8
ac_cv_sizeof_double=8
ac_cv_sizeof_int=4
ac_cv_sizeof_intmax_t=8
ac_cv_sizeof_long=8
ac_cv_sizeof_long_long=8
ac_cv_sizeof_short=2
ac_cv_sizeof_size_t=8
ac_cv_sizeof_wchar_t=4
ac_cv_struct_tm=time.h
ac_cv_sys_file_offset_bits=no
ac_cv_sys_interpreter=yes
ac_cv_sys_largefile_CC=no
ac_cv_sys_tiocgwinsz_in_sys_ioctl_h=yes
ac_cv_sys_tiocgwinsz_in_termios_h=no
ac_cv_type_bits16_t=no
ac_cv_type_bits32_t=no
ac_cv_type_bits64_t=no
ac_cv_type_getgroups=gid_t
ac_cv_type_intmax_t=yes
ac_cv_type_intptr_t=yes
ac_cv_type_long_double=yes
ac_cv_type_long_long_int=yes
ac_cv_type_mode_t=yes
ac_cv_type_off_t=yes
ac_cv_type_pid_t=yes
ac_cv_type_pthread_rwlock_t=yes
ac_cv_type_ptrdiff_t=yes
ac_cv_type_quad_t=yes
ac_cv_type_size_t=yes
ac_cv_type_ssize_t=yes
ac_cv_type_time_t=yes
ac_cv_type_u_bits16_t=no
ac_cv_type_u_bits32_t=no
ac_cv_type_uid_t=yes
ac_cv_type_uintmax_t=yes
ac_cv_type_uintptr_t=yes
ac_cv_type_unsigned_long_long_int=yes
ac_cv_typeof_struct_stat_st_atim_is_struct_timespec=yes
ac_cv_working_alloca_h=yes
acl_cv_hardcode_direct=no
acl_cv_hardcode_libdir_flag_spec='${wl}-rpath ${wl}$libdir'
acl_cv_hardcode_libdir_separator=
acl_cv_hardcode_minus_L=no
acl_cv_libdirstems=lib,lib,lib64
acl_cv_libext=a
acl_cv_libname_spec='lib$name'
acl_cv_library_names_spec='$libname$shrext'
acl_cv_path_LD=/usr/bin/ld
acl_cv_prog_gnu_ld=yes
acl_cv_rpath=done
acl_cv_shlibext=so
acl_cv_wl=-Wl,
am_cv_func_iconv=yes
am_cv_func_iconv_works=yes
am_cv_langinfo_codeset=yes
am_cv_lib_iconv=no
bash_cv_decl_under_sys_siglist=no
bash_cv_dev_fd=standard
bash_cv_dev_stdin=present
bash_cv_dup2_broken=no
bash_cv_fionread_in_ioctl=yes
bash_cv_fnmatch_equiv_fallback=yes
bash_cv_fnmatch_equiv_value=1
bash_cv_func_brk=yes
bash_cv_func_sbrk=yes
bash_cv_func_sigsetjmp=present
bash_cv_func_snprintf=yes
bash_cv_func_strchrnul_works=yes
bash_cv_func_strcoll_broken=no
bash_cv_func_vsnprintf=yes
bash_cv_getcwd_malloc=yes
bash_cv_getenv_redef=yes
bash_cv_getpw_declared=yes
bash_cv_have_strsignal=yes
bash_cv_job_control_missing=present
bash_cv_mail_dir=/var/mail
bash_cv_must_reinstall_sighandlers=no
bash_cv_opendir_not_robust=no
bash_cv_pgrp_pipe=no
bash_cv_posix_signals=yes
bash_cv_printf_a_format=yes
bash_cv_signal_vintage=posix
bash_cv_speed_t_in_sys_types=no
bash_cv_std_putenv=yes
bash_cv_std_unsetenv=yes
bash_cv_strtold_broken=no
bash_cv_struct_timeval=yes
bash_cv_struct_timezone=yes
bash_cv_struct_winsize_header=ioctl_h
bash_cv_struct_winsize_ioctl=yes
bash_cv_struct_winsize_termios=no
bash_cv_sys_errlist=yes
bash_cv_sys_named_pipes=present
bash_cv_sys_siglist=no
bash_cv_sys_struct_timespec_in_time_h=yes
bash_cv_termcap_lib=libtermcap
bash_cv_tiocstat_in_ioctl=no
bash_cv_type_clock_t=yes
bash_cv_type_rlimit=rlim_t
bash_cv_type_sigset_t=yes
bash_cv_type_socklen_t=yes
bash_cv_type_wchar_t=yes
bash_cv_type_wctype_t=yes
bash_cv_type_wint_t=yes
bash_cv_ulimit_maxfds=yes
bash_cv_under_sys_siglist=no
bash_cv_unusable_rtsigs=no
bash_cv_wcontinued_broken=no
bash_cv_wcwidth_broken=no
bash_cv_wexitstatus_offset=8
gl_cv_c_bool=no
gl_cv_cc_vis_werror=yes
gl_cv_cc_visibility=yes
gl_cv_elf=yes
gl_cv_have_weak=yes
gl_cv_header_inttypes_h=yes
gl_cv_header_stdint_h=yes
gl_cv_header_working_fcntl_h=no
gl_cv_host_cpu_c_abi_32bit=no
gl_cv_iconv_nonconst=yes
gl_cv_pthread_rwlock_rdlock_prefer_writer=no
gl_cv_size_max=yes
gl_cv_struct_dirent_d_type=yes
gl_cv_type_wint_t_large_enough=yes
gt_cv_c_intmax_t=yes
gt_cv_c_wchar_t=yes
gt_cv_c_wint_t=yes
gt_cv_func_CFLocaleCopyPreferredLanguages=no
gt_cv_func_CFPreferencesCopyAppValue=no
gt_cv_func_gnugettext2_libc=yes
gt_cv_func_printf_posix=yes
gt_cv_func_uselocale_works=yes
gt_cv_int_divbyzero_sigfpe=yes
gt_cv_locale_fake=no
gt_cv_locale_solaris114=no
gt_cv_val_LC_MESSAGES=yes
nls_cv_force_use_gnu_gettext=no
nls_cv_use_gnu_gettext=no

## ----------------- ##
## Output variables. ##
## ----------------- ##

ALLOCA=''
AR='ar'
ARFLAGS='cr'
ARRAY_O='array.o'
BASHVERS='5.3'
BUILD_DIR='/root/boiler/example_repos/bash/before'
BUILD_INCLUDED_LIBINTL='yes'
CATOBJEXT='.gmo'
CC='gcc'
CC_FOR_BUILD='$(CC)'
CFLAGS='-g -O2'
CFLAGS_FOR_BUILD='-g -O2'
CFLAG_VISIBILITY='-fvisibility=hidden'
CPP='gcc -E'
CPPFLAGS=''
CPPFLAGS_FOR_BUILD=''
CROSS_COMPILE=''
DEBUG=''
DEBUGGER_START_FILE='${datadir}/bashdb/bashdb-main.inc'
DEFS='-DHAVE_CONFIG_H'
ECHO_C=''
ECHO_N='-n'
ECHO_T=''
EGREP='/usr/bin/grep -E'
ENHANCE_LOCALE_FUNCS='0'
EXEEXT=''
GETTEXT_MACRO_VERSION='0.20'
GLIBC2='yes'
GMSGFMT='/usr/bin/msgfmt'
GMSGFMT_015='/usr/bin/msgfmt'
GNULIBHEADERS_OVERRIDE_WINT_T='0'
GREP='/usr/bin/grep'
HAVE_ASPRINTF='1'
HAVE_DUPLOCALE='1'
HAVE_FREELOCALE='1'
HAVE_NEWLOCALE='1'
HAVE_POSIX_PRINTF='1'
HAVE_SNPRINTF='1'
HAVE_VISIBILITY='1'
HAVE_WPRINTF='1'
HELPDIR=''
HELPDIRDEFINE=''
HELPFILES_TARGET=''
HELPINSTALL=''
HELPSTRINGS=''
HISTORY_DEP='$(HISTORY_LIBRARY)'
HISTORY_LIB='-lhistory'
HIST_INCLUDEDIR='$(HIST_LIBDIR)'
HIST_LIBDIR='$(dot)/$(LIBSUBDIR)/readline'
INSTALL_DATA='${INSTALL} -m 644'
INSTALL_PROGRAM='${INSTALL}'
INSTALL_SCRIPT='${INSTALL}'
INSTALL_STRIP_PROGRAM='$(install_sh) -c -s'
INTLBISON=':'
INTLLIBS=''
INTL_DEFAULT_VERBOSITY='1'
INTL_DEP=''
INTL_INC=''
INTL_MACOSX_LIBS=''
JOBS_O='jobs.o'
LDFLAGS=''
LDFLAGS_FOR_BUILD='$(LDFLAGS)'
LIBICONV=''
LIBINTL=''
LIBINTL_H=''
LIBMULTITHREAD=''
LIBOBJS=' ${LIBOBJDIR}mbschr$U.o'
LIBPMULTITHREAD=''
LIBPTHREAD=''
LIBS='-ldl '
LIBSTDTHREAD=''
LIBS_FOR_BUILD='$(LIBS)'
LIBTHREAD=''
LIB_SCHED_YIELD=''
LOCALENAME_ENHANCE_LOCALE_FUNCS='0'
LOCAL_CFLAGS=''
LOCAL_DEFS='-DSHELL'
LOCAL_LDFLAGS='-rdynamic'
LOCAL_LIBS=''
LTLIBICONV=''
LTLIBINTL=''
LTLIBMULTITHREAD=''
LTLIBOBJS=' ${LIBOBJDIR}mbschr$U.lo'
LTLIBTHREAD=''
MAKE_SHELL='/bin/sh'
MALLOC_DEBUG=''
MALLOC_DEP='$(MALLOC_LIBRARY)'
MALLOC_LDFLAGS='-L$(ALLOC_LIBDIR)'
MALLOC_LIB='-lmalloc'
MALLOC_LIBRARY='$(ALLOC_LIBDIR)/libmalloc.a'
MALLOC_SRC='malloc.c'
MALLOC_TARGET='malloc'
MKDIR_P='/usr/bin/mkdir -p'
MSGFMT='/usr/bin/msgfmt'
MSGMERGE='/usr/bin/msgmerge'
MSGMERGE_FOR_MSGFMT_OPTION='--for-msgfmt'
OBJEXT='o'
PACKAGE_BUGREPORT='bug-bash@gnu.org'
PACKAGE_NAME='bash'
PACKAGE_STRING='bash 5.3-release'
PACKAGE_TARNAME='bash'
PACKAGE_URL=''
PACKAGE_VERSION='5.3-release'
PATH_SEPARATOR=':'
POSUB='po'
PROFILE_FLAGS=''
PTHREAD_H_DEFINES_STRUCT_TIMESPEC='0'
RANLIB='ranlib'
READLINE_DEP='$(READLINE_LIBRARY)'
READLINE_LIB='-lreadline'
RELSTATUS='release'
REPLACE_DUPLOCALE='0'
REPLACE_FREELOCALE='0'
REPLACE_LOCALECONV='0'
REPLACE_NEWLOCALE='0'
REPLACE_SETLOCALE='0'
REPLACE_STRUCT_LCONV='0'
RL_INCLUDE=''
RL_INCLUDEDIR='$(RL_LIBDIR)'
RL_LIBDIR='$(dot)/$(LIBSUBDIR)/readline'
RL_MAJOR=''
RL_MINOR=''
RL_VERSION=''
SED='/usr/bin/sed'
SET_MAKE=''
SHELL='/bin/bash'
SHOBJ_CC='gcc'
SHOBJ_CFLAGS='-fPIC'
SHOBJ_LD='${CC}'
SHOBJ_LDFLAGS='-shared -Wl,-soname,$@'
SHOBJ_LIBS=''
SHOBJ_STATUS='supported'
SHOBJ_XLDFLAGS=''
SIGLIST_O=''
SIGNAMES_H='lsignames.h'
SIGNAMES_O=''
SIZE='size'
STATIC_LD=''
STDCKDINT_H='${BUILD_DIR}/stdckdint.h'
STRIP='strip'
STYLE_CFLAGS='-Wno-parentheses -Wno-format-security'
SYS_TIME_H_DEFINES_STRUCT_TIMESPEC='0'
TERMCAP_DEP=''
TERMCAP_LIB='-ltermcap'
TESTSCRIPT='run-all'
TILDE_LIB='-ltilde'
TIME_H_DEFINES_STRUCT_TIMESPEC='1'
USE_INCLUDED_LIBINTL='no'
USE_NLS='yes'
WINDRES=''
WOE32='no'
WOE32DLL='no'
XGETTEXT='/usr/bin/xgettext'
XGETTEXT_015='/usr/bin/xgettext'
XGETTEXT_EXTRA_OPTIONS=''
YACC='yacc'
YFLAGS=''
ac_ct_CC='gcc'
bindir='${exec_prefix}/bin'
build='x86_64-pc-linux-gnu'
build_alias=''
build_cpu='x86_64'
build_os='linux-gnu'
build_vendor='pc'
datadir='${datarootdir}'
datarootdir='${prefix}/share'
docdir='${datarootdir}/doc/${PACKAGE_TARNAME}'
dvidir='${docdir}'
exec_prefix='${prefix}'
headersdir='$(includedir)/$(PACKAGE_NAME)'
host='x86_64-pc-linux-gnu'
host_alias=''
host_cpu='x86_64'
host_os='linux-gnu'
host_vendor='pc'
htmldir='${docdir}'
incdir=''
includedir='${prefix}/include'
infodir='${datarootdir}/info'
install_sh='${SHELL} /root/boiler/example_repos/bash/before/support/install-sh'
libdir='${exec_prefix}/lib'
libexecdir='${exec_prefix}/libexec'
loadablesdir='${libdir}/bash'
localedir='${datarootdir}/locale'
localstatedir='${prefix}/var'
mandir='${datarootdir}/man'
oldincludedir='/usr/include'
pdfdir='${docdir}'
prefix='/usr/local'
program_transform_name='s,x,x,'
psdir='${docdir}'
runstatedir='${localstatedir}/run'
sbindir='${exec_prefix}/sbin'
sharedstatedir='${prefix}/com'
sysconfdir='${prefix}/etc'
target_alias=''

## ----------- ##
## confdefs.h. ##
## ----------- ##

/* confdefs.h */
#define PACKAGE_NAME "bash"
#define PACKAGE_TARNAME "bash"
#define PACKAGE_VERSION "5.3-release"
#define PACKAGE_STRING "bash 5.3-release"
#define PACKAGE_BUGREPORT "bug-bash@gnu.org"
#define PACKAGE_URL ""
#define USING_BASH_MALLOC 1
#define ALIAS 1
#define PUSHD_AND_POPD 1
#define RESTRICTED_SHELL 1
#define PROCESS_SUBSTITUTION 1
#define PROMPT_STRING_DECODE 1
#define SELECT_COMMAND 1
#define HELP_BUILTIN 1
#define ARRAY_VARS 1
#define DPAREN_ARITHMETIC 1
#define BRACE_EXPANSION 1
#define COMMAND_TIMING 1
#define EXTENDED_GLOB 1
#define EXTGLOB_DEFAULT 0
#define COND_COMMAND 1
#define COND_REGEXP 1
#define COPROCESS_SUPPORT 1
#define ARITH_FOR_COMMAND 1
#define NETWORK_REDIRECTIONS 1
#define PROGRAMMABLE_COMPLETION 1
#define DEBUGGER 1
#define CASEMOD_ATTRS 1
#define CASEMOD_EXPANSIONS 1
#define GLOBASCII_DEFAULT 1
#define FUNCTION_IMPORT 1
#define TRANSLATABLE_STRINGS 1
#define BASH_SOURCE_FULLPATH_DEFAULT 0
#define MEMSCRAMBLE 1
#define HAVE_STDIO_H 1
#define HAVE_STDLIB_H 1
#define HAVE_STRING_H 1
#define HAVE_INTTYPES_H 1
#define HAVE_STDINT_H 1
#define HAVE_STRINGS_H 1
#define HAVE_SYS_STAT_H 1
#define HAVE_SYS_TYPES_H 1
#define HAVE_UNISTD_H 1
#define HAVE_WCHAR_H 1
#define HAVE_STDBOOL_H 1
#define HAVE_SYS_PARAM_H 1
#define HAVE_THREADS_H 1
#define HAVE_SYS_TIME_H 1
#define STDC_HEADERS 1
#define _ALL_SOURCE 1
#define _DARWIN_C_SOURCE 1
#define _GNU_SOURCE 1
#define _HPUX_ALT_XOPEN_SOCKET_API 1
#define _NETBSD_SOURCE 1
#define _OPENBSD_SOURCE 1
#define _POSIX_PTHREAD_SEMANTICS 1
#define __STDC_WANT_IEC_60559_ATTRIBS_EXT__ 1
#define __STDC_WANT_IEC_60559_BFP_EXT__ 1
#define __STDC_WANT_IEC_60559_DFP_EXT__ 1
#define __STDC_WANT_IEC_60559_FUNCS_EXT__ 1
#define __STDC_WANT_IEC_60559_TYPES_EXT__ 1
#define __STDC_WANT_LIB_EXT2__ 1
#define __STDC_WANT_MATH_SPEC_FUNCS__ 1
#define _TANDEM_SOURCE 1
#define __EXTENSIONS__ 1
#define READLINE 1
#define HISTORY 1
#define BANG_HISTORY 1
#define HAVE_STRINGIZE 1
#define HAVE_LONG_DOUBLE 1
#define restrict __restrict__
#define HAVE_VISIBILITY 1
#define HAVE_STDINT_H_WITH_UINTMAX 1
#define HAVE_ALLOCA_H 1
#define HAVE_ALLOCA 1
#define HAVE_GETPAGESIZE 1
#define HAVE_SYMLINK 1
#define HAVE_USELOCALE 1
#define HAVE_VPRINTF 1
#define HAVE_ALARM 1
#define HAVE___FPURGE 1
#define HAVE_SNPRINTF 1
#define HAVE_VSNPRINTF 1
#define HAVE_MMAP 1
#define INTDIV0_RAISES_SIGFPE 1
#define HAVE_INTTYPES_H_WITH_UINTMAX 1
#define HAVE_UNSIGNED_LONG_LONG_INT 1
#define HAVE_UINTMAX_T 1
#define HAVE_WEAK_SYMBOLS 1
#define HAVE_PTHREAD_API 1
#define USE_POSIX_THREADS 1
#define USE_POSIX_THREADS_FROM_LIBC 1
#define HAVE_PTHREAD_RWLOCK 1
#define HAVE_PTHREAD_MUTEX_RECURSIVE 1
#define HAVE_ICONV 1
#define ICONV_CONST 
#define HAVE_BUILTIN_EXPECT 1
#define HAVE_INTTYPES_H 1
#define HAVE_UNISTD_H 1
#define HAVE_SYS_PARAM_H 1
#define HAVE_GETCWD 1
#define HAVE_GETEGID 1
#define HAVE_GETEUID 1
#define HAVE_GETGID 1
#define HAVE_GETUID 1
#define HAVE_MEMPCPY 1
#define HAVE_MUNMAP 1
#define HAVE_STPCPY 1
#define HAVE_STRCASECMP 1
#define HAVE_TSEARCH 1
#define HAVE___FSETLOCKING 1
#define HAVE_DECL_FEOF_UNLOCKED 1
#define HAVE_DECL_FGETS_UNLOCKED 1
#define HAVE_LOCALECONV 1
#define HAVE_LONG_LONG_INT 1
#define HAVE_WCHAR_T 1
#define HAVE_WINT_T 1
#define HAVE_INTMAX_T 1
#define HAVE_POSIX_PRINTF 1
#define HAVE_STDINT_H 1
#define HAVE_STDINT_H 1
#define HAVE_WORKING_O_NOATIME 0
#define HAVE_WORKING_O_NOFOLLOW 0
#define HAVE_WORKING_USELOCALE 1
#define HAVE_GOOD_USELOCALE 1
#define FLEXIBLE_ARRAY_MEMBER /**/
#define HAVE_FEATURES_H 1
#define HAVE_STDDEF_H 1
#define HAVE_STDLIB_H 1
#define HAVE_STRING_H 1
#define HAVE_ASPRINTF 1
#define HAVE_WPRINTF 1
#define HAVE_NEWLOCALE 1
#define HAVE_PUTENV 1
#define HAVE_SETENV 1
#define HAVE_SNPRINTF 1
#define HAVE_STRNLEN 1
#define HAVE_USELOCALE 1
#define HAVE_WCSLEN 1
#define HAVE_WCSNLEN 1
#define HAVE_MBRTOWC 1
#define HAVE_WCRTOMB 1
#define HAVE_DECL__SNPRINTF 0
#define HAVE_DECL__SNWPRINTF 0
#define HAVE_DECL_GETC_UNLOCKED 1
#define HAVE_NL_LANGINFO 1
#define HAVE_LANGINFO_CODESET 1
#define HAVE_LC_MESSAGES 1
#define ENABLE_NLS 1
#define HAVE_GETTEXT 1
#define HAVE_DCGETTEXT 1
#define HAVE_DIRENT_H 1
#define MAJOR_IN_SYSMACROS 1
#define HAVE_INTTYPES_H 1
#define HAVE_UNISTD_H 1
#define HAVE_STDLIB_H 1
#define HAVE_LIMITS_H 1
#define HAVE_STRING_H 1
#define HAVE_MEMORY_H 1
#define HAVE_LOCALE_H 1
#define HAVE_TERMCAP_H 1
#define HAVE_TERMIO_H 1
#define HAVE_TERMIOS_H 1
#define HAVE_DLFCN_H 1
#define HAVE_STDDEF_H 1
#define HAVE_STDINT_H 1
#define HAVE_NETDB_H 1
#define HAVE_PWD_H 1
#define HAVE_GRP_H 1
#define HAVE_STRINGS_H 1
#define HAVE_REGEX_H 1
#define HAVE_SYSLOG_H 1
#define HAVE_ULIMIT_H 1
#define HAVE_SYS_SELECT_H 1
#define HAVE_SYS_FILE_H 1
#define HAVE_SYS_IOCTL_H 1
#define HAVE_SYS_MMAN_H 1
#define HAVE_SYS_PARAM_H 1
#define HAVE_SYS_RANDOM_H 1
#define HAVE_SYS_SOCKET_H 1
#define HAVE_SYS_STAT_H 1
#define HAVE_SYS_TIME_H 1
#define HAVE_SYS_TIMES_H 1
#define HAVE_SYS_TYPES_H 1
#define HAVE_SYS_WAIT_H 1
#define HAVE_NETINET_IN_H 1
#define HAVE_ARPA_INET_H 1
#define HAVE_SYS_RESOURCE_H 1
#define HAVE_ALLOCA_H 1
#define HAVE_ALLOCA 1
#define HAVE_CHOWN 1
#define GETPGRP_VOID 1
#define HAVE_STRCOLL 1
#define HAVE_WAIT3 1
#define HAVE_MKFIFO 1
#define HAVE_DUP2 1
#define HAVE_EACCESS 1
#define HAVE_FCNTL 1
#define HAVE_GETDTABLESIZE 1
#define HAVE_GETENTROPY 1
#define HAVE_GETGROUPS 1
#define HAVE_GETHOSTNAME 1
#define HAVE_GETPAGESIZE 1
#define HAVE_GETPEERNAME 1
#define HAVE_GETRANDOM 1
#define HAVE_GETRLIMIT 1
#define HAVE_GETRUSAGE 1
#define HAVE_GETTIMEOFDAY 1
#define HAVE_KILL 1
#define HAVE_KILLPG 1
#define HAVE_LSTAT 1
#define HAVE_NANOSLEEP 1
#define HAVE_PSELECT 1
#define HAVE_READLINK 1
#define HAVE_SELECT 1
#define HAVE_SETITIMER 1
#define HAVE_STATFS 1
#define HAVE_TCGETPGRP 1
#define HAVE_UNAME 1
#define HAVE_ULIMIT 1
#define HAVE_WAITPID 1
#define HAVE_RENAME 1
#define HAVE_BCOPY 1
#define HAVE_BZERO 1
#define HAVE_CLOCK_GETTIME 1
#define HAVE_CONFSTR 1
#define HAVE_FACCESSAT 1
#define HAVE_FNMATCH 1
#define HAVE_GETADDRINFO 1
#define HAVE_GETHOSTBYNAME 1
#define HAVE_GETSERVBYNAME 1
#define HAVE_GETSERVENT 1
#define HAVE_INET_ATON 1
#define HAVE_IMAXDIV 1
#define HAVE_MEMMOVE 1
#define HAVE_PATHCONF 1
#define HAVE_PUTENV 1
#define HAVE_RAISE 1
#define HAVE_RANDOM 1
#define HAVE_REGCOMP 1
#define HAVE_REGEXEC 1
#define HAVE_SETENV 1
#define HAVE_SETLINEBUF 1
#define HAVE_SETLOCALE 1
#define HAVE_SETVBUF 1
#define HAVE_SIGINTERRUPT 1
#define HAVE_STRCHR 1
#define HAVE_SYSCONF 1
#define HAVE_SYSLOG 1
#define HAVE_TCGETATTR 1
#define HAVE_TIMES 1
#define HAVE_TTYNAME 1
#define HAVE_TZSET 1
#define HAVE_UNSETENV 1
#define HAVE_VASPRINTF 1
#define HAVE_ASPRINTF 1
#define HAVE_ISASCII 1
#define HAVE_ISBLANK 1
#define HAVE_ISGRAPH 1
#define HAVE_ISPRINT 1
#define HAVE_ISSPACE 1
#define HAVE_ISXDIGIT 1
#define HAVE_GETPWENT 1
#define HAVE_GETPWNAM 1
#define HAVE_GETPWUID 1
#define HAVE_MKSTEMP 1
#define HAVE_MKDTEMP 1
#define HAVE_ARC4RANDOM 1
#define HAVE_STRLCAT 1
#define HAVE_MEMFD_CREATE 1
#define HAVE_SHM_OPEN 1
#define HAVE_GETCWD 1
#define HAVE_MEMSET 1
#define HAVE_STRCASECMP 1
#define HAVE_STRCASESTR 1
#define HAVE_STRERROR 1
#define HAVE_STRFTIME 1
#define HAVE_STRNLEN 1
#define HAVE_STRPBRK 1
#define HAVE_STRSTR 1
#define HAVE_STRTOD 1
#define HAVE_STRTOL 1
#define HAVE_STRTOUL 1
#define HAVE_STRTOLL 1
#define HAVE_STRTOULL 1
#define HAVE_STRTOUMAX 1
#define HAVE_DPRINTF 1
#define HAVE_STRDUP 1
#define HAVE_STRLCPY 1
#define HAVE_REALLOCARRAY 1
#define HAVE_DECL_AUDIT_USER_TTY 1
#define HAVE_DECL_CONFSTR 1
#define HAVE_DECL_PRINTF 1
#define HAVE_DECL_BRK 1
#define HAVE_DECL_SBRK 1
#define HAVE_DECL_SETREGID 1
#define HAVE_DECL_STRCPY 1
#define HAVE_DECL_STRSIGNAL 1
#define HAVE_SETRESUID 1
#define HAVE_SETRESGID 1
#define HAVE_DECL_STRTOLD 1
#define HAVE_DECL_STRTOL 1
#define HAVE_DECL_STRTOLL 1
#define HAVE_DECL_STRTOUL 1
#define HAVE_DECL_STRTOULL 1
#define HAVE_DECL_STRTOUMAX 1
#define HAVE_ARGZ_H 1
#define HAVE_ERRNO_H 1
#define HAVE_FCNTL_H 1
#define HAVE_MALLOC_H 1
#define HAVE_STDIO_EXT_H 1
#define HAVE_MALLOC 1
#define HAVE_MMAP 1
#define HAVE___ARGZ_COUNT 1
#define HAVE___ARGZ_NEXT 1
#define HAVE___ARGZ_STRINGIFY 1
#define HAVE_DCGETTEXT 1
#define HAVE_MEMPCPY 1
#define HAVE_MUNMAP 1
#define HAVE_MREMAP 1
#define HAVE_STPCPY 1
#define HAVE_STRCSPN 1
#define HAVE_WCTYPE_H 1
#define HAVE_WCHAR_H 1
#define HAVE_LANGINFO_H 1
#define HAVE_MBRLEN 1
#define HAVE_MBSNRTOWCS 1
#define HAVE_MBSRTOWCS 1
#define HAVE_WCRTOMB 1
#define HAVE_WCSCOLL 1
#define HAVE_WCSDUP 1
#define HAVE_WCWIDTH 1
#define HAVE_WCTYPE 1
#define HAVE_WCSNRTOMBS 1
#define HAVE_WCSWIDTH 1
#define HAVE_MBRTOWC 1
#define HAVE_MBSTATE_T 1
#define HAVE_ISWLOWER 1
#define HAVE_ISWUPPER 1
#define HAVE_TOWLOWER 1
#define HAVE_TOWUPPER 1
#define HAVE_ISWCTYPE 1
#define HAVE_WCHAR_T 1
#define HAVE_WCTYPE_T 1
#define HAVE_WINT_T 1
#define SIZEOF_WCHAR_T 4
#define HAVE_LIBDL 1
#define HAVE_DLOPEN 1
#define HAVE_DLCLOSE 1
#define HAVE_DLSYM 1
#define GETGROUPS_T gid_t
#define HAVE_INTPTR_T 1
#define HAVE_UINTPTR_T 1
#define HAVE_LONG_LONG_INT 1
#define HAVE_UNSIGNED_LONG_LONG_INT 1
#define SIZEOF_CHAR 1
#define SIZEOF_SHORT 2
#define SIZEOF_INT 4
#define SIZEOF_LONG 8
#define SIZEOF_CHAR_P 8
#define SIZEOF_SIZE_T 8
#define SIZEOF_DOUBLE 8
#define SIZEOF_LONG_LONG 8
#define bits16_t short
#define u_bits16_t unsigned short
#define bits32_t int
#define u_bits32_t unsigned int
#define bits64_t char *
#define HAVE_HASH_BANG_EXEC 1
#define HAVE_POSIX_SIGNALS 1
#define HAVE_SYS_ERRLIST 1
#define HAVE_DECL_SYS_SIGLIST 0
#define HAVE_SOCKLEN_T 1
#define HAVE_QUAD_T 1
#define RLIMTYPE rlim_t
#define HAVE_INTMAX_T 1
#define HAVE_UINTMAX_T 1
#define SIZEOF_INTMAX_T 8
#define TERMIOS_LDISC 1
#define TERMIO_LDISC 1
#define HAVE_STRUCT_DIRENT_D_INO 1
#define HAVE_STRUCT_DIRENT_D_FILENO 1
#define HAVE_STRUCT_DIRENT_D_TYPE 1
#define STRUCT_WINSIZE_IN_SYS_IOCTL 1
#define HAVE_TIMEVAL 1
#define HAVE_STRUCT_STAT_ST_BLOCKS 1
#define HAVE_STRUCT_TM_TM_ZONE 1
#define HAVE_TM_ZONE 1
#define HAVE_STRUCT_TIMEZONE 1
#define WEXITSTATUS_OFFSET 8
#define HAVE_STRUCT_TIMESPEC 1
#define TIME_H_DEFINES_STRUCT_TIMESPEC 1
#define HAVE_STRUCT_STAT_ST_ATIM_TV_NSEC 1
#define TYPEOF_STRUCT_STAT_ST_ATIM_IS_STRUCT_TIMESPEC 1
#define HAVE_SBRK 1
#define HAVE_BRK 1
#define HAVE_STRSIGNAL 1
#define ULIMIT_MAXFDS 1
#define HAVE_DECL_FPURGE 0
#define CAN_REDEFINE_GETENV 1
#define HAVE_GETCWD 1
#define HAVE_POSIX_SIGSETJMP 1
#define HAVE_STRTOIMAX 1
#define HAVE_DECL_STRTOIMAX 1
#define HAVE_DECL_CLEARERR_UNLOCKED 1
#define HAVE_DECL_FEOF_UNLOCKED 1
#define HAVE_DECL_FERROR_UNLOCKED 1
#define HAVE_DECL_FFLUSH_UNLOCKED 1
#define HAVE_DECL_FGETS_UNLOCKED 1
#define HAVE_DECL_FPUTC_UNLOCKED 1
#define HAVE_DECL_FPUTS_UNLOCKED 1
#define HAVE_DECL_FREAD_UNLOCKED 1
#define HAVE_DECL_FWRITE_UNLOCKED 1
#define HAVE_DECL_GETC_UNLOCKED 1
#define HAVE_DECL_GETCHAR_UNLOCKED 1
#define HAVE_DECL_PUTC_UNLOCKED 1
#define HAVE_DECL_PUTCHAR_UNLOCKED 1
#define HAVE_STD_PUTENV 1
#define HAVE_STD_UNSETENV 1
#define HAVE_PRINTF_A_FORMAT 1
#define FNMATCH_EQUIV_FALLBACK 1
#define GWINSZ_IN_SYS_IOCTL 1
#define FIONREAD_IN_SYS_IOCTL 1
#define HAVE_GETPW_DECLS 1
#define HAVE_DEV_FD 1
#define DEV_FD_PREFIX "/dev/fd/"
#define HAVE_DEV_STDIN 1
#define DEFAULT_MAIL_DIRECTORY "/var/mail"
#define JOB_CONTROL 1
#define PGRP_PIPE 1

configure: exit 0
